group,panel,cip_res,cro_res,nda_res,cost_with_test_mean,cost_with_test_lower,cost_with_test_upper,cost_without_test_mean,cost_without_test_lower,cost_without_test_upper,cost_with_test_mean_ng,cost_with_test_lower_ng,cost_with_test_upper_ng,cost_without_test_mean_ng,cost_without_test_lower_ng,cost_without_test_upper_ng,,,,cost_with_test_ng_init_visit_mean,cost_with_test_ng_init_visit_lower,cost_with_test_ng_init_visit_upper,cost_with_test_ng_init_diag_mean,cost_with_test_ng_init_diag_lower,cost_with_test_ng_init_diag_upper,cost_with_test_ng_cip_mean,cost_with_test_ng_cip_lower,cost_with_test_ng_cip_upper,cost_with_test_ng_cro_mean,cost_with_test_ng_cro_lower,cost_with_test_ng_cro_upper,cost_with_test_ng_nda_mean,cost_with_test_ng_nda_lower,cost_with_test_ng_nda_upper,cost_with_test_ng_follow_visit_mean,cost_with_test_ng_follow_visit_lower,cost_with_test_ng_follow_visit_upper,cost_with_test_ng_follow_diag_mean,cost_with_test_ng_follow_diag_lower,cost_with_test_ng_follow_diag_upper,cost_with_test_ng_follow_drugs_mean,cost_with_test_ng_follow_drugs_lower,cost_with_test_ng_follow_drugs_upper,cost_with_test_ng_partner_total_mean,cost_with_test_ng_partner_total_lower,cost_with_test_ng_partner_total_upper,cost_with_test_ng_complications_mean,cost_with_test_ng_complications_lower,cost_with_test_ng_complications_upper,cost_without_test_ng_init_visit_mean,cost_without_test_ng_init_visit_lower,cost_without_test_ng_init_visit_upper,cost_without_test_ng_init_diag_mean,cost_without_test_ng_init_diag_lower,cost_without_test_ng_init_diag_upper,cost_without_test_ng_cip_mean,cost_without_test_ng_cip_lower,cost_without_test_ng_cip_upper,cost_without_test_ng_cro_mean,cost_without_test_ng_cro_lower,cost_without_test_ng_cro_upper,cost_without_test_ng_nda_mean,cost_without_test_ng_nda_lower,cost_without_test_ng_nda_upper,cost_without_test_ng_follow_visit_mean,cost_without_test_ng_follow_visit_lower,cost_without_test_ng_follow_visit_upper,cost_without_test_ng_follow_diag_mean,cost_without_test_ng_follow_diag_lower,cost_without_test_ng_follow_diag_upper,cost_without_test_ng_follow_drugs_mean,cost_without_test_ng_follow_drugs_lower,cost_without_test_ng_follow_drugs_upper,cost_without_test_ng_partner_total_mean,cost_without_test_ng_partner_total_lower,cost_without_test_ng_partner_total_upper,cost_without_test_ng_complications_mean,cost_without_test_ng_complications_lower,cost_without_test_ng_complications_upper,strategy
MSM,cip,0.1,0,0.05,303.3068788,301.5215447,305.7075167,303.3188518,301.523772,305.7416263,360.3983477,321.2633815,414.2233351,360.7649663,321.0987872,413.2118082,0.366618546,-0.164594228,-1.011526898,167.1,167.1,167.1,133.49,133.49,133.49,0.484486967,0.195557065,0.792578496,0.121486333,0.098192563,0.145319026,0,0,0,0.064440924,0,0.281952848,0.079704332,0,0.348735895,5.71E-04,0,0.002500141,54.43905714,18.17222965,102.6492178,58.82125762,19.51734196,112.4572893,167.1,167.1,167.1,133.49,133.49,133.49,0,0,0,1.043282141,0.985858612,1.084948676,0,0,0,0,0,0,0,0,0,0,0,0,54.56762866,17.88522827,103.1826862,58.81597614,19.08822413,111.3561204,CIP
MSM,cip,0.1,0.025,0.05,303.3515059,301.5844694,305.6570099,303.6650951,301.8593442,305.9786597,361.4107298,322.539821,410.7524179,368.3816286,328.5953379,418.2586635,6.970898719,6.055516942,7.50624561,167.1,167.1,167.1,133.49,133.49,133.49,0.493291114,0.193664914,0.785318708,0.121870085,0.099324916,0.145576238,0,0,0,0.284950845,0,0.717816481,0.352443996,0,0.887837719,0.08543314,0,0.230725923,54.93884236,18.93084145,100.4375571,59.0318104,19.68306723,108.2699986,167.1,167.1,167.1,133.49,133.49,133.49,0,0,0,1.044630109,0.984549911,1.087358881,0,0,0,1.810851655,0.713581865,3.013167844,2.239768028,0.882600097,3.726863535,0.723299111,0.285022314,1.203534049,56.81340413,20.68914619,102.1123757,59.9971517,20.35540143,109.4516305,CIP
MSM,cip,0.1,0.05,0.05,303.3500572,301.6068556,305.7382098,303.9370178,302.0865936,306.4926433,361.3297697,323.0714145,413.4711715,374.3956526,334.398222,428.1744149,13.06588292,11.3268075,14.70324349,167.1,167.1,167.1,133.49,133.49,133.49,0.479280959,0.19089089,0.784322784,0.121925953,0.09999592,0.145608016,0,0,0,0.485804695,0,1.087339848,0.600871872,0,1.344885993,0.166506487,0,0.395500387,54.13646631,19.15900096,103.3123214,58.27964965,20.01030333,110.341636,167.1,167.1,167.1,133.49,133.49,133.49,0,0,0,1.042392503,0.979256983,1.086927663,0,0,0,3.573973835,1.784169236,5.738557923,4.420501428,2.206765639,7.097786573,1.427533885,0.71264149,2.292122513,57.38906361,22.63848718,107.2377088,59.80446321,20.72624316,113.4619307,CIP
MSM,cip,0.1,0.075,0.05,303.3548185,301.6165746,305.8349638,304.2156051,302.3825671,306.6520601,361.4659549,323.0622507,413.9548901,380.6338775,340.1582795,433.2751575,19.16792262,17.09602879,19.32026736,167.1,167.1,167.1,133.49,133.49,133.49,0.490623062,0.188812822,0.790614399,0.12147355,0.098171741,0.145829238,0,0,0,0.683200933,0.134014968,1.392591619,0.84502317,0.165757609,1.722439371,0.246856061,0.05324672,0.525747157,53.81269996,18.76383103,102.28405,57.71500994,19.23794407,110.0985606,167.1,167.1,167.1,133.49,133.49,133.49,0,0,0,1.043844917,0.981927354,1.087703371,0,0,0,5.37974453,2.708222027,8.188452212,6.653985026,3.34968858,10.12796019,2.148803535,1.081731118,3.270671118,58.41235853,23.49391683,105.7224324,59.81770587,19.90597303,114.6395246,CIP
MSM,cip,0.1,0.1,0.05,303.4393918,301.6347794,305.9599391,304.5989176,302.7014163,307.1717486,363.229096,323.5784977,418.8819103,388.8765938,346.928387,444.555415,25.64749782,23.34988933,25.67350472,167.1,167.1,167.1,133.49,133.49,133.49,0.484781389,0.193841822,0.783999314,0.122901045,0.100462626,0.149117083,0,0,0,0.916226997,0.254037438,1.769138118,1.133243537,0.314208472,2.188174268,0.338995069,0.057010919,0.674068134,54.97331731,19.09646639,106.7516131,58.67490924,19.92509656,114.8178808,167.1,167.1,167.1,133.49,133.49,133.49,0,0,0,1.045976099,0.98941497,1.084547752,0,0,0,7.201325429,3.758051365,10.65434552,8.907023616,4.648179365,13.17792233,2.876388173,1.501059021,4.255610131,61.21547448,25.48998337,109.8985457,61.63025984,21.78303092,118.5196443,CIP
MSM,cip,0.1,0.125,0.05,303.4978191,301.6069667,306.0118036,304.9410351,302.8364441,307.7018018,364.6722132,322.6887302,418.4214006,396.3722898,350.4814667,453.4893615,31.70007666,27.79273651,35.06796092,167.1,167.1,167.1,133.49,133.49,133.49,0.485173201,0.193329379,0.785643734,0.121965935,0.096728065,0.146028535,0,0,0,1.146489591,0.282223113,2.105163104,1.418045881,0.349070176,2.60378977,0.434325312,0.111725615,0.805709052,55.45706619,17.37595558,105.3363269,59.30429788,17.72113613,114.260218,167.1,167.1,167.1,133.49,133.49,133.49,0,0,0,1.042731858,0.985431308,1.086522855,0,0,0,8.906666339,5.040645561,12.82267746,11.01628974,6.234567441,15.85984304,3.557543673,2.013358987,5.121695743,63.19310755,24.44556044,113.5663786,63.11944012,19.58993515,122.2126175,CIP
MSM,cip,0.1,0.15,0.05,303.5069358,301.7357458,305.9227505,305.2310116,303.1053242,307.870118,364.752702,325.777935,418.3794947,402.7709313,356.7223078,458.1484375,38.01822936,30.94437276,39.76894284,167.1,167.1,167.1,133.49,133.49,133.49,0.492244078,0.190962981,0.788089162,0.122981843,0.09876788,0.146931332,0,0,0,1.300171288,0.417719208,2.359465117,1.608128459,0.51665973,2.918325484,0.497097213,0.163349769,0.917238539,55.13128739,20.40540312,103.8473442,58.78737103,19.90276715,112.2068375,167.1,167.1,167.1,133.49,133.49,133.49,0,0,0,1.04416952,0.985003278,1.088724301,0,0,0,10.67721967,5.926434767,15.39293937,13.20621443,7.330163725,19.03889442,4.264746635,2.367165189,6.148322165,64.34502171,27.62399529,112.9035609,63.31359571,21.61840693,119.641463,CIP
MSM,cip,0.3,0,0.05,303.3756084,301.6110191,305.7308669,303.3555577,301.6069129,305.6542447,361.8355403,323.1784769,412.6262665,361.4628306,322.7732933,411.0685489,-0.372709679,-0.405183594,-1.557717601,167.1,167.1,167.1,133.49,133.49,133.49,0.380397155,0.146282636,0.6172979,0.325310638,0.286929388,0.364304755,0,0,0,0.216446228,0,0.654213111,0.267713449,0,0.809169325,0.001919279,0,0.005801059,55.34297943,19.79634859,102.4752555,59.68438783,21.09521624,110.3257039,167.1,167.1,167.1,133.49,133.49,133.49,0,0,0,1.043749798,0.983539589,1.085427948,0,0,0,0,0,0,0,0,0,0,0,0,55.23831171,19.65749245,102.2164865,59.51733042,20.78812977,109.2207751,CIP
MSM,cip,0.3,0.025,0.05,303.4634254,301.6383485,305.8163864,303.6739143,301.8603144,306.1034368,363.8379887,323.6536698,417.8714629,368.5099591,328.2572319,422.0601553,4.671970424,4.603562087,4.188692482,167.1,167.1,167.1,133.49,133.49,133.49,0.380673582,0.146140118,0.615801135,0.324646175,0.288615944,0.360913398,0,0,0,0.779467524,0.138465809,1.589926595,0.964091362,0.171262672,1.966514896,0.231274503,0.053171975,0.504682551,55.69783779,18.94002575,104.8078465,59.68451965,19.33259473,113.8105857,167.1,167.1,167.1,133.49,133.49,133.49,0,0,0,1.043739073,0.984059838,1.086508557,0,0,0,1.830892708,0.671530573,3.076116471,2.264555983,0.830588581,3.804722106,0.731304005,0.268225984,1.228677293,56.81480594,20.39372762,106.3573908,60.14422989,19.79849754,115.6227384,CIP
MSM,cip,0.3,0.05,0.05,303.4671474,301.728357,305.918005,303.9069333,302.1068331,306.2559506,363.9100665,325.6692248,416.5269609,373.5670148,333.3715164,426.2770498,9.656948385,7.702291535,9.750088883,167.1,167.1,167.1,133.49,133.49,133.49,0.378447736,0.149360309,0.616394594,0.324044322,0.287721471,0.360344814,0,0,0,1.321392213,0.428662052,2.372618203,1.63437575,0.530194484,2.934593996,0.448736588,0.115949059,0.859503645,54.25444662,20.14404438,103.0781112,57.88145449,20.59130433,110.6093679,167.1,167.1,167.1,133.49,133.49,133.49,0,0,0,1.04308204,0.9822117,1.085509043,0,0,0,3.63529452,1.678019325,5.623172594,4.496346466,2.075473175,6.9550712,1.452026889,0.670242581,2.246034748,56.56255507,21.6186481,103.3554466,58.88709885,21.1566724,111.2996943,CIP
MSM,cip,0.3,0.075,0.05,303.6506419,301.8489408,306.1679305,304.3079468,302.4468853,306.782921,368.0143382,328.4033114,421.4541309,382.4079207,342.3350245,437.4270951,14.39358246,13.93171308,15.97296414,167.1,167.1,167.1,133.49,133.49,133.49,0.371479476,0.146641236,0.607854589,0.324897732,0.286772319,0.362301989,0,0,0,1.866614479,0.799745241,3.185600293,2.308738774,0.989172037,3.940138148,0.663247322,0.270584424,1.155816626,56.71338577,21.01744695,105.0829037,60.08951734,20.39804437,114.7533894,167.1,167.1,167.1,133.49,133.49,133.49,0,0,0,1.045342534,0.983371764,1.087676841,0,0,0,5.322611212,2.660276595,8.170074474,6.583319172,3.290386844,10.10522952,2.125983069,1.062580522,3.263330594,60.19277341,24.58755988,107.7924626,61.73911597,21.41466723,117.0783037,CIP
MSM,cip,0.3,0.1,0.05,303.7383836,301.9120985,306.2844702,304.6136336,302.6567522,307.4190966,370.0262892,329.8560954,426.2801411,389.2167859,346.5151367,449.4400926,19.19049672,16.65904132,23.15995149,167.1,167.1,167.1,133.49,133.49,133.49,0.380257586,0.150541922,0.620006381,0.325196491,0.287379672,0.360750752,0,0,0,2.451691288,0.987836208,3.967932818,3.032396246,1.221814029,4.907773113,0.904921448,0.353811058,1.484644676,56.89017454,20.34059529,108.4590164,59.94727717,19.30701727,116.1377088,167.1,167.1,167.1,133.49,133.49,133.49,0,0,0,1.043030805,0.982280693,1.084909851,0,0,0,7.114716057,3.612155677,10.39817858,8.799900041,4.467726981,12.86107996,2.841794239,1.442784661,4.153290692,61.52148593,24.23169983,114.4826871,62.24412206,20.09782723,121.4567891,CIP
MSM,cip,0.3,0.125,0.05,303.8446628,301.9958027,306.2894893,304.9569714,302.9921996,307.4432733,372.1808917,331.3412971,426.145872,396.8119891,353.4911536,452.2266121,24.63109732,22.14985645,26.08074011,167.1,167.1,167.1,133.49,133.49,133.49,0.373892976,0.147852273,0.620124615,0.3241417,0.285389969,0.357523064,0,0,0,2.996199928,1.410997701,4.8147478,3.705876617,1.745205097,5.955163779,1.11999654,0.530804301,1.787393896,57.42898474,20.49956371,106.801702,60.20389252,20.75867931,114.9450634,167.1,167.1,167.1,133.49,133.49,133.49,0,0,0,1.04381007,0.982642908,1.086940151,0,0,0,8.993880832,5.136431518,12.79392466,11.12416176,6.353041156,15.82427988,3.592379306,2.051618277,5.11021116,63.45399528,27.1606119,110.7259594,63.13925848,22.18365852,118.878502,CIP
MSM,cip,0.3,0.15,0.05,303.9970878,302.1828549,306.4753065,305.3286652,303.3255858,307.8882465,375.6745224,336.4194533,427.3998569,405.1150285,361.629252,459.7779729,29.44050614,25.20979864,32.37811605,167.1,167.1,167.1,133.49,133.49,133.49,0.382122437,0.14684294,0.617143663,0.32485677,0.289714242,0.361682364,0,0,0,3.554479309,1.634559304,5.572671748,4.396389451,2.02171926,6.892608778,1.347193014,0.606767717,2.133294734,59.07122081,23.36333745,105.33362,61.78597401,22.00574511,112.8585066,167.1,167.1,167.1,133.49,133.49,133.49,0,0,0,1.04393102,0.98825772,1.086701869,0,0,0,10.75407827,5.857262314,15.17013262,13.30127767,7.244607159,18.76331389,4.295445865,2.339535994,6.059327616,66.28121946,30.26389262,111.6615006,65.43490039,23.71967323,118.9743423,CIP
MSM,cip,0.5,0,0.05,303.3166593,301.5437442,305.7003195,303.2681176,301.5063252,305.6410898,360.6717998,321.6665329,413.509651,359.6373945,320.965177,413.2665039,-1.034405323,-0.701355917,-0.243147083,167.1,167.1,167.1,133.49,133.49,133.49,0.267458618,0.104692911,0.44122475,0.52558658,0.481304724,0.571283761,0,0,0,0.363787525,0,0.906963804,0.449953847,0,1.121786274,0.003225788,0,0.008042258,53.76821298,17.71061676,103.366124,57.96629323,18.98340531,110.7872976,167.1,167.1,167.1,133.49,133.49,133.49,0,0,0,1.041576473,0.979048662,1.085044559,0,0,0,0,0,0,0,0,0,0,0,0,53.4451205,17.93532917,103.9265851,57.69586292,18.95691948,111.4696132,CIP
MSM,cip,0.5,0.025,0.05,303.5227128,301.7697318,305.8723506,303.6387477,301.8430448,305.9279816,365.170545,326.1515795,416.5750669,367.7349412,328.4846429,418.5326732,2.564396167,2.33306342,1.95760621,167.1,167.1,167.1,133.49,133.49,133.49,0.273999281,0.103960905,0.442544149,0.527790042,0.479402683,0.569676749,0,0,0,1.274196951,0.393576115,2.283798656,1.576001868,0.486798129,2.824736747,0.36822672,0.106405297,0.708195168,55.55771244,20.12831166,101.0249784,59.30506131,20.0203524,109.7418552,167.1,167.1,167.1,133.49,133.49,133.49,0,0,0,1.043464485,0.977075299,1.084946619,0,0,0,1.793677367,0.702235757,3.06000884,2.218525857,0.868566563,3.784799238,0.716439274,0.280490397,1.222243505,56.19429966,21.16766532,102.9432408,59.49776608,20.41108612,111.2139157,CIP
MSM,cip,0.5,0.05,0.05,303.6731706,301.8228219,306.261091,303.9588951,302.1174786,306.6238866,368.492171,328.4188192,425.3451683,374.7755093,334.7220443,431.7101135,6.283338354,6.303225079,6.364945285,167.1,167.1,167.1,133.49,133.49,133.49,0.271286428,0.104602215,0.44252903,0.527212206,0.482036274,0.570927223,0,0,0,2.160708391,0.98675153,3.526520264,2.672491453,1.220472434,4.361808056,0.732407695,0.309872863,1.212016215,56.24284336,20.04157025,107.3290985,59.46250422,19.81763327,115.9107195,167.1,167.1,167.1,133.49,133.49,133.49,0,0,0,1.042875506,0.980050697,1.086660136,0,0,0,3.62775042,1.587865057,5.609565793,4.487015478,1.963965065,6.938241506,1.449013589,0.634232728,2.240599853,57.73533467,22.37847742,107.2600879,60.17306458,20.51997283,114.8436491,CIP
MSM,cip,0.5,0.075,0.05,303.8163893,301.9543191,306.2967796,304.2519723,302.3245337,306.9048985,371.6692205,330.7341488,428.1046676,381.1665428,339.3629092,437.4961162,9.497322261,8.628760413,9.391448615,167.1,167.1,167.1,133.49,133.49,133.49,0.268945971,0.106056515,0.442644254,0.526957669,0.479932669,0.571079508,0,0,0,3.034009412,1.345913304,4.771465552,3.752641615,1.66470488,5.901629744,1.0837123,0.452416603,1.742948136,56.77296217,19.8563656,108.0118872,59.49769105,18.44028434,115.7472576,167.1,167.1,167.1,133.49,133.49,133.49,0,0,0,1.043417505,0.981640646,1.086146022,0,0,0,5.341033807,2.724117609,8.005426983,6.606105323,3.369349172,9.901583798,2.133341511,1.088080208,3.197566298,58.95641053,22.15212884,109.1830723,60.55769832,18.44021373,116.6519949,CIP
MSM,cip,0.5,0.1,0.05,304.0443292,302.1827909,306.4582154,304.6589075,302.7059635,307.1642618,376.7186106,335.7338008,431.0703165,390.089604,347.1399201,445.2802443,13.37099344,11.40611931,14.20992784,167.1,167.1,167.1,133.49,133.49,133.49,0.275487782,0.104948894,0.437717222,0.527269441,0.478185497,0.571177389,0,0,0,4.001917554,2.011732903,6.130604442,4.949807437,2.488229792,7.582692808,1.47297789,0.722208494,2.267687704,58.82413393,22.1015638,106.2874156,61.18773985,20.43305778,115.910618,167.1,167.1,167.1,133.49,133.49,133.49,0,0,0,1.043636071,0.981550988,1.086624432,0,0,0,7.231343653,3.859797263,10.53052026,8.944151923,4.774024686,13.02476794,2.888378197,1.541698859,4.206151245,62.06166042,24.87916141,110.8711556,62.80615102,21.3183739,118.6479888,CIP
MSM,cip,0.5,0.125,0.05,304.1481548,302.2809576,306.6312934,304.91183,302.9158057,307.5291584,379.1225625,337.7554431,433.505881,395.7465011,352.1911874,450.826624,16.62393855,14.43574428,17.32074302,167.1,167.1,167.1,133.49,133.49,133.49,0.278472945,0.109024244,0.447111629,0.52726372,0.48474907,0.568938668,0,0,0,4.91469217,2.486563048,7.491872182,6.078780866,3.075527694,9.266388959,1.841753864,0.899386532,2.78397955,58.51178322,22.11335723,105.7726837,60.3686806,19.38990767,116.3741584,167.1,167.1,167.1,133.49,133.49,133.49,0,0,0,1.0440944,0.98268603,1.086078872,0,0,0,8.991000258,4.809055432,13.04081622,11.1205989,5.948123123,16.12964991,3.591228734,1.92085614,5.208825779,62.48742497,26.04984692,109.0488636,62.22668891,19.54721191,119.2938853,CIP
MSM,cip,0.5,0.15,0.05,304.3273213,302.4334499,306.8134143,305.2537586,303.2022686,307.9407484,382.8749998,340.89639,437.7976278,403.1078983,358.64806,460.3058602,20.23289853,17.75167005,22.50823237,167.1,167.1,167.1,133.49,133.49,133.49,0.269119519,0.109632305,0.442348076,0.527090589,0.482369515,0.57236246,0,0,0,5.744732771,2.962942236,8.683915669,7.105423989,3.664741544,10.74077858,2.174454795,1.131231217,3.300617685,59.70521657,24.15668983,107.4447848,61.25037622,22.03402611,116.5556093,167.1,167.1,167.1,133.49,133.49,133.49,0,0,0,1.04298771,0.981556743,1.086534916,0,0,0,10.68170727,5.933092755,15.54252938,13.21176495,7.338398716,19.22391616,4.266539092,2.369824555,6.208072129,64.55018202,28.35379314,111.8702071,63.72787083,22.91736608,120.8789507,CIP
MSM,cip,0.7,0,0.05,303.4022764,301.5773557,305.8535521,303.3280345,301.5233372,305.8812288,362.542009,322.7776409,416.7680352,360.9588314,320.9385291,414.8520592,-1.583177636,-1.839111803,-1.915976,167.1,167.1,167.1,133.49,133.49,133.49,0.166153881,0.06540218,0.274765563,0.730621254,0.680124905,0.777368755,0,0,0,0.508951011,0,1.110274708,0.629500599,0,1.37325318,0.004512986,0,0.009845063,55.27270414,18.75623253,106.4544257,59.26785138,19.2135152,113.3284322,167.1,167.1,167.1,133.49,133.49,133.49,0,0,0,1.043428887,0.983717627,1.084899407,0,0,0,0,0,0,0,0,0,0,0,0,54.81877492,17.9278613,105.324848,59.01063436,18.92046695,112.9389287,CIP
MSM,cip,0.7,0.025,0.05,303.5902113,301.8411546,306.0209499,303.6269201,301.8589628,306.079529,366.7716865,327.7527162,421.2665256,367.413112,328.5628168,421.3453587,0.641425494,0.810100641,0.078833041,167.1,167.1,167.1,133.49,133.49,133.49,0.161849669,0.064060871,0.271311106,0.730395021,0.678746316,0.776286654,0,0,0,1.771636156,0.696140919,3.033147005,2.191263989,0.861028108,3.751574939,0.517216834,0.168148478,0.940926518,55.60620875,20.27844557,104.5191977,59.06541876,19.12009259,112.5719364,167.1,167.1,167.1,133.49,133.49,133.49,0,0,0,1.043114788,0.980780899,1.086289254,0,0,0,1.790896258,0.693581537,3.050017298,2.215086017,0.857862514,3.772441111,0.71532843,0.277033686,1.218252635,55.79205002,19.54372536,104.846792,59.15931915,19.74205868,111.9641617,CIP
MSM,cip,0.7,0.05,0.05,303.8541347,302.0189911,306.406975,303.9812716,302.1411091,306.5363437,372.5410999,332.6918375,429.4143438,375.1827774,333.6538824,430.8762829,2.641677549,0.962044845,1.461939137,167.1,167.1,167.1,133.49,133.49,133.49,0.16733998,0.064989868,0.269686207,0.730003293,0.676620247,0.775893705,0,0,0,3.040613579,1.344324871,4.887855017,3.760810037,1.662740213,6.045587093,1.024727991,0.433931783,1.66286959,57.52833543,22.15809886,107.6757282,60.37497145,20.80156316,117.0220888,167.1,167.1,167.1,133.49,133.49,133.49,0,0,0,1.042548594,0.975602528,1.084251126,0,0,0,3.56283664,1.72735454,5.500315803,4.40672629,2.136493876,6.803114681,1.423085413,0.68994829,2.196962695,58.13881377,22.64124679,108.2084875,60.71909793,20.58279858,117.7613787,CIP
MSM,cip,0.7,0.075,0.05,304.1054429,302.2311053,306.5267375,304.3396282,302.4676608,306.8495396,378.0652903,337.4558691,431.3456472,383.1782878,342.522527,437.6173466,5.112997567,5.066657899,6.271699336,167.1,167.1,167.1,133.49,133.49,133.49,0.166224857,0.065068794,0.274948532,0.729210742,0.679403817,0.775077094,0,0,0,4.287329317,2.037782379,6.441874045,5.302821522,2.520449319,7.967689395,1.529069578,0.732675509,2.332168142,59.31352693,23.75131802,106.6622707,61.57277569,21.12711583,116.0055527,167.1,167.1,167.1,133.49,133.49,133.49,0,0,0,1.043794793,0.984242212,1.085002676,0,0,0,5.432769595,2.783061319,8.160824252,6.719569551,3.442254226,10.0937883,2.169983062,1.111623789,3.259635825,60.59006794,24.25258649,108.9316505,62.16892294,21.20381345,117.556921,CIP
MSM,cip,0.7,0.1,0.05,304.2961015,302.3936296,306.826409,304.62942,302.6680717,307.267748,382.3308787,340.9204884,438.8939596,389.4128136,346.2857116,446.4178376,7.081934911,5.365223167,7.523878035,167.1,167.1,167.1,133.49,133.49,133.49,0.168999949,0.065363374,0.270613372,0.730016669,0.677121818,0.778110189,0,0,0,5.524645848,2.752685623,8.308436731,6.833207515,3.404683775,10.27636411,2.033925987,1.01926424,3.099212479,59.79111174,23.45394803,110.0510002,61.3772294,19.09864582,118.4116695,167.1,167.1,167.1,133.49,133.49,133.49,0,0,0,1.043900473,0.984615535,1.086324079,0,0,0,7.198475961,3.736151804,10.62926411,8.903499226,4.621092697,13.14690016,2.875250024,1.492311793,4.245591991,61.51100836,24.14535302,111.1771094,62.13519353,19.6538637,119.7997722,CIP
MSM,cip,0.7,0.125,0.05,304.568134,302.6665233,307.2434746,304.976056,303.0153466,307.4841087,388.0529324,346.9366467,445.0849206,397.2625359,354.1788007,455.8291708,9.209603431,7.24215407,10.7442502,167.1,167.1,167.1,133.49,133.49,133.49,0.164534479,0.066573817,0.273852542,0.729108498,0.679413486,0.774859879,0,0,0,6.839258124,3.630305741,10.18782984,8.459197438,4.49017605,12.60090824,2.560268764,1.323973893,3.829139009,61.49361305,25.54204167,111.2958299,62.48808613,21.42648654,119.3253105,167.1,167.1,167.1,133.49,133.49,133.49,0,0,0,1.043725789,0.981406235,1.087254057,0,0,0,9.046465423,4.934381877,13.19859564,11.18920148,6.103134254,16.32480079,3.613382898,1.970914634,5.271846795,63.73205337,27.07300875,112.3234424,63.43960675,21.77157942,121.721879,CIP
MSM,cip,0.7,0.15,0.05,304.7304883,302.7793069,307.2399686,305.2503368,303.2051428,307.7416746,391.7511048,348.3242169,445.9593876,403.2356102,357.3146083,458.6280082,11.4845054,8.990391347,12.66862065,167.1,167.1,167.1,133.49,133.49,133.49,0.166460216,0.06491092,0.276031021,0.729752076,0.6761996,0.77360741,0,0,0,8.045030225,4.306785439,11.77140348,9.950567421,5.326886001,14.55956544,3.052050702,1.577810309,4.435125187,61.7295004,26.63386093,109.9602583,61.94903512,20.98223124,119.668525,167.1,167.1,167.1,133.49,133.49,133.49,0,0,0,1.043475427,0.981180077,1.08480358,0,0,0,10.78614091,5.863030096,15.32616418,13.34093463,7.251741091,18.95630292,4.30825248,2.341839789,6.121650494,64.62687111,29.17309804,113.3378183,63.34056782,21.53400078,121.330599,CIP
MSM,cip+cro,0.1,0,0.05,303.2655651,301.5307703,305.6234733,303.2718557,301.5432806,305.6134493,359.53808,321.3986298,410.6888429,359.630765,321.5727457,409.7314283,0.092685053,0.174115917,-0.957414577,167.1,167.1,167.1,133.49,133.49,133.49,0.493086546,0.192771495,0.792002924,0.119836629,0.095177291,0.143148476,0.114784247,0,0.281539466,0.079731341,0,0.31091985,0.098616421,0,0.384563991,0.004273494,0,0.056475689,53.59691394,18.31470722,102.4492152,57.75249377,19.19662488,109.2580923,167.1,167.1,167.1,133.49,133.49,133.49,0,0,0,1.044285708,0.988385517,1.084973223,0,0,0,0,0,0,0,0,0,0,0,0,53.59649862,18.24003169,102.2493724,57.68045315,19.617153,107.7893805,CIP+CRO
MSM,cip+cro,0.1,0.025,0.05,303.3288952,301.5486005,305.588744,303.6447133,301.8358212,305.9848551,360.843831,321.267121,412.0272528,367.8990152,328.1089172,418.6537346,7.05518417,6.841796199,6.626481771,167.1,167.1,167.1,133.49,133.49,133.49,0.491445469,0.193811192,0.785415261,0.116375349,0.09388651,0.139407548,0.24329419,0.053821313,0.493976249,0.095931672,0,0.407819288,0.118653945,0,0.504414925,0.009795595,0,0.058077165,54.70099345,18.28965225,101.3626565,58.8588636,19.39390852,110.450812,167.1,167.1,167.1,133.49,133.49,133.49,0,0,0,1.0444315,0.981600759,1.086621848,0,0,0,1.797716511,0.784465358,3.066258505,2.223521708,0.970272978,3.792529193,0.718052609,0.313334941,1.224739777,56.39222918,20.34053673,103.7167852,59.70561502,20.28063006,111.3554306,CIP+CRO
MSM,cip+cro,0.1,0.05,0.05,303.341139,301.5510931,305.8893879,303.9833196,302.1440023,306.552797,361.100707,322.0980513,416.9322027,375.3216499,334.8466102,431.7460001,14.22094285,12.74855884,14.81379735,167.1,167.1,167.1,133.49,133.49,133.49,0.482837913,0.190809176,0.783884166,0.113974001,0.091243605,0.136766824,0.387289733,0.114492838,0.680369069,0.10274099,0,0.412704043,0.12707611,0,0.510456679,0.015638115,0,0.105964439,54.71721613,18.55046898,106.1675758,58.913193,19.43891223,115.4110314,167.1,167.1,167.1,133.49,133.49,133.49,0,0,0,1.043468836,0.983724297,1.084753534,0,0,0,3.641479286,1.77410879,5.690604034,4.503996149,2.194322287,7.038474378,1.454497238,0.708623099,2.272968539,58.16369223,22.35869848,108.9077656,60.58415385,20.00982464,118.3430274,CIP+CRO
MSM,cip+cro,0.1,0.075,0.05,303.3116859,301.6190694,305.7665926,304.2712658,302.4572198,306.7769366,360.5359076,323.2579441,412.8646559,381.5800652,342.1720112,436.3517784,21.04415757,18.9140671,23.48712244,167.1,167.1,167.1,133.49,133.49,133.49,0.486945023,0.194677533,0.784553752,0.110717402,0.088708827,0.13281391,0.507426848,0.21737364,0.876169824,0.112103811,0,0.424399258,0.138656599,0,0.52492201,0.01990595,0,0.111956902,54.03097153,19.69119541,103.942915,58.15745064,20.69188304,109.9897235,167.1,167.1,167.1,133.49,133.49,133.49,0,0,0,1.043393737,0.984640208,1.086773767,0,0,0,5.434324776,2.928148237,8.234296517,6.721493091,3.621706276,10.18466312,2.17060424,1.169575107,3.288982472,59.09421902,24.25438309,107.6428551,60.57835788,21.49065507,115.6450842,CIP+CRO
MSM,cip+cro,0.1,0.1,0.05,303.3126217,301.565354,305.7558671,304.5764523,302.657626,307.0677655,360.5561748,322.2600621,417.2927027,388.2587734,346.5246212,443.556274,27.70259865,24.26455908,26.2635713,167.1,167.1,167.1,133.49,133.49,133.49,0.479322531,0.187208949,0.787475179,0.10823496,0.086584114,0.131037734,0.647812248,0.317009117,1.043000351,0.127254823,0,0.428822388,0.157396263,0,0.530392798,0.026409932,0,0.115308727,53.94183203,18.94182988,104.5035478,57.93296862,19.34760995,114.9004045,167.1,167.1,167.1,133.49,133.49,133.49,0,0,0,1.04424253,0.980987457,1.08668143,0,0,0,7.094552911,4.05440841,10.41135508,8.774961073,5.01473122,12.87737743,2.833740578,1.619431383,4.158553715,60.68828802,24.75952087,109.6794798,61.38983699,20.71687073,119.0382189,CIP+CRO
MSM,cip+cro,0.1,0.125,0.05,303.306947,301.5160288,305.7612334,304.8811457,302.838763,307.44066,360.3950672,320.7620502,413.1620174,395.0643956,350.7082403,451.0699736,34.66932836,29.94619017,37.90795615,167.1,167.1,167.1,133.49,133.49,133.49,0.477190764,0.188439268,0.779026265,0.105228846,0.083273534,0.127003064,0.780455101,0.411010267,1.211554141,0.142651392,0,0.442803368,0.176439648,0,0.547685297,0.031693117,0,0.118128265,53.66495324,17.33253134,101.6013518,57.5788674,18.15771794,109.9926716,167.1,167.1,167.1,133.49,133.49,133.49,0,0,0,1.044088096,0.983054944,1.086834187,0,0,0,8.940691781,4.691510673,12.96371383,11.05837441,5.802736839,16.03428512,3.571134279,1.873905845,5.178029168,62.12873204,25.8794431,109.1367429,61.67924658,19.68231197,114.8101073,CIP+CRO
MSM,cip+cro,0.1,0.15,0.05,303.337585,301.5305046,305.7698721,305.2306211,303.2126156,307.8688267,361.1353978,321.896469,414.7735148,402.8210213,359.099954,459.7798156,41.68562353,37.20348502,45.0063008,167.1,167.1,167.1,133.49,133.49,133.49,0.49093938,0.186512015,0.790983923,0.101951271,0.081544665,0.122646067,0.910177794,0.494437939,1.357533764,0.152356315,0,0.52491898,0.188443267,0,0.649250725,0.037574408,0,0.162013452,54.15241022,17.7244807,102.2027207,58.10142696,18.53158127,111.3498623,167.1,167.1,167.1,133.49,133.49,133.49,0,0,0,1.043244463,0.984825492,1.08508557,0,0,0,10.76852132,5.757614301,15.51279259,13.31914168,7.121356624,19.18713594,4.301214777,2.299734103,6.196194516,64.19386286,26.97894982,112.6489094,63.24942321,19.95676018,122.4765209,CIP+CRO
MSM,cip+cro,0.3,0,0.05,303.4366119,301.5562609,305.95691,303.3986933,301.5142644,305.7572037,363.2359335,321.4631922,417.4132473,362.3629107,320.8303133,415.0502518,-0.873022736,-0.632878872,-2.362995445,167.1,167.1,167.1,133.49,133.49,133.49,0.373560315,0.151669125,0.606809396,0.317904009,0.282326087,0.354310174,0.29343362,0.057142857,0.590842367,0.230022954,0,0.670882759,0.284505944,0,0.829787327,0.010598637,0,0.060948571,56.36522067,18.1488536,106.4671128,60.6664573,18.87749611,114.6764451,167.1,167.1,167.1,133.49,133.49,133.49,0,0,0,1.043945973,0.983572116,1.08641248,0,0,0,0,0,0,0,0,0,0,0,0,56.11382868,17.84656703,106.3016269,60.41961122,18.89432693,113.1770423,CIP+CRO
MSM,cip+cro,0.3,0.025,0.05,303.3804916,301.5761136,305.7918836,303.6455851,301.8312031,306.1267363,362.0284304,322.4868254,414.0207915,367.7181048,328.1753487,420.2936229,5.68967434,5.688523346,6.272831426,167.1,167.1,167.1,133.49,133.49,133.49,0.377400533,0.146077207,0.609354132,0.310323155,0.275627611,0.346023755,0.660434828,0.320838494,1.077109723,0.269408371,0,0.715355254,0.333220148,0,0.88479353,0.026211267,0,0.114017467,54.86765792,18.33285514,104.2030544,58.8594209,19.23953473,111.2261912,167.1,167.1,167.1,133.49,133.49,133.49,0,0,0,1.043904946,0.982809848,1.086609827,0,0,0,1.772789438,0.690781852,3.063613626,2.192690435,0.854399698,3.789257851,0.708096117,0.275915423,1.223683346,56.23451869,19.84334819,104.3317974,59.51609627,19.16807612,111.5248412,CIP+CRO
MSM,cip+cro,0.3,0.05,0.05,303.4003168,301.5587654,305.8725166,303.9665667,302.0817706,306.5254299,362.5635773,322.1834543,416.534749,374.9254655,333.9308273,429.3300247,12.36188823,11.74737296,12.79527571,167.1,167.1,167.1,133.49,133.49,133.49,0.377336963,0.150698079,0.618537076,0.302418469,0.268011803,0.338799644,0.997519608,0.562382407,1.4493158,0.302321675,0,0.812066541,0.373929261,0,1.004411748,0.039573927,0,0.152638479,54.84870091,17.91630513,105.7520848,58.83147966,18.44474714,113.1953146,167.1,167.1,167.1,133.49,133.49,133.49,0,0,0,1.042536768,0.983237454,1.087686981,0,0,0,3.592165507,1.795211155,5.583335676,4.443001961,2.220422936,6.905798552,1.434800091,0.717051907,2.230122894,57.84081196,20.87329756,107.7572773,60.30985014,18.81405711,117.1844151,CIP+CRO
MSM,cip+cro,0.3,0.075,0.05,303.3531586,301.7090781,305.6393303,304.2199654,302.5078554,306.5684614,361.3984311,325.3364889,409.6575387,380.4771787,342.7982904,431.3168912,19.07874761,17.46180143,21.65935249,167.1,167.1,167.1,133.49,133.49,133.49,0.376874522,0.146615189,0.616476278,0.294520042,0.258657048,0.328118568,1.357055716,0.855579952,1.90960349,0.340930845,0,0.83086371,0.421683357,0,1.027661194,0.055589453,0,0.175918516,53.52456222,19.81067693,99.55215518,57.09280223,20.69016767,106.2179606,167.1,167.1,167.1,133.49,133.49,133.49,0,0,0,1.043401371,0.981907609,1.087126158,0,0,0,5.404925417,2.953164877,8.07670197,6.685130231,3.65264833,9.989740901,2.158861406,1.179567374,3.226035297,58.21887675,24.10942483,104.159547,59.58006223,21.5486814,111.6165956,CIP+CRO
MSM,cip+cro,0.3,0.1,0.05,303.4720931,301.6450156,305.6649987,304.6415016,302.7512927,306.9152736,363.9538907,323.7570088,412.2272611,389.6817933,348.662105,440.410731,25.72790267,24.90509621,28.18346994,167.1,167.1,167.1,133.49,133.49,133.49,0.372970476,0.147607479,0.607069202,0.28747732,0.252762573,0.321730254,1.716635376,1.147438738,2.300299098,0.358901829,0,0.918656865,0.44391093,0,1.13624894,0.069769086,0,0.219810592,55.45222206,19.67595537,101.2039533,59.10359525,19.40201858,107.9313987,167.1,167.1,167.1,133.49,133.49,133.49,0,0,0,1.044265234,0.98494539,1.085057578,0,0,0,7.178605359,3.85368562,10.28356736,8.878922094,4.766465446,12.71932205,2.867313212,1.539257717,4.107512126,61.81862207,26.61444545,106.5413623,62.44767756,20.68943001,112.3997068,CIP+CRO
MSM,cip+cro,0.3,0.125,0.05,303.5298626,301.7520899,306.1470792,305.0143453,302.9728154,307.7798152,365.31897,326.0231464,423.7589624,397.8829025,353.4154378,458.7017962,32.56393255,27.39229135,34.94283388,167.1,167.1,167.1,133.49,133.49,133.49,0.374840726,0.147064488,0.613686968,0.279044118,0.245693594,0.314523033,2.067824708,1.433129432,2.764712659,0.400641681,0,0.918370756,0.495537238,0,1.135895065,0.088206577,0,0.233324881,56.25813688,20.04324905,107.2287222,59.87027577,20.25611966,118.005728,167.1,167.1,167.1,133.49,133.49,133.49,0,0,0,1.042944905,0.983628641,1.087518972,0,0,0,9.024376053,4.978186793,12.84941396,11.16188005,6.157314756,15.89291231,3.604559855,1.988411405,5.132374963,64.25684514,26.76660857,115.0025073,64.15031567,21.88610644,124.5992459,CIP+CRO
MSM,cip+cro,0.3,0.15,0.05,303.5414266,301.7617356,306.0328583,305.2843275,303.2188475,307.9866067,365.5908517,326.1750701,419.642155,404.0349478,358.1721925,462.9796438,38.4440961,31.99712235,43.33748871,167.1,167.1,167.1,133.49,133.49,133.49,0.376995313,0.149484639,0.619119497,0.270125977,0.234701249,0.301748814,2.40244734,1.718355973,3.180031392,0.436459567,0,0.983484415,0.53983891,0,1.216431475,0.102131569,0,0.279944259,56.08333296,20.0869428,105.5971536,59.62987024,20.09227741,113.7992145,167.1,167.1,167.1,133.49,133.49,133.49,0,0,0,1.043687462,0.978535979,1.087012293,0,0,0,10.6742089,6.124836529,15.32271884,13.20249053,7.575558713,18.95204152,4.263544058,2.446411779,6.120274339,65.47600067,28.40816996,114.1015009,64.57871125,21.94683957,123.0490857,CIP+CRO
MSM,cip+cro,0.5,0,0.05,303.4000621,301.6448103,305.8936842,303.3318165,301.6016801,305.8185216,362.5240154,323.9468743,416.0416794,360.949388,322.4506628,415.6292262,-1.574627398,-1.496211552,-0.412453161,167.1,167.1,167.1,133.49,133.49,133.49,0.263702761,0.106408992,0.440731913,0.517026003,0.469943751,0.558726166,0.484032997,0.216902152,0.832431558,0.389589861,0,0.953570997,0.481867696,0,1.179432796,0.018614287,0,0.109352621,55.0663885,19.81665649,104.6420617,59.08731071,20.29739918,113.2407001,167.1,167.1,167.1,133.49,133.49,133.49,0,0,0,1.043416071,0.978018605,1.087078979,0,0,0,0,0,0,0,0,0,0,0,0,54.71741711,19.22793918,103.8941109,59.00078995,20.4860772,113.7743155,CIP+CRO
MSM,cip+cro,0.5,0.025,0.05,303.5064006,301.6062621,305.8962771,303.7080221,301.8089828,306.1085526,364.6828411,323.0095987,417.2244973,369.3062061,327.4582457,421.2062404,4.623365012,4.448647017,3.981743098,167.1,167.1,167.1,133.49,133.49,133.49,0.277582894,0.107808632,0.444313772,0.504950481,0.460842315,0.549543903,1.049454457,0.624964569,1.560759583,0.426248426,0,0.981254199,0.527209169,0,1.213673012,0.041919991,0,0.165378502,56.51202265,18.20694576,104.7724468,60.3655856,18.34392733,113.4450798,167.1,167.1,167.1,133.49,133.49,133.49,0,0,0,1.044333718,0.984038033,1.086982676,0,0,0,1.783871524,0.686990824,3.06387385,2.206397413,0.849710731,3.789579711,0.712522577,0.274401192,1.223787286,57.67033991,19.88632266,104.9001118,61.06466394,19.0321458,112.7761885,CIP+CRO
MSM,cip+cro,0.5,0.05,0.05,303.4619086,301.6952959,305.9102955,303.9520826,302.1523233,306.3604786,363.8306018,324.8816287,418.5547968,374.7175551,334.9397048,429.4905167,10.88695322,10.0580761,10.93571995,167.1,167.1,167.1,133.49,133.49,133.49,0.272771001,0.10856809,0.44101883,0.491269675,0.448912679,0.532757729,1.620478971,1.08104269,2.246781024,0.498244381,0,1.158564007,0.616258009,0,1.43298023,0.067820357,0,0.224942645,54.9831324,18.87132992,102.1922552,58.54901115,19.12685916,112.2506618,167.1,167.1,167.1,133.49,133.49,133.49,0,0,0,1.04292482,0.982499202,1.086611109,0,0,0,3.587145582,1.696928745,5.592656797,4.436793021,2.098861461,6.917327463,1.432795008,0.677795473,2.233845981,57.68438071,21.62084288,105.6881754,60.15903981,19.87074133,115.3730289,CIP+CRO
MSM,cip+cro,0.5,0.075,0.05,303.5509921,301.7107059,305.9420905,304.3034882,302.400572,306.9436373,365.6738849,324.8353751,418.637146,382.5029946,340.0359699,438.4077392,16.82910973,15.20059477,19.77059317,167.1,167.1,167.1,133.49,133.49,133.49,0.271560062,0.103081472,0.438403715,0.477548878,0.433553811,0.520278567,2.181875129,1.558933432,2.847869513,0.547676028,0,1.208950003,0.677397983,0,1.495300599,0.089507977,0,0.23689509,55.95336817,19.07372493,105.2490626,59.48946168,19.29945173,112.8443001,167.1,167.1,167.1,133.49,133.49,133.49,0,0,0,1.041429222,0.980198955,1.086747519,0,0,0,5.313606561,2.633868705,8.121752769,6.572181689,3.25772401,10.04546238,2.122386388,1.052032555,3.244029705,60.03892312,22.73801603,109.9519714,61.85405539,20.05421368,117.3290246,CIP+CRO
MSM,cip+cro,0.5,0.1,0.05,303.5603,301.7866514,305.9382065,304.6145087,302.7182011,307.0564624,365.9168914,326.5740217,417.5574632,389.2365058,346.9319487,444.0072743,23.31961446,20.357927,26.44981104,167.1,167.1,167.1,133.49,133.49,133.49,0.26683908,0.105121841,0.442431065,0.465671816,0.421796396,0.50695323,2.764602418,2.036107126,3.531002229,0.604256402,0.13459133,1.253192436,0.747379923,0.166470488,1.550022247,0.114294023,0.001207769,0.325030728,55.62442623,19.7460204,102.9955801,58.82637559,20.07336598,109.8385441,167.1,167.1,167.1,133.49,133.49,133.49,0,0,0,1.04340902,0.982926061,1.086451763,0,0,0,7.208348869,3.735031315,10.65199779,8.91571062,4.61970681,13.17501852,2.879193509,1.491864241,4.254672388,61.32859873,25.59703761,107.4896376,61.98163494,20.85857422,115.0488647,CIP+CRO
MSM,cip+cro,0.5,0.125,0.05,303.6502717,301.783061,306.096471,305.0018913,302.9593447,307.6599698,367.9335626,326.5250683,421.6139745,397.6132364,352.6263571,456.069062,29.67967389,26.10128881,34.45508747,167.1,167.1,167.1,133.49,133.49,133.49,0.265223318,0.1050736,0.445406856,0.452484364,0.407627119,0.493207714,3.364897699,2.599540335,4.233036163,0.671116684,0.134888611,1.418155334,0.830076659,0.166838183,1.754058079,0.143663299,0.001226351,0.335818697,56.80678644,19.08291966,105.8143338,59.87074284,18.13237527,113.4979702,167.1,167.1,167.1,133.49,133.49,133.49,0,0,0,1.043523952,0.97997666,1.088378953,0,0,0,9.081649091,5.00105727,12.75290303,11.23271871,6.18560231,15.77354191,3.627436128,1.997546441,5.093826102,63.99735718,26.04089873,114.5045457,63.92312589,19.97876374,121.361207,CIP+CRO
MSM,cip+cro,0.5,0.15,0.05,303.6625627,301.892933,306.2917259,305.2644067,303.2206003,307.9448406,367.9914168,329.2641412,425.0782312,403.6546747,358.8262714,463.535088,35.6632579,29.56213022,38.45685676,167.1,167.1,167.1,133.49,133.49,133.49,0.270251534,0.105497367,0.439738473,0.43999861,0.398243325,0.480310288,3.923790208,3.041906422,4.889925589,0.725436372,0.13756044,1.493674297,0.897262449,0.170142857,1.847464382,0.168999837,0.002617541,0.399495607,56.1998639,20.30352111,107.4932202,59.02096608,19.97235931,116.2417049,167.1,167.1,167.1,133.49,133.49,133.49,0,0,0,1.042903267,0.981173884,1.08514264,0,0,0,10.82429325,6.094929979,15.44466327,13.38812369,7.53856853,19.10286958,4.323491471,2.43446636,6.168981974,64.89047389,28.21298377,116.250177,63.81945597,21.51399613,122.2497386,CIP+CRO
MSM,cip+cro,0.7,0,0.05,303.4248536,301.6951879,305.81374,303.3006196,301.5563079,305.7446087,362.9413544,324.9344743,415.9482674,360.2411218,321.9719928,414.7602285,-2.700232633,-2.962481476,-1.188038842,167.1,167.1,167.1,133.49,133.49,133.49,0.165248003,0.065400119,0.271845787,0.715134057,0.665486242,0.763137301,0.661215789,0.324640338,1.073660862,0.566647738,0.131212498,1.229968103,0.700863312,0.162291349,1.521297023,0.02426818,0.001163492,0.116445654,54.80424503,19.33502756,103.0909856,58.61932263,20.46476922,111.6813819,167.1,167.1,167.1,133.49,133.49,133.49,0,0,0,1.04367908,0.981322909,1.087093008,0,0,0,0,0,0,0,0,0,0,0,0,54.12006469,18.48522406,102.3645515,58.29561644,20.0616935,113.0049631,CIP+CRO
MSM,cip+cro,0.7,0.025,0.05,303.5248877,301.7632032,306.0742933,303.6697344,301.8501769,306.3262161,365.1845092,325.7098051,424.0345204,368.5760804,328.2199909,428.4817564,3.391571166,2.510185759,4.447236001,167.1,167.1,167.1,133.49,133.49,133.49,0.166143018,0.063471098,0.277165397,0.697545778,0.645211286,0.742419924,1.437741017,0.928860665,1.984628152,0.62065821,0.135318793,1.250620221,0.767666645,0.167370256,1.54684078,0.056280863,0.001203905,0.175175566,56.00310801,19.83968527,110.7464972,59.66635027,19.94064965,117.9807861,167.1,167.1,167.1,133.49,133.49,133.49,0,0,0,1.042897403,0.981558983,1.085903581,0,0,0,1.801189507,0.692329047,2.99074886,2.227817314,0.856313359,3.699134415,0.719439809,0.27653341,1.19457935,56.86874529,20.47541426,111.1754113,60.27904056,20.56646132,120.8265831,CIP+CRO
MSM,cip+cro,0.7,0.05,0.05,303.5366096,301.7414037,306.0714426,303.946179,302.1007936,306.6545673,365.4478762,326.9445106,423.4158505,374.5068484,334.0654158,432.9110515,9.058972155,7.120905193,9.495200977,167.1,167.1,167.1,133.49,133.49,133.49,0.166545714,0.066532422,0.276134081,0.679422279,0.629784239,0.724411288,2.254730364,1.593344156,2.954457129,0.708300435,0.137840811,1.46761653,0.876067714,0.170489637,1.815234601,0.095166737,0.001238565,0.270973389,55.3501811,19.81540799,107.8178625,58.57530129,19.43562291,116.0974382,167.1,167.1,167.1,133.49,133.49,133.49,0,0,0,1.04393157,0.982604303,1.086571956,0,0,0,3.597965789,1.646308277,5.678178762,4.450176092,2.036251082,7.023106069,1.437116867,0.657576401,2.268005577,57.5607808,22.26357026,109.3371436,59.90996114,19.27082955,118.7556159,CIP+CRO
MSM,cip+cro,0.7,0.075,0.05,303.6780765,301.829887,306.0053829,304.3672206,302.4882182,306.8028562,368.4623946,328.0363872,418.3163405,383.6492437,342.8899915,437.3194708,15.18684914,14.85360425,19.00313036,167.1,167.1,167.1,133.49,133.49,133.49,0.167751158,0.066633269,0.273690119,0.66171172,0.609171853,0.705265295,3.036231844,2.232874811,3.8674357,0.785305207,0.148449955,1.559611159,0.971311753,0.183611651,1.929018978,0.125417492,0.002455617,0.327038498,57.19291556,20.15446474,103.0695697,60.33051116,19.919375,110.3222348,167.1,167.1,167.1,133.49,133.49,133.49,0,0,0,1.042477728,0.986652902,1.083856482,0,0,0,5.437716771,2.929705742,8.095182267,6.725688509,3.623632689,10.01259842,2.171959087,1.170197213,3.233416786,60.9576028,24.14190925,107.960382,62.59133781,19.98161713,114.9380267,CIP+CRO
MSM,cip+cro,0.7,0.1,0.05,303.6628163,301.9343123,306.3854578,304.5813083,302.7327552,307.320067,368.0949662,329.9197939,426.3342686,388.6435341,347.674989,449.3669147,20.54856792,17.75519508,23.03264609,167.1,167.1,167.1,133.49,133.49,133.49,0.165406373,0.064925488,0.272234853,0.643913269,0.594182133,0.688969629,3.841762587,2.980840829,4.653865417,0.845783822,0.143390607,1.686356009,1.046115268,0.177353952,2.085784477,0.160319369,0.002496288,0.381126686,55.93420402,20.4006032,108.8622255,58.73161635,19.91312174,117.5824158,167.1,167.1,167.1,133.49,133.49,133.49,0,0,0,1.042453983,0.982924142,1.086690796,0,0,0,7.088889571,3.838952755,10.43194559,8.767956321,4.748242971,12.90284499,2.831478499,1.533373045,4.166778075,61.02401755,25.48381451,112.0607788,61.8490588,21.30847076,121.3926802,CIP+CRO
MSM,cip+cro,0.7,0.125,0.05,303.775687,301.948874,306.1927532,304.984796,302.9043819,307.4880506,370.5345332,330.7102008,421.5952236,397.3675323,351.4812581,451.9787482,26.83299904,20.77105738,30.3835246,167.1,167.1,167.1,133.49,133.49,133.49,0.164416478,0.064921136,0.276817834,0.626766962,0.579377956,0.671280842,4.649952732,3.698915815,5.562319539,0.919184436,0.271231275,1.837328734,1.136901472,0.335474823,2.27251644,0.194278957,0.004932924,0.440144065,57.33734732,20.9250021,104.4865815,59.86293936,20.06260107,112.1960713,167.1,167.1,167.1,133.49,133.49,133.49,0,0,0,1.044925304,0.979899861,1.086398432,0,0,0,8.961805844,4.824747388,12.95500523,11.08448953,5.967531858,16.02351382,3.57956776,1.927123897,5.17455074,64.03711949,27.02911204,110.047572,63.81709026,21.97986071,119.4750867,CIP+CRO
MSM,cip+cro,0.7,0.15,0.05,303.827033,302.0466683,306.0132544,305.3234332,303.2234997,307.8328458,371.7338683,333.1376414,420.1319551,404.8458438,358.8965053,458.2070097,33.11197553,25.75886388,38.0750546,167.1,167.1,167.1,133.49,133.49,133.49,0.171774361,0.064603821,0.274142359,0.608667328,0.562293503,0.648457448,5.448030374,4.372143228,6.529017857,1.002234657,0.274811347,1.909377171,1.239622879,0.339902867,2.361630192,0.232178403,0.054393207,0.503719626,57.51354205,21.8531012,103.9398655,59.73590223,20.74417657,108.4442198,167.1,167.1,167.1,133.49,133.49,133.49,0,0,0,1.043144339,0.989141168,1.085442478,0,0,0,10.85930822,5.736558612,15.63093506,13.43143227,7.095313707,19.3332615,4.337477321,2.291323938,6.24338355,65.75796375,28.95813817,111.8427939,64.7969485,23.10083258,117.7969917,CIP+CRO
MSM,cip+cro+nda,0.1,0,0.05,303.3447459,301.5770055,305.6194422,303.3553598,301.5907591,305.6514408,361.2624822,322.1787668,410.1717362,361.4460918,322.7279441,411.2008362,0.183609684,0.5491773,1.029100016,167.1,167.1,167.1,133.49,133.49,133.49,0.483947077,0.190648412,0.784556165,0.119872441,0.097658981,0.14355707,0.101679317,0,0.275649186,0.075050942,0,0.288441497,0.092827427,0,0.356761439,0.008350859,0,0.057819759,55.19437989,19.08996502,101.5711079,59.52268479,20.57780274,108.7322983,167.1,167.1,167.1,133.49,133.49,133.49,0,0,0,1.044835612,0.978594606,1.086012236,0,0,0,0,0,0,0,0,0,0,0,0,55.3029984,19.38978838,101.7854226,59.50000138,20.75314967,109.380409,CIP+CRO+NDA
MSM,cip+cro+nda,0.1,0.025,0.05,303.3446632,301.5317887,305.7780899,303.6651834,301.8353145,306.1675071,361.086121,321.3191762,413.2319713,368.2224617,327.2484509,423.2820007,7.13634075,5.92927474,10.05002941,167.1,167.1,167.1,133.49,133.49,133.49,0.483850533,0.187072746,0.785863965,0.116541297,0.093724951,0.141236987,0.227531533,0.053646631,0.475197352,0.077041723,0,0.289785326,0.095289742,0,0.358423567,0.019330008,0,0.109331672,54.8667555,18.12782621,102.803381,59.16587288,19.1040979,111.8081043,167.1,167.1,167.1,133.49,133.49,133.49,0,0,0,1.043845648,0.983712402,1.088501217,0,0,0,1.795256857,0.680252459,3.023257382,2.220479463,0.841376323,3.739342869,0.717070162,0.271709721,1.20756406,56.60798094,19.88344474,105.5313915,59.97426357,19.00718158,114.9450512,CIP+CRO+NDA
MSM,cip+cro+nda,0.1,0.05,0.05,303.3788724,301.5547163,305.8179713,304.009601,302.0917467,306.5318657,361.8924484,321.7478659,415.4097399,375.7765926,332.9081041,431.0050784,13.88414424,11.16023817,15.5953385,167.1,167.1,167.1,133.49,133.49,133.49,0.483606519,0.193725879,0.781202384,0.113611511,0.093479861,0.13703816,0.353800858,0.109526029,0.634289188,0.079168289,0,0.285807252,0.097920005,0,0.35350325,0.029847221,0,0.116627272,55.53590344,18.65257556,104.5947248,59.79741837,19.46540009,113.1496573,167.1,167.1,167.1,133.49,133.49,133.49,0,0,0,1.044470707,0.979393886,1.088774863,0,0,0,3.531883343,1.626953438,5.597180807,4.368441428,2.012311878,6.922923026,1.410721897,0.649845598,2.235652983,58.86874414,22.15431961,108.6079995,61.43960817,20.12601918,118.8826272,CIP+CRO+NDA
MSM,cip+cro+nda,0.1,0.075,0.05,303.3195305,301.5144446,305.8160877,304.2837569,302.4148077,306.9012443,360.7032432,321.3357112,416.0096042,381.8837958,341.3474463,439.2332895,21.18055263,20.01173513,23.22368528,167.1,167.1,167.1,133.49,133.49,133.49,0.474227617,0.185513638,0.781459438,0.111024886,0.089511688,0.134582905,0.477235324,0.168506445,0.830395681,0.078023978,0,0.285156192,0.096504653,0,0.352697981,0.039235135,0,0.164927769,54.24452943,17.92860148,106.79449,58.45407972,19.02932169,113.4435012,167.1,167.1,167.1,133.49,133.49,133.49,0,0,0,1.04268255,0.982782717,1.084807031,0,0,0,5.3735385,2.681420519,8.228648634,6.646309042,3.316538895,10.17767749,2.146324692,1.07102593,3.286726567,59.47327366,23.13165123,109.9690579,60.99693398,19.64244129,118.0254527,CIP+CRO+NDA
MSM,cip+cro+nda,0.1,0.1,0.05,303.3859372,301.633684,305.9673087,304.6732703,302.7468455,307.2490419,362.1158109,323.3577645,418.9811225,390.4687973,348.4216732,449.2029063,28.35298648,25.06390869,30.22178376,167.1,167.1,167.1,133.49,133.49,133.49,0.478082025,0.188389101,0.783779043,0.107677127,0.085097357,0.130000276,0.600660012,0.274107811,0.993027766,0.081976926,0,0.301756353,0.101393892,0,0.373230038,0.051667629,0,0.170466301,55.39335537,19.74957837,107.4622958,59.66164168,21.44602715,117.0984905,167.1,167.1,167.1,133.49,133.49,133.49,0,0,0,1.041891686,0.97999701,1.083926903,0,0,0,7.16986329,3.677728381,10.3745959,8.868109388,4.548831164,12.83191151,2.863821413,1.468976027,4.143871186,62.34931573,27.08737136,114.7653793,63.29263475,22.14885477,123.4155636,CIP+CRO+NDA
MSM,cip+cro+nda,0.1,0.125,0.05,303.3118611,301.5934873,305.8032698,304.8915911,302.9677913,307.4553036,360.4078213,322.340351,414.5469919,395.3866455,353.19843,453.5407853,34.97882424,30.85807902,38.99379348,167.1,167.1,167.1,133.49,133.49,133.49,0.486265892,0.192560695,0.785006764,0.105464179,0.085655083,0.126579985,0.713145757,0.343200615,1.132778023,0.08006948,0,0.293161593,0.099034651,0,0.362599532,0.064066541,0,0.215788248,53.81329025,18.47075907,102.0075774,57.79873076,19.8111431,112.4377339,167.1,167.1,167.1,133.49,133.49,133.49,0,0,0,1.043812591,0.985545081,1.085644902,0,0,0,8.96556984,4.718565885,13.04536585,11.08914506,5.836200319,16.13527716,3.581071194,1.884712368,5.210643016,62.25197504,27.02449684,110.1878298,62.07588719,21.79504554,115.1267652,CIP+CRO+NDA
MSM,cip+cro+nda,0.1,0.15,0.05,303.370473,301.6031913,305.831338,305.2763616,303.2970125,307.9715888,361.78666,323.3810218,415.1873851,403.7987207,360.3061756,462.7400448,42.01206069,36.92515387,47.55265973,167.1,167.1,167.1,133.49,133.49,133.49,0.489903734,0.19323201,0.788132802,0.101387966,0.080339766,0.123611674,0.84707041,0.439077936,1.294638631,0.088454749,0,0.406000174,0.109406045,0,0.502164938,0.07247734,0,0.220775025,54.89769266,19.65301765,104.9954605,58.97500201,20.74549307,112.3169064,167.1,167.1,167.1,133.49,133.49,133.49,0,0,0,1.042691974,0.979200022,1.085719675,0,0,0,10.79557641,5.751331114,15.48369032,13.35260501,7.113585208,19.15114053,4.312021251,2.297224442,6.184570346,65.02945306,29.04658746,115.7145274,64.05333812,22.69105281,121.3517108,CIP+CRO+NDA
MSM,cip+cro+nda,0.3,0,0.05,303.3401145,301.5137591,305.6940486,303.304561,301.5247098,305.5954505,361.0941415,321.1738124,411.6211409,360.3955862,321.0857796,409.8416683,-0.698555277,-0.088032816,-1.779472628,167.1,167.1,167.1,133.49,133.49,133.49,0.380106688,0.146980046,0.616114675,0.318374171,0.283837755,0.353913916,0.271720975,0.055303643,0.529299439,0.21457716,0,0.574253185,0.265401675,0,0.710270176,0.021099258,0,0.114054811,54.45002129,18.20398258,99.85470525,58.5729731,19.29843703,109.4942107,167.1,167.1,167.1,133.49,133.49,133.49,0,0,0,1.043023886,0.98393662,1.086011551,0,0,0,0,0,0,0,0,0,0,0,0,54.27145127,18.17669664,99.54497904,58.44977481,19.08215228,107.8767111,CIP+CRO+NDA
MSM,cip+cro+nda,0.3,0.025,0.05,303.4058532,301.6486291,305.6959561,303.6711242,301.8824001,306.0267197,362.5555993,323.741289,412.9537682,368.4806876,329.3686211,419.348305,5.925088273,5.627332115,6.394536785,167.1,167.1,167.1,133.49,133.49,133.49,0.371468719,0.147065967,0.614035203,0.309831218,0.274246703,0.343628624,0.602613674,0.268521261,0.956638915,0.218529067,0,0.582352008,0.270289627,0,0.720287277,0.052405328,0,0.168471641,55.45563969,19.52333767,102.0873506,59.58187368,20.75786873,110.4643825,167.1,167.1,167.1,133.49,133.49,133.49,0,0,0,1.043231276,0.98137394,1.086740455,0,0,0,1.799319226,0.692329047,3.126187011,2.225504041,0.856313359,3.8666523,0.718692773,0.27653341,1.24867671,56.81493382,20.89307777,103.9268501,60.22885565,20.93677843,111.2431603,CIP+CRO+NDA
MSM,cip+cro+nda,0.3,0.05,0.05,303.3789711,301.606582,305.7866239,303.9457316,302.1165207,306.4879524,361.9969663,322.8112688,416.3792372,374.4548722,333.9077705,430.6360844,12.45790589,11.09650176,14.25684726,167.1,167.1,167.1,133.49,133.49,133.49,0.378450483,0.148425612,0.618208148,0.303143922,0.267912119,0.33998153,0.93817686,0.529647005,1.412469323,0.217974755,0,0.578215325,0.26960402,0,0.715170785,0.078450672,0,0.222480186,54.72262925,18.95886508,104.8367364,58.5474255,19.65757705,113.0895068,167.1,167.1,167.1,133.49,133.49,133.49,0,0,0,1.044281802,0.98625317,1.085033407,0,0,0,3.532918694,1.643277549,5.530581897,4.369722011,2.0325025,6.840549569,1.411135442,0.656365853,2.209051724,57.72481361,21.73553586,106.9712394,60.0412192,19.62217174,115.7872301,CIP+CRO+NDA
MSM,cip+cro+nda,0.3,0.075,0.05,303.4582693,301.5698409,306.0468737,304.3372624,302.3621428,307.0808187,363.6447609,322.3287958,421.8310618,383.1016624,339.3927016,442.3681347,19.45690153,17.06390584,20.53707289,167.1,167.1,167.1,133.49,133.49,133.49,0.38598438,0.146737002,0.615351278,0.294115695,0.261880257,0.328068022,1.268268601,0.800401925,1.837622009,0.228191051,0,0.57890059,0.282240138,0,0.71601836,0.107887451,0,0.278403929,55.89334046,17.73123932,110.3063548,59.7229792,18.28802995,117.9380104,167.1,167.1,167.1,133.49,133.49,133.49,0,0,0,1.044283234,0.98837593,1.087968612,0,0,0,5.381687215,2.685918993,8.051613002,6.656387854,3.322102873,9.958709388,2.149579492,1.072822732,3.216014141,60.64679473,23.02403875,114.5469986,62.30308434,19.27507712,123.6156007,CIP+CRO+NDA
MSM,cip+cro+nda,0.3,0.1,0.05,303.4387134,301.6783383,305.9650909,304.6200043,302.7050994,307.1727635,363.3373287,324.8706967,414.8174372,389.5290184,347.98796,445.5706289,26.19168965,23.11726321,30.75319168,167.1,167.1,167.1,133.49,133.49,133.49,0.373646499,0.149637302,0.615898666,0.287272574,0.25351004,0.321682212,1.610551767,1.067210406,2.219787392,0.236488422,0,0.693999137,0.292502815,0,0.858379025,0.135781229,0.001163492,0.329124547,55.14128584,20.43692459,103.2627503,58.89932198,20.92275759,110.5883734,167.1,167.1,167.1,133.49,133.49,133.49,0,0,0,1.042530075,0.97865727,1.085266849,0,0,0,7.218448469,3.592164214,10.63559034,8.9282024,4.443000361,13.15472482,2.88322754,1.434799574,4.248118846,61.53663996,25.82619248,110.0685852,62.18815469,21.91916867,119.6533915,CIP+CRO+NDA
MSM,cip+cro+nda,0.3,0.125,0.05,303.4468219,301.665865,305.7895546,304.9257937,302.9404554,307.5537528,363.3426215,324.358535,416.4045424,396.1792563,352.4919944,451.9982179,32.83663482,28.13345938,35.59367556,167.1,167.1,167.1,133.49,133.49,133.49,0.37903045,0.151691079,0.607952325,0.278070273,0.245048779,0.312645775,1.89385903,1.288622202,2.562643922,0.244578251,0,0.687821114,0.302508792,0,0.850737683,0.161431049,0.001254237,0.375085332,54.82423111,18.642613,102.5931979,58.50721333,18.88054334,111.4935167,167.1,167.1,167.1,133.49,133.49,133.49,0,0,0,1.041824554,0.983156683,1.082666927,0,0,0,8.997567234,4.933501976,13.05513626,11.12872132,6.102045942,16.14736177,3.593851747,1.970563179,5.214545557,62.85179896,26.54495924,110.0008531,62.57330513,20.73967078,118.6325138,CIP+CRO+NDA
MSM,cip+cro+nda,0.3,0.15,0.05,303.4988681,301.7784869,305.9354649,305.3024681,303.2685638,307.949537,364.5707935,327.3424552,416.5948211,404.1861204,359.2802001,462.3271612,39.61532693,31.93774499,45.73234015,167.1,167.1,167.1,133.49,133.49,133.49,0.383733584,0.146608993,0.616707635,0.270841522,0.236388403,0.303434175,2.237879948,1.577204312,2.904333453,0.246822513,0,0.683315613,0.305284627,0,0.845165013,0.198010758,0.052025088,0.420779325,55.67377279,21.18787413,105.0612096,59.20588535,21.43426031,111.6114529,167.1,167.1,167.1,133.49,133.49,133.49,0,0,0,1.043389868,0.981209033,1.087396204,0,0,0,10.77178848,6.265078074,15.38465032,13.3231827,7.74901772,19.02864203,4.302519763,2.502427734,6.145011311,65.43717744,29.11209703,114.9787898,64.26867706,23.43090728,121.2930136,CIP+CRO+NDA
MSM,cip+cro+nda,0.5,0,0.05,303.4343165,301.6270939,305.7356051,303.3637314,301.5595243,305.7269925,363.1803975,323.3686904,413.2720298,361.5478925,321.6664908,413.0354457,-1.632505014,-1.702199544,-0.236584059,167.1,167.1,167.1,133.49,133.49,133.49,0.26913299,0.105769726,0.445759594,0.516356649,0.472363421,0.559106828,0.44030468,0.16592462,0.763569186,0.379134945,0,0.921853453,0.46893644,0,1.140202669,0.036351612,0,0.122426997,55.66518766,19.09702367,102.600813,59.82647196,19.83574758,109.9028421,167.1,167.1,167.1,133.49,133.49,133.49,0,0,0,1.04300685,0.977134509,1.088019802,0,0,0,0,0,0,0,0,0,0,0,0,55.22057877,18.67123625,101.7385597,59.59730419,19.76341977,111.1806651,CIP+CRO+NDA
MSM,cip+cro+nda,0.5,0.025,0.05,303.4578919,301.7180048,305.8927267,303.6685287,301.843829,306.0223588,363.6180372,325.0190936,415.2855311,368.3481841,328.8438959,420.3747965,4.730146891,3.824802314,5.089265318,167.1,167.1,167.1,133.49,133.49,133.49,0.272598397,0.107078412,0.443987207,0.503978406,0.460210286,0.54684341,0.975837444,0.528499455,1.46583481,0.364801058,0,0.844005362,0.451207443,0,1.043915563,0.082446628,0,0.227695301,55.61886444,19.79414383,102.5481525,59.55908845,20.79108373,112.2044803,167.1,167.1,167.1,133.49,133.49,133.49,0,0,0,1.042945832,0.977810996,1.086539417,0,0,0,1.791007705,0.696916046,3.053170732,2.215223862,0.861986831,3.776341463,0.715372945,0.278365572,1.219512195,56.69983626,21.10661956,103.9505124,60.09992471,20.82036123,112.1409421,CIP+CRO+NDA
MSM,cip+cro+nda,0.5,0.05,0.05,303.4181689,301.7245797,305.8353257,303.9321516,302.1319993,306.521777,362.8597528,325.5701773,417.3091262,374.1093862,335.7160129,428.8918288,11.24963339,10.14583566,11.58270262,167.1,167.1,167.1,133.49,133.49,133.49,0.268773151,0.104393323,0.443609693,0.491794924,0.446704461,0.535998806,1.530681126,0.988852188,2.083747162,0.376558449,0,0.876664747,0.465749678,0,1.084310615,0.129415334,0.001258397,0.32702965,54.47384182,20.36191723,104.3562272,57.97737513,20.58232426,112.615547,167.1,167.1,167.1,133.49,133.49,133.49,0,0,0,1.045436758,0.986646965,1.086463364,0,0,0,3.607228341,1.803456984,5.57719957,4.461632562,2.230621863,6.898209054,1.440816561,0.720345496,2.22767198,57.24849788,22.27900616,107.6495983,59.4744478,21.32895598,114.8615548,CIP+CRO+NDA
MSM,cip+cro+nda,0.5,0.075,0.05,303.5450263,301.770815,306.0982666,304.3470332,302.4460691,306.9719909,365.6008967,326.6852381,420.9475467,383.316789,341.7037144,440.1658425,17.71589235,15.01847636,19.21829582,167.1,167.1,167.1,133.49,133.49,133.49,0.268714789,0.10678265,0.437890361,0.478462557,0.435624663,0.519154672,2.049080254,1.435077682,2.699966321,0.379967613,0,0.927357799,0.469966333,0,1.147010769,0.18058965,0.002510889,0.389560608,56.47888362,20.05246563,106.5559214,60.0114824,20.63640764,113.8167137,167.1,167.1,167.1,133.49,133.49,133.49,0,0,0,1.043362536,0.983353349,1.084338948,0,0,0,5.367903277,2.78722241,8.048588382,6.639339067,3.447400908,9.954968359,2.144073845,1.113285832,3.214806032,60.81238815,23.98513928,110.5904291,62.5560107,21.49942741,118.5892257,CIP+CRO+NDA
MSM,cip+cro+nda,0.5,0.1,0.05,303.6084113,301.8043712,305.9345918,304.6984937,302.7134602,307.1907222,366.995969,327.4176114,417.5788499,391.1504119,346.8613061,446.9933786,24.15444291,19.44369465,29.41452866,167.1,167.1,167.1,133.49,133.49,133.49,0.270691746,0.106370647,0.443974442,0.465403327,0.426169453,0.508006499,2.580345233,1.887708536,3.32960199,0.405740818,0,0.952534422,0.501844151,0,1.178150699,0.222144854,0.056267681,0.466227923,57.14123709,20.6229702,104.9011152,60.5768426,20.52336941,111.3243063,167.1,167.1,167.1,133.49,133.49,133.49,0,0,0,1.043476239,0.983443243,1.087653495,0,0,0,7.203840723,3.873790643,10.56168674,8.91013468,4.791332523,13.06331649,2.877392844,1.547288162,4.218599911,63.05319712,25.31018174,109.9855912,63.91434011,21.08454089,117.2496427,CIP+CRO+NDA
MSM,cip+cro+nda,0.5,0.125,0.05,303.5966917,301.866648,305.953076,304.9700076,303.0130966,307.5186101,366.7084817,328.2100418,420.8951635,397.2568145,354.2818003,452.8251104,30.54833278,26.07175844,31.92994691,167.1,167.1,167.1,133.49,133.49,133.49,0.273114423,0.1082395,0.445807928,0.451361383,0.409918816,0.494157011,3.121825916,2.35681871,3.872259177,0.41571318,0,0.97149037,0.514178556,0,1.201596533,0.266282524,0.05886423,0.546041274,56.3682818,20.70028355,105.4783756,59.53777931,20.68321486,113.9998762,167.1,167.1,167.1,133.49,133.49,133.49,0,0,0,1.044654381,0.987840993,1.087045894,0,0,0,8.988986812,4.588985,13.22887974,11.11810855,5.675927045,16.36225794,3.590424513,1.832954545,5.283943016,63.88266859,27.16302161,111.9477236,63.71719794,22.00647651,121.9363558,CIP+CRO+NDA
MSM,cip+cro+nda,0.5,0.15,0.05,303.6191594,301.8465441,306.011818,305.280374,303.2793655,307.7227017,367.1612444,328.3947395,419.8773021,403.8420967,359.9510957,461.0316552,36.68085232,31.5563562,41.15435315,167.1,167.1,167.1,133.49,133.49,133.49,0.268576432,0.105794038,0.441626669,0.440270747,0.399472928,0.480394801,3.645629751,2.805783694,4.496208017,0.403627616,0,0.981392326,0.499230419,0,1.213843856,0.31516362,0.108016882,0.608063748,56.31597629,20.4601554,106.0729022,59.27625031,20.48504788,112.2836729,167.1,167.1,167.1,133.49,133.49,133.49,0,0,0,1.044130227,0.987176276,1.086281349,0,0,0,10.67853572,5.822246901,15.44564048,13.2078422,7.201298033,19.10407825,4.265272297,2.325549969,6.169372294,65.29927145,29.27787148,113.3050596,64.33938588,22.2293455,118.3074673,CIP+CRO+NDA
MSM,cip+cro+nda,0.7,0,0.05,303.3915542,301.6269091,305.7860413,303.2805243,301.5249672,305.5938876,362.221952,322.8463941,414.4953623,359.8792237,321.3753237,411.4417864,-2.342728264,-1.471070478,-3.053575916,167.1,167.1,167.1,133.49,133.49,133.49,0.164789783,0.068335015,0.269454186,0.715629508,0.663205921,0.761316188,0.600323418,0.273800143,0.967035498,0.495843659,0,1.105372698,0.613288654,0,1.367190085,0.049075031,0.001209117,0.169047947,54.37747945,18.41625826,102.3504999,58.17526125,19.28462954,111.5930718,167.1,167.1,167.1,133.49,133.49,133.49,0,0,0,1.044624902,0.981113078,1.087639429,0,0,0,0,0,0,0,0,0,0,0,0,53.82788135,18.06912982,101.4606103,57.9276613,19.45889911,109.6522081,CIP+CRO+NDA
MSM,cip+cro+nda,0.7,0.025,0.05,303.4869008,301.650491,305.8659415,303.6703349,301.8079994,306.1885165,364.3768792,323.6802335,419.5200268,368.2384535,327.6011531,421.232045,3.861574284,3.920919591,1.712018245,167.1,167.1,167.1,133.49,133.49,133.49,0.164525742,0.066034877,0.274615879,0.697255915,0.645027341,0.743257753,1.341992925,0.832362344,1.881982465,0.509003595,0,1.117803872,0.629565639,0,1.382565693,0.110554857,0.001291755,0.279297873,55.57972026,18.40419849,104.9944351,59.24503609,19.33157667,113.8665361,167.1,167.1,167.1,133.49,133.49,133.49,0,0,0,1.043377005,0.983635702,1.084918777,0,0,0,1.812267703,0.721607712,3.014738726,2.24151948,0.892526937,3.728806494,0.723864716,0.288228036,1.204161498,56.59680594,20.31275744,105.3091609,59.94962281,19.54731739,112.5449784,CIP+CRO+NDA
MSM,cip+cro+nda,0.7,0.05,0.05,303.534001,301.7667002,305.8786242,303.9774398,302.0996826,306.4527364,365.3236657,325.7359318,415.5224731,375.1664802,334.0517947,427.8440105,9.842814482,8.315862946,12.32153744,167.1,167.1,167.1,133.49,133.49,133.49,0.166491279,0.064205904,0.272577415,0.679298133,0.626180216,0.725477422,2.086600449,1.448497854,2.827974934,0.521406712,0,1.14085446,0.644906544,0,1.411076019,0.179482722,0.005992162,0.400085122,55.7468328,19.79204625,103.2322506,59.12506843,19.61543558,109.8023566,167.1,167.1,167.1,133.49,133.49,133.49,0,0,0,1.044071849,0.980496399,1.08590294,0,0,0,3.584478205,1.808105385,5.57291991,4.433493852,2.236371279,6.892915719,1.431729591,0.722202183,2.225962578,58.19647938,21.29438739,106.3609244,60.63052579,20.33287746,112.3884507,CIP+CRO+NDA
MSM,cip+cro+nda,0.7,0.075,0.05,303.5257207,301.7672002,305.813218,304.254581,302.3245296,306.5542863,365.1249993,326.6720707,415.9832044,381.2755906,339.0812563,434.4260495,16.15059131,12.40918562,18.44284518,167.1,167.1,167.1,133.49,133.49,133.49,0.165080688,0.063973451,0.273020818,0.662486215,0.616939166,0.706252841,2.837112102,2.163495277,3.646615144,0.537420218,0.131058074,1.219318739,0.664712992,0.162100349,1.508125263,0.245224418,0.056685522,0.488461679,54.79348203,19.68862938,101.1051797,57.82655718,19.69518752,109.4062263,167.1,167.1,167.1,133.49,133.49,133.49,0,0,0,1.044770423,0.983826483,1.086123521,0,0,0,5.451942812,2.607841293,7.98563136,6.743284115,3.225531774,9.877099405,2.177641321,1.041636561,3.189659434,58.82169692,23.1925438,104.6052986,60.13667951,20.67625851,113.7049487,CIP+CRO+NDA
MSM,cip+cro+nda,0.7,0.1,0.05,303.5380015,301.8415127,305.7911511,304.5198764,302.6818349,306.9870682,365.2280731,327.9150759,414.7809508,387.0953201,346.5781728,437.2361334,21.86724708,18.66309689,22.45518255,167.1,167.1,167.1,133.49,133.49,133.49,0.164181527,0.065258849,0.269674933,0.643867208,0.591219156,0.688192461,3.613785734,2.705746668,4.467197919,0.547384634,0.125396676,1.183549204,0.677037569,0.155097998,1.463883393,0.311784201,0.106062038,0.571951923,54.19828623,20.02413388,99.44987811,56.8229216,19.94169308,106.7001421,167.1,167.1,167.1,133.49,133.49,133.49,0,0,0,1.044175008,0.984732316,1.088334595,0,0,0,7.109896384,3.552886257,10.21646248,8.793938785,4.39441907,12.63632278,2.839869142,1.419110983,4.080708771,59.68935939,25.88998418,104.8807156,60.11715019,20.62095314,111.3304288,CIP+CRO+NDA
MSM,cip+cro+nda,0.7,0.125,0.05,303.6211485,301.8779797,306.0814613,304.8920473,302.8584295,307.4897516,367.3113659,329.2817294,421.2658306,395.2558941,351.7635349,453.5201309,27.94452821,22.48180548,32.25430032,167.1,167.1,167.1,133.49,133.49,133.49,0.16394676,0.063208405,0.270519321,0.626940087,0.574950112,0.673005715,4.313642268,3.451534514,5.206648905,0.565518823,0,1.236787111,0.699467002,0,1.529731174,0.371382981,0.157516172,0.646798295,55.35505073,20.39950619,104.7250285,57.91255594,18.87392137,112.5422027,167.1,167.1,167.1,133.49,133.49,133.49,0,0,0,1.044017901,0.978211663,1.08814017,0,0,0,8.951827629,5.111785706,12.8600907,11.07214788,6.322557764,15.90611793,3.575582213,2.041774128,5.136639518,62.22543158,26.11125987,111.8970337,61.84797626,20.57528284,121.6993204,CIP+CRO+NDA
MSM,cip+cro+nda,0.7,0.15,0.05,303.7720828,301.8869077,306.2494861,305.3308427,303.1915044,308.0118298,370.5442035,329.0517029,424.9193116,404.8903783,357.9385378,462.938471,34.34617482,28.88683485,38.01915944,167.1,167.1,167.1,133.49,133.49,133.49,0.164742687,0.064711787,0.266348292,0.608466037,0.559720366,0.653775744,5.070205902,4.018753726,6.103794113,0.583042812,0.126690816,1.234077605,0.721141705,0.156698666,1.526379898,0.440199862,0.166359067,0.762853124,57.53810889,19.61611784,106.8497515,60.05991726,18.72080835,115.1669498,167.1,167.1,167.1,133.49,133.49,133.49,0,0,0,1.043443022,0.984962124,1.085460922,0,0,0,10.81943205,6.255692964,15.4552255,13.38211108,7.737409664,19.11593357,4.32154979,2.498679088,6.173200793,65.96124736,26.45325617,115.4064228,65.00924179,20.49840935,122.7033379,CIP+CRO+NDA
MSW,cip,0.1,0,0.05,306.896085,302.4174509,313.4586297,306.9270118,302.5577216,313.3211982,558.6647189,374.7381346,819.7297081,560.2460008,381.8953581,819.6544312,1.581281937,7.157223515,-0.075276973,167.1,167.1,167.1,133.49,133.49,133.49,0.479572869,0.187098521,0.782999322,0.122059699,0.089727295,0.153987605,0,0,0,0.088220712,0,0.516259623,0.109116575,0,0.638540321,7.82E-04,0,0.004577793,252.7671031,69.56281779,515.4470282,257.0232041,73.21687437,517.8592932,167.1,167.1,167.1,133.49,133.49,133.49,0,0,0,1.042425501,0.970078841,1.088060341,0,0,0,0,0,0,0,0,0,0,0,0,254.1517189,76.30432404,513.2504564,258.3004209,79.96964873,517.6212964,CIP
MSW,cip,0.1,0.025,0.05,307.0314546,302.5765635,313.6263806,307.1720101,302.7973954,313.8860634,564.7451602,384.2681946,833.8872389,569.7349619,393.1321751,841.4727158,4.989801666,8.863980472,7.585476965,167.1,167.1,167.1,133.49,133.49,133.49,0.487460638,0.193434969,0.78868461,0.122362235,0.092092153,0.155914753,0,0,0,0.3371887,0,1.049782596,0.417054853,0,1.298432971,0.102583937,0,0.339901597,258.1131517,79.33189505,530.4332777,262.2195421,82.56900687,532.0657729,167.1,167.1,167.1,133.49,133.49,133.49,0,0,0,1.043954967,0.979941127,1.090265778,0,0,0,2.068668626,0.567273051,3.851692308,2.558651249,0.701636735,4.764,0.826277611,0.226582941,1.538461538,257.6397003,80.88292875,528.5966573,260.3999939,83.98612612,529.6373169,CIP
MSW,cip,0.1,0.05,0.05,306.9966397,302.6513835,313.227852,307.4356747,303.0164906,314.1848503,563.441055,384.5951093,817.7094621,580.3838369,402.4920861,857.3450785,16.94278185,17.89697678,39.63561637,167.1,167.1,167.1,133.49,133.49,133.49,0.493825359,0.188905929,0.791461121,0.121671445,0.091585522,0.15627491,0,0,0,0.567494492,0,1.536108615,0.701910626,0,1.899949648,0.196878424,0,0.584682504,255.9593318,78.17275812,510.6554501,260.0707326,79.41985652,512.4662172,167.1,167.1,167.1,133.49,133.49,133.49,0,0,0,1.042052984,0.976014794,1.086659447,0,0,0,4.055268362,1.554632739,6.710680412,5.015794859,1.922861375,8.300164948,1.619774869,0.620958915,2.680412371,262.2194856,84.43814837,533.4357909,263.9678893,86.87144651,541.6424991,CIP
MSW,cip,0.1,0.075,0.05,307.145748,302.7405049,313.9771214,307.5940661,303.0752621,314.1914654,570.1352947,388.8031849,849.0174421,587.0545561,400.4298817,855.3408094,16.91926141,11.62669684,6.323367343,167.1,167.1,167.1,133.49,133.49,133.49,0.476557508,0.18966858,0.776790366,0.122253717,0.094663249,0.155952255,0,0,0,0.815783808,0,1.934455774,1.009009482,0,2.392648886,0.296295136,0,0.723160437,262.0400288,79.72698944,543.860472,265.8882365,83.23345559,547.2795769,167.1,167.1,167.1,133.49,133.49,133.49,0,0,0,1.043636245,0.974348226,1.088924384,0,0,0,6.211700126,2.787408907,9.402085552,7.682996729,3.447631579,11.62905341,2.481107256,1.113360324,3.755426407,262.8047803,77.32036279,529.0579378,262.9625257,78.04790725,531.940486,CIP
MSW,cip,0.1,0.1,0.05,306.9701467,302.4294075,313.5362662,307.7803436,303.1745538,314.8013528,562.5251629,376.5449182,837.1844428,594.2910215,407.5279687,881.847577,31.76585864,30.98305047,44.66313417,167.1,167.1,167.1,133.49,133.49,133.49,0.486446443,0.189656569,0.783573756,0.12199151,0.093040045,0.152541335,0,0,0,1.069434559,0,2.285349385,1.322739677,0,2.82665478,0.399031799,0,0.849911338,253.7372333,68.00529803,526.6473307,257.386367,70.34249112,531.223431,167.1,167.1,167.1,133.49,133.49,133.49,0,0,0,1.042916663,0.984494816,1.086933673,0,0,0,8.259725352,3.988906463,12.2692081,10.216115,4.933714552,15.17527952,3.29913938,1.593268279,4.900626338,264.2474178,81.91540388,551.5462048,263.0812396,76.35597552,553.1570693,CIP
MSW,cip,0.1,0.125,0.05,307.1853801,302.7347281,313.8802001,308.1015935,303.7449499,314.1657978,571.1229764,388.4036351,835.6594395,608.9688991,428.0854659,866.6950022,37.84592275,39.68183076,31.03556267,167.1,167.1,167.1,133.49,133.49,133.49,0.479314721,0.186319752,0.782102733,0.12132434,0.090944373,0.151761236,0,0,0,1.27693797,0.252863447,2.608040382,1.579392123,0.312756411,3.225778018,0.482820717,0.100215304,0.996556548,261.703968,79.59884705,527.7840539,265.2097224,82.18427022,531.6810477,167.1,167.1,167.1,133.49,133.49,133.49,0,0,0,1.042996324,0.977612786,1.086649463,0,0,0,10.42831684,5.288240027,14.90238095,12.89835674,6.540806865,18.43214286,4.165328664,2.112254365,5.952380952,272.6987697,91.30879437,526.9476502,269.8526921,88.94934555,528.254875,CIP
MSW,cip,0.1,0.15,0.05,307.0291818,302.7585358,313.7265686,308.0480187,303.7015453,314.7831372,564.2240275,389.5308381,838.8997684,606.745091,430.6272962,876.0053171,42.52106347,41.09645806,37.10554868,167.1,167.1,167.1,133.49,133.49,133.49,0.489916273,0.194658158,0.786689894,0.12118619,0.092106383,0.155629913,0,0,0,1.530225314,0.265183888,3.094569561,1.892672834,0.327995059,3.827545975,0.583315208,0.104382183,1.185819909,253.8336331,80.22885332,526.4103489,257.4122452,82.64262846,532.6386042,167.1,167.1,167.1,133.49,133.49,133.49,0,0,0,1.040500137,0.971221333,1.083799102,0,0,0,12.13620597,6.318876229,17.32902588,15.01077465,7.815558448,21.43356028,4.847501985,2.523916053,6.921643184,265.1131624,90.37582735,529.4966578,261.4567947,82.16083808,528.9365983,CIP
MSW,cip,0.3,0,0.05,307.0377268,302.4948191,313.6297022,307.043539,302.604038,314.247804,564.7904353,380.7129156,828.188352,564.3738316,385.1387118,841.5449832,-0.416603748,4.425796179,13.35663126,167.1,167.1,167.1,133.49,133.49,133.49,0.375348021,0.146425729,0.613286611,0.324214492,0.274099173,0.37,0,0,0,0.244375715,0,0.816615588,0.302258284,0,1.010038276,0.002166936,0,0.007241119,258.2527682,71.6906626,523.471756,262.5137476,79.41020331,526.2837121,167.1,167.1,167.1,133.49,133.49,133.49,0,0,0,1.043768454,0.985661445,1.087998368,0,0,0,0,0,0,0,0,0,0,0,0,258.2034612,77.17756776,537.465209,262.424508,83.04298266,539.5525053,CIP
MSW,cip,0.3,0.025,0.05,307.1176462,302.6904113,313.9310341,307.179927,302.7469557,313.7650827,567.5921332,387.7486889,834.4193265,570.2886827,386.3327439,836.0380918,2.696549442,-1.415945054,1.618765279,167.1,167.1,167.1,133.49,133.49,133.49,0.381458124,0.148872411,0.616843049,0.325214503,0.275693937,0.374485532,0,0,0,0.917686997,0,2.027309277,1.135049351,0,2.50749557,0.27009776,0,0.640339835,259.2279285,77.74129942,524.1413141,262.8952843,84.33303492,528.5060988,167.1,167.1,167.1,133.49,133.49,133.49,0,0,0,1.043396301,0.97752586,1.08802412,0,0,0,2.042182381,0.716543655,3.777200327,2.5258915,0.886263413,4.671863929,0.815698347,0.286205326,1.508707592,258.2236359,74.25250747,521.6448011,260.9636219,74.9589389,526.1260223,CIP
MSW,cip,0.3,0.05,0.05,307.1346982,302.7585748,313.5522045,307.3123971,302.8448213,313.8852009,569.3617083,386.4852169,822.2289113,575.939939,395.5619294,831.0851943,6.578230625,9.076712474,8.856283062,167.1,167.1,167.1,133.49,133.49,133.49,0.390242252,0.15280539,0.616054599,0.324301824,0.275709055,0.372479,0,0,0,1.514603072,0.262377306,2.968990166,1.873350324,0.324523712,3.672221979,0.51302664,0.102664145,1.044140192,259.2356698,78.01386683,513.9096607,262.5277655,78.23799027,515.5974256,167.1,167.1,167.1,133.49,133.49,133.49,0,0,0,1.042387369,0.978011815,1.087802456,0,0,0,4.142554649,1.813830372,6.900214428,5.123755682,2.243452281,8.534591787,1.654639179,0.724488885,2.756116963,257.700358,77.92531438,510.7020617,259.1741776,77.19278296,516.603964,CIP
MSW,cip,0.3,0.075,0.05,307.0916649,302.7854068,313.560498,307.5044799,303.1294481,314.0368876,566.360772,393.6036183,830.7044053,583.8838552,406.0923042,858.6737179,17.5230832,12.48868589,27.96931252,167.1,167.1,167.1,133.49,133.49,133.49,0.374646191,0.147332153,0.62073373,0.323696628,0.279766086,0.369289862,0,0,0,2.112718833,0.740673607,3.752786499,2.613135141,0.91610876,4.641667468,0.756048548,0.214214018,1.384776765,254.4365769,82.7235026,520.3492406,257.2210982,83.41387422,524.0337977,167.1,167.1,167.1,133.49,133.49,133.49,0,0,0,1.043662704,0.977047895,1.089980461,0,0,0,6.195254609,3.018662165,9.422291335,7.662655944,3.733659235,11.65404511,2.474538508,1.205728617,3.763497098,259.6796195,82.00213781,534.2450768,259.8266412,80.04810205,534.4181387,CIP
MSW,cip,0.3,0.1,0.05,307.2034735,302.8457716,313.6079986,307.6217228,303.3074518,314.0944825,571.7968457,393.4298829,834.9983858,588.8022288,413.7073367,867.3679819,17.00538305,20.27745372,32.36959609,167.1,167.1,167.1,133.49,133.49,133.49,0.384816377,0.147151098,0.617814436,0.323844015,0.278650753,0.369231237,0,0,0,2.807971131,1.025805415,4.794639853,3.473064149,1.268776581,5.930293085,1.034153744,0.333907702,1.771424965,257.936423,79.26344987,520.5258859,260.2901492,79.51479483,523.3457678,167.1,167.1,167.1,133.49,133.49,133.49,0,0,0,1.042013538,0.974664936,1.088333221,0,0,0,8.186122541,4.04574206,12.19510565,10.12507871,5.004012168,15.08362524,3.26974059,1.615969828,4.87102798,258.9193092,82.41695066,541.5413902,257.3980017,79.8111624,538.4122188,CIP
MSW,cip,0.3,0.125,0.05,307.2360865,302.9970714,314.2333483,307.8800325,303.5133262,314.4422016,572.7309443,401.4237834,861.1758461,599.6526979,424.4290804,868.2737044,26.92175353,23.00529701,7.097858391,167.1,167.1,167.1,133.49,133.49,133.49,0.376556792,0.149573503,0.617776593,0.324525085,0.274714127,0.370017961,0,0,0,3.489706095,1.432926393,5.737650911,4.316274123,1.772327795,7.096664727,1.306879913,0.503201292,2.151997008,256.9031081,82.83800931,543.7085606,258.912677,85.35260315,542.8757435,167.1,167.1,167.1,133.49,133.49,133.49,0,0,0,1.04280988,0.979278357,1.08539042,0,0,0,10.25817809,5.017126555,14.97348263,12.68791911,6.205477748,18.5200856,4.097371021,2.003964913,5.980780727,263.7279666,90.75797359,530.5299755,261.2374442,83.58119072,531.6482669,CIP
MSW,cip,0.3,0.15,0.05,307.3704065,302.8324746,314.6828377,308.1264083,303.6961394,314.7394062,578.3603771,395.6770814,868.3719808,610.1354074,429.6084612,885.1630179,31.7750303,33.93137982,16.79103714,167.1,167.1,167.1,133.49,133.49,133.49,0.374821247,0.14444779,0.60870765,0.324998859,0.27459058,0.372416532,0,0,0,4.060003295,1.654270335,6.63205298,5.021651303,2.046099025,8.202913907,1.541979056,0.622278572,2.555876393,260.9256362,78.625934,547.0950609,262.4577181,78.27511642,553.7674642,167.1,167.1,167.1,133.49,133.49,133.49,0,0,0,1.04324179,0.977325982,1.08860928,0,0,0,12.51329045,6.389495665,17.92248961,15.47717495,7.902904727,22.1675912,4.998118888,2.552123208,7.158687334,267.9256344,85.69140797,544.9531073,263.6402751,80.09012786,539.142615,CIP
MSW,cip,0.5,0,0.05,306.991156,302.6038344,313.5128944,307.0317678,302.3609992,313.3066241,562.9595734,384.7688306,819.2642727,564.6761888,373.452858,825.2744651,1.716615322,-11.31597259,6.010192485,167.1,167.1,167.1,133.49,133.49,133.49,0.275519634,0.10633098,0.447680843,0.526281379,0.470556694,0.578118243,0,0,0,0.406586326,0,1.143459756,0.502889926,0,1.414298403,0.003605295,0,0.010139322,256.029997,76.27937043,513.2006115,260.059842,81.09296533,517.6361336,167.1,167.1,167.1,133.49,133.49,133.49,0,0,0,1.043486739,0.985880924,1.088280355,0,0,0,0,0,0,0,0,0,0,0,0,258.5631116,68.99344747,520.1394553,262.7278746,71.45357905,523.3665901,CIP
MSW,cip,0.5,0.025,0.05,307.1177987,302.6607827,313.4908825,307.1164321,302.7532703,314.0067624,568.0823573,386.7935087,827.9051132,567.8499037,387.8663117,842.0367917,-0.232453643,1.072802984,14.13167853,167.1,167.1,167.1,133.49,133.49,133.49,0.277212507,0.10787311,0.449455911,0.528611996,0.472240037,0.585095177,0,0,0,1.469469651,0.266894118,3.004470517,1.81752665,0.330110372,3.716106168,0.433252945,0.099153375,0.940817742,258.1273168,74.7503924,517.6100486,261.3615364,80.19492841,522.5609596,167.1,167.1,167.1,133.49,133.49,133.49,0,0,0,1.043726477,0.985751435,1.086110085,0,0,0,2.115399557,0.534957265,3.961904315,2.616450818,0.661666667,4.900316704,0.844943105,0.213675214,1.58248295,255.6140289,76.50264687,526.8020743,258.4241721,79.90306924,533.2037582,CIP
MSW,cip,0.5,0.05,0.05,307.2219158,302.6964842,313.8074375,307.3988775,302.8576463,313.6657554,571.567828,386.2599198,833.7911164,579.5637914,395.4120195,836.699329,7.995963454,9.152099667,2.908212529,167.1,167.1,167.1,133.49,133.49,133.49,0.269675241,0.102594557,0.446958279,0.526711565,0.470766,0.585960559,0,0,0,2.537725489,0.79728261,4.58022342,3.138808415,0.98612611,5.665090207,0.858039429,0.222174662,1.599255722,258.414846,74.03849359,517.018431,261.0861438,76.87112873,524.577748,167.1,167.1,167.1,133.49,133.49,133.49,0,0,0,1.041853607,0.972751877,1.087393203,0,0,0,4.202703047,1.706711005,6.759545022,5.198150765,2.110960735,8.360603577,1.678663943,0.68170275,2.699930109,261.2132995,76.95480046,512.612569,262.6100251,80.03929035,520.4832735,CIP
MSW,cip,0.5,0.075,0.05,307.4595583,302.9287144,314.6621087,307.6795665,303.2448612,315.1183675,581.7265913,397.5526448,857.1448291,591.8517169,408.0109108,898.3893341,10.12512558,10.45826601,41.24450501,167.1,167.1,167.1,133.49,133.49,133.49,0.271755829,0.104326639,0.448280703,0.525772195,0.468804626,0.579365032,0,0,0,3.505199551,1.124777836,5.94975279,4.335437342,1.391191503,7.359004828,1.253947112,0.411253137,2.183065878,265.6879507,79.30592806,543.6510633,267.8771325,83.0770526,547.4659707,167.1,167.1,167.1,133.49,133.49,133.49,0,0,0,1.043254838,0.980301575,1.087114579,0,0,0,6.250751996,2.804014143,9.388835783,7.731298382,3.468169914,11.61266532,2.496705542,1.119992868,3.75013412,267.5391548,82.75077079,572.0353138,267.8019284,81.98274825,578.6078142,CIP
MSW,cip,0.5,0.1,0.05,307.4351961,302.9888996,314.1895093,307.7596808,303.3385582,313.9407131,580.6942405,400.8611243,861.8422237,594.2128102,412.5667993,853.028016,13.51856972,11.70567494,-8.81420773,167.1,167.1,167.1,133.49,133.49,133.49,0.273267189,0.106600064,0.44562042,0.526178506,0.471693088,0.579239166,0,0,0,4.611491668,1.854961343,7.394989991,5.703764619,2.29432549,9.146559357,1.69496331,0.683394538,2.758078009,261.548639,81.07667707,544.0820378,262.7824433,83.29132717,543.109899,167.1,167.1,167.1,133.49,133.49,133.49,0,0,0,1.042294271,0.975095964,1.087760533,0,0,0,8.230053379,4.045786207,12.31509784,10.17941496,5.004066771,15.23203866,3.287287657,1.615987461,4.918955841,264.1508534,83.48015972,521.5558543,263.1558013,82.19083516,526.1037536,CIP
MSW,cip,0.5,0.125,0.05,307.4977155,303.1263552,314.2583528,307.9681977,303.6890138,314.3576886,583.8161069,404.8960317,843.7874078,602.5154689,430.6886686,862.3920674,18.699362,25.79263697,18.60465954,167.1,167.1,167.1,133.49,133.49,133.49,0.273310547,0.104060156,0.452230376,0.525921445,0.472961622,0.577901119,0,0,0,5.659821921,2.646372044,9.015018409,7.000401247,3.273188877,11.15030596,2.122653029,0.953006989,3.403022236,261.6281648,83.73358713,524.520191,262.1608919,79.1032592,524.4783197,167.1,167.1,167.1,133.49,133.49,133.49,0,0,0,1.041860041,0.977839286,1.087935676,0,0,0,10.41276595,5.193122108,15.11827381,12.87912249,6.423159418,18.69917187,4.159117253,2.074261906,6.038613921,266.2108283,94.37670437,530.1443624,263.3832747,90.29098721,523.0661746,CIP
MSW,cip,0.5,0.15,0.05,307.708533,303.1820855,314.5361353,308.2209141,303.7460513,315.2741654,592.4046305,405.6523777,867.7836377,612.0307532,432.7251628,898.1209761,19.62612273,27.07278513,30.33733833,167.1,167.1,167.1,133.49,133.49,133.49,0.272278047,0.106215091,0.445010302,0.526590012,0.468662662,0.583331546,0,0,0,6.724110938,3.300559071,10.24479793,8.316776613,4.082325939,12.67136973,2.549270552,1.265296176,3.857997072,267.1732379,81.25750156,545.8462072,266.8080732,81.66280494,546.9505097,167.1,167.1,167.1,133.49,133.49,133.49,0,0,0,1.043074633,0.978954009,1.08890022,0,0,0,12.46687427,6.866872774,17.68070245,15.41976469,8.493352865,21.86853459,4.979579116,2.742799478,7.06211154,269.9441677,90.11835038,558.905947,265.3362641,87.81127483,556.4355109,CIP
MSW,cip,0.7,0,0.05,307.0099944,302.6636977,313.3983427,307.0454621,302.6333164,314.2466879,563.0278452,387.398397,820.9811558,564.7786426,385.0238584,868.5435859,1.750797425,-2.374538533,47.56243002,167.1,167.1,167.1,133.49,133.49,133.49,0.166867414,0.063982314,0.274621026,0.728703527,0.661976132,0.788366621,0,0,0,0.58478339,0,1.511380013,0.723294554,0,1.869363856,0.00518541,0,0.013401756,255.4811984,77.81199668,514.9576919,259.4879447,84.53828597,518.5219928,167.1,167.1,167.1,133.49,133.49,133.49,0,0,0,1.043093721,0.974736917,1.089148368,0,0,0,0,0,0,0,0,0,0,0,0,258.5712611,79.30764727,563.3792503,262.8341008,83.08257495,566.5257459,CIP
MSW,cip,0.7,0.025,0.05,307.0451933,302.6448264,313.8472684,307.0441797,302.6218798,313.9493421,565.1851561,384.7199168,830.3436019,565.5437182,383.9763927,840.6616787,0.358562018,-0.743524058,10.31807687,167.1,167.1,167.1,133.49,133.49,133.49,0.167163078,0.063423121,0.274331176,0.728626842,0.665533846,0.78465822,0,0,0,1.991673765,0.53820898,3.755777048,2.463419468,0.66568858,4.645366355,0.581587339,0.108266801,1.18102079,253.6230126,74.12721773,519.586637,256.640873,76.64315117,521.4009358,167.1,167.1,167.1,133.49,133.49,133.49,0,0,0,1.042163452,0.976317333,1.08610754,0,0,0,2.060062185,0.722157654,3.856244283,2.548006296,0.893207138,4.769630152,0.822839985,0.288447697,1.54027971,253.3811425,73.33356132,525.1584676,256.2288106,75.569878,529.2748411,CIP
MSW,cip,0.7,0.05,0.05,307.2506389,302.9356265,314.7220055,307.2559656,302.8781056,314.2896063,573.654439,395.3617404,876.3219655,573.7907798,393.6900093,843.5184289,0.136340768,-1.67173113,-32.80353661,167.1,167.1,167.1,133.49,133.49,133.49,0.163812309,0.062664518,0.276092175,0.728958072,0.66331278,0.779729565,0,0,0,3.499400688,1.328594972,5.868614114,4.328264966,1.643284546,7.258647733,1.181072736,0.488206882,2.07406451,257.6826757,81.39436217,559.6665109,259.6580999,83.19994882,556.6044696,167.1,167.1,167.1,133.49,133.49,133.49,0,0,0,1.042780762,0.979889804,1.088282104,0,0,0,4.173629935,1.795159477,6.760058663,5.162191427,2.220359017,8.361238879,1.66705142,0.717031266,2.700135271,255.444625,76.26296015,530.1199569,256.9388563,74.46273527,531.2531168,CIP
MSW,cip,0.7,0.075,0.05,307.5567086,302.9384938,314.6203153,307.6862417,303.2353014,314.1999455,585.4631012,397.6074179,868.1523562,590.8542132,410.4243696,874.3155848,5.391112043,12.81695168,6.163228618,167.1,167.1,167.1,133.49,133.49,133.49,0.167637194,0.065498601,0.273612493,0.731218314,0.675644554,0.786351699,0,0,0,4.932422807,2.275206574,7.627451831,6.100711161,2.814109553,9.434081858,1.764826775,0.78781185,2.756224575,265.6732034,77.28505891,551.3872896,266.5599208,79.00327127,551.6680491,167.1,167.1,167.1,133.49,133.49,133.49,0,0,0,1.044738983,0.983519371,1.090295858,0,0,0,6.302461323,3.026905683,9.754529571,7.795255525,3.743855304,12.06497694,2.517359531,1.209021283,3.896201299,266.7737404,86.51132746,544.404844,266.5558984,85.84008839,550.0822586,CIP
MSW,cip,0.7,0.1,0.05,307.5501077,303.2732893,313.9566871,307.7395151,303.3218737,314.0549094,584.9148641,408.8532585,842.153838,594.0648912,411.3201204,864.8559218,9.150027045,2.466861873,22.70208376,167.1,167.1,167.1,133.49,133.49,133.49,0.161988148,0.062053434,0.272812563,0.729931641,0.66684216,0.785131503,0,0,0,6.421541108,3.046516955,9.910083333,7.94254042,3.76811168,12.257375,2.356153596,1.089266553,3.670163358,260.4433048,84.10257374,521.6518032,260.5574136,84.29517732,523.9096331,167.1,167.1,167.1,133.49,133.49,133.49,0,0,0,1.042838539,0.982527333,1.087451359,0,0,0,8.262162274,4.223473929,12.39462391,10.21912913,5.223841416,15.33040119,3.300112747,1.686960349,4.950720528,263.9317574,83.29901686,530.8796934,262.875517,83.51847647,534.7865781,CIP
MSW,cip,0.7,0.125,0.05,307.7820781,303.3942228,313.762957,308.0390629,303.610968,314.6685222,595.1450039,415.8763153,856.9603277,606.4601512,427.1016101,866.3464521,11.31514729,11.22529473,9.386124377,167.1,167.1,167.1,133.49,133.49,133.49,0.162742915,0.064419757,0.274852908,0.730242078,0.673312842,0.782735261,0,0,0,7.806331945,3.869399869,11.52782312,9.655331324,4.785901755,14.25829089,2.916916155,1.435124711,4.339380594,266.8036823,87.0085227,530.1954179,266.1553287,83.66863731,532.2192197,167.1,167.1,167.1,133.49,133.49,133.49,0,0,0,1.044372195,0.985346013,1.088784394,0,0,0,10.36734891,5.89404301,15.19735645,12.82294801,7.29009969,18.79698594,4.140976557,2.354227117,6.070201491,270.4013782,91.88341406,528.622682,267.9992434,88.1219215,525.3873641,CIP
MSW,cip,0.7,0.15,0.05,307.8839164,303.3938672,314.7803566,308.2475188,303.7046864,315.6711173,599.2654163,414.9535354,887.4422531,614.6825179,431.2569795,893.8381281,15.41710159,16.30344408,6.395875005,167.1,167.1,167.1,133.49,133.49,133.49,0.16543921,0.062432105,0.276427271,0.728244083,0.674083323,0.783796001,0,0,0,9.365509748,4.832984051,13.62398621,11.5838143,5.977719449,16.85094891,3.546959911,1.866269628,5.174306359,266.3334259,84.17308427,556.3292699,264.8402858,80.54435967,555.1066837,167.1,167.1,167.1,133.49,133.49,133.49,0,0,0,1.043199989,0.979778159,1.086925466,0,0,0,12.56900805,6.613023471,17.72957373,15.54608976,8.179377089,21.92898148,5.020373882,2.641405764,7.081631944,272.2246808,88.87071949,554.0249909,268.3029561,82.22067558,549.8885058,CIP
MSW,cip+cro,0.1,0,0.05,307.213655,302.6529585,313.6828495,307.0554892,302.4095172,313.2876437,571.5896761,386.3478542,841.5300165,565.8375598,377.4104508,824.2354795,-5.752116363,-8.937403443,-17.294537,167.1,167.1,167.1,133.49,133.49,133.49,0.485248333,0.193674223,0.78946406,0.119350791,0.088507494,0.150395938,0.11272163,0,0.389920881,0.100220405,0,0.52052607,0.123958502,0,0.643817314,0.004931612,0,0.102249489,265.5096659,78.81909371,532.2064118,269.7467351,84.00990327,540.0115042,167.1,167.1,167.1,133.49,133.49,133.49,0,0,0,1.042857805,0.981983687,1.085215937,0,0,0,0,0,0,0,0,0,0,0,0,259.6626946,70.06413415,517.4228232,263.8922096,75.5128953,522.1314979,CIP+CRO
MSW,cip+cro,0.1,0.025,0.05,306.9827382,302.4789156,313.4581071,307.154976,302.6238291,314.0771614,562.0929381,377.3150637,832.9317474,569.4580548,385.4391396,867.2136167,7.365116749,8.124075923,34.28186931,167.1,167.1,167.1,133.49,133.49,133.49,0.493665703,0.191077107,0.786082682,0.115770974,0.086082729,0.14647853,0.246271074,0,0.586052842,0.109877157,0,0.523793141,0.135902542,0,0.647858221,0.011009106,0,0.106479167,255.7689753,70.65209117,528.7647293,260.0534706,75.78428742,531.0063647,167.1,167.1,167.1,133.49,133.49,133.49,0,0,0,1.042294674,0.982962694,1.086931352,0,0,0,2.040014209,0.5160745,3.77205623,2.523209778,0.638311351,4.665501407,0.814832325,0.206132969,1.506652912,257.3729649,73.0761003,551.3959819,260.3037326,75.41972625,557.6248021,CIP+CRO
MSW,cip+cro,0.1,0.05,0.05,307.0406872,302.5523556,313.913767,307.5439101,303.0377169,314.6433727,565.4573862,380.7596521,843.6669002,585.4255722,399.5003417,877.5565234,19.96818594,18.74068963,33.88962319,167.1,167.1,167.1,133.49,133.49,133.49,0.49965631,0.189745118,0.786196222,0.114835038,0.085384615,0.14684462,0.375953153,0.095224567,0.792118498,0.141533753,0,0.556386533,0.175057285,0,0.688171648,0.018986105,0,0.111108756,258.9729,74.88809074,540.5648604,263.115135,78.41346072,541.024301,167.1,167.1,167.1,133.49,133.49,133.49,0,0,0,1.042780385,0.973664814,1.085825352,0,0,0,4.152884172,1.741895112,6.680227873,5.136531845,2.154478513,8.262499453,1.658765047,0.695756156,2.668248871,267.2398871,79.92351869,558.2844933,268.7289453,82.25042793,561.8250915,CIP+CRO
MSW,cip+cro,0.1,0.075,0.05,307.0191365,302.5882224,313.4720946,307.4645515,303.0356597,313.6242861,563.686571,381.025058,824.3348366,583.0377185,398.5287493,846.6188242,19.35114759,17.5036913,22.28398761,167.1,167.1,167.1,133.49,133.49,133.49,0.491739063,0.190249646,0.794713264,0.110608563,0.081960547,0.14155986,0.511981563,0.105457705,1.024801856,0.132789087,0,0.557783457,0.164241367,0,0.689899445,0.021335393,0,0.111612916,257.2079708,76.09120286,516.4757189,261.2157926,78.78301342,522.0674513,167.1,167.1,167.1,133.49,133.49,133.49,0,0,0,1.043606671,0.98004333,1.088020888,0,0,0,6.239586869,2.859979796,9.420529997,7.717488695,3.537391531,11.65186659,2.492245913,1.142346939,3.762793576,259.0132617,78.54411795,521.4738874,258.9604548,76.75539365,522.4769256,CIP+CRO
MSW,cip+cro,0.1,0.1,0.05,306.9997972,302.6838414,313.6318846,307.753892,303.5051119,314.574747,563.058484,386.6491615,834.4638946,594.8393106,417.5624667,874.5444965,31.78082658,30.91330521,40.08060188,167.1,167.1,167.1,133.49,133.49,133.49,0.490734512,0.190477559,0.790504741,0.107561585,0.078980335,0.1381648,0.639888118,0.200773152,1.186261105,0.151159118,0,0.55896515,0.186962504,0,0.691361034,0.030755653,0,0.115804776,256.3936876,79.82245684,527.2855205,260.3475875,83.87961309,531.411499,167.1,167.1,167.1,133.49,133.49,133.49,0,0,0,1.042606876,0.971526649,1.085593142,0,0,0,8.172912288,3.888711258,12.40551059,10.10873949,4.809787219,15.34386647,3.264464087,1.553247826,4.955068935,265.031502,87.22128443,543.2567394,263.7380431,81.82677122,542.2480785,CIP+CRO
MSW,cip+cro,0.1,0.125,0.05,307.0046762,302.4462385,313.6544036,307.9451946,303.5285761,314.5614481,563.8459817,376.0423381,843.5970351,601.9453673,421.8361619,864.6125167,38.09938552,45.79382379,21.01548159,167.1,167.1,167.1,133.49,133.49,133.49,0.484001139,0.188056226,0.789568328,0.105533019,0.076867528,0.135367207,0.785381583,0.220702248,1.405693195,0.161286257,0,0.724085309,0.199488346,0,0.895591375,0.036425661,0,0.209205021,256.7271903,67.61749983,538.9875854,260.9245701,73.96887776,541.5702639,167.1,167.1,167.1,133.49,133.49,133.49,0,0,0,1.041823493,0.978634615,1.087359373,0,0,0,10.39081715,5.098464532,14.99028552,12.85197491,6.306081351,18.54086841,4.150350355,2.03645332,5.987492219,265.5790593,85.36720382,527.9602956,262.7124007,79.46915532,523.2778586,CIP+CRO
MSW,cip+cro,0.1,0.15,0.05,306.970754,302.7863231,313.0818505,308.1496323,303.7398918,314.7105044,562.1480584,388.9380188,817.5371586,610.0289712,433.7250254,880.8720446,47.88091281,44.78700658,63.33488603,167.1,167.1,167.1,133.49,133.49,133.49,0.485055671,0.18782268,0.786374438,0.101860949,0.072585361,0.133301545,0.904517586,0.392005451,1.511889257,0.172917701,0,0.587812679,0.213874801,0,0.727041358,0.041666238,0,0.210537419,255.1452475,81.72601848,509.965137,259.0151362,86.409596,514.8563317,167.1,167.1,167.1,133.49,133.49,133.49,0,0,0,1.04369317,0.977954851,1.088930637,0,0,0,12.49205674,6.87948769,17.53053838,15.45091185,8.508955736,21.68280282,4.98963762,2.747838189,7.002132282,267.7692194,91.75278788,536.3738206,263.2355323,86.90394231,536.4353335,CIP+CRO
MSW,cip+cro,0.3,0,0.05,307.1152551,302.6294734,313.5084079,307.0486129,302.5179724,313.9202521,568.198521,383.2580262,830.2102462,564.4515509,379.952151,830.8361725,-3.746970169,-3.305875173,0.625926322,167.1,167.1,167.1,133.49,133.49,133.49,0.383563885,0.146812816,0.617555035,0.317973394,0.274625048,0.364125243,0.287569873,0,0.666794626,0.271588727,0,0.991573935,0.33591694,0,1.22643707,0.011873876,0,0.108227987,261.3654791,75.72732269,520.9482536,265.4486103,81.3831651,528.4393747,167.1,167.1,167.1,133.49,133.49,133.49,0,0,0,1.042991423,0.980873685,1.089573666,0,0,0,0,0,0,0,0,0,0,0,0,258.2913481,72.73552463,525.9285564,262.4989914,78.00985817,528.7991103,CIP+CRO
MSW,cip+cro,0.3,0.025,0.05,307.0948645,302.6568207,313.6624584,307.2119824,302.8584227,313.384663,567.1294888,385.6913774,831.5057312,572.0212192,394.2611223,828.0722425,4.891730431,8.569744865,-3.433488724,167.1,167.1,167.1,133.49,133.49,133.49,0.373508588,0.149265883,0.612868052,0.309792501,0.262884493,0.355900383,0.645304788,0.210515259,1.198300654,0.313770429,0,1.005512424,0.388089755,0,1.243677014,0.028291831,0,0.199218661,259.8592321,79.32247423,525.6031646,263.812623,82.24921682,526.7289533,167.1,167.1,167.1,133.49,133.49,133.49,0,0,0,1.042788866,0.977321403,1.087587463,0,0,0,2.112316554,0.551244407,4.02245676,2.612637579,0.681811564,4.975211537,0.843711677,0.220180703,1.606669101,259.7621748,82.99992951,515.2478193,262.5851373,84.6262994,520.5668816,CIP+CRO
MSW,cip+cro,0.3,0.05,0.05,307.0349937,302.5829807,313.7542733,307.3380436,302.8636421,314.4850825,564.2665118,383.7532171,839.9377119,577.2272798,394.1473904,864.8704057,12.96076799,10.39417326,24.93269375,167.1,167.1,167.1,133.49,133.49,133.49,0.380987698,0.144533069,0.621279721,0.302437867,0.258539722,0.350423681,0.996199265,0.402354125,1.642857414,0.362648497,0,1.045620139,0.44854503,0,1.293284599,0.049561993,0,0.213933747,256.6337591,76.08603566,530.7539198,260.2954237,79.53895434,534.6563579,167.1,167.1,167.1,133.49,133.49,133.49,0,0,0,1.044446067,0.984527399,1.088697867,0,0,0,4.051061031,1.79194274,6.779574468,5.010590985,2.216380368,8.385377176,1.618094357,0.715746421,2.707930368,259.4825438,75.51469212,546.3107312,260.7219312,75.66570045,547.2641128,CIP+CRO
MSW,cip+cro,0.3,0.075,0.05,307.1251089,302.701625,313.9826288,307.703967,303.1842862,314.4157477,567.7944869,387.7593958,833.0250749,592.1526451,407.2758466,864.9038944,24.35815823,19.51645085,31.87881957,167.1,167.1,167.1,133.49,133.49,133.49,0.385692534,0.151285561,0.615333542,0.294033544,0.248870538,0.338872513,1.356538249,0.679480704,2.178526148,0.387039953,0,1.120178971,0.478713819,0,1.385503356,0.063229647,0,0.291840134,259.5857103,80.45091055,522.4964133,263.2548588,83.27400163,529.6355725,167.1,167.1,167.1,133.49,133.49,133.49,0,0,0,1.04346189,0.975902327,1.088536476,0,0,0,6.204574,2.893249135,9.530229131,7.674182716,3.57854101,11.78754894,2.478260904,1.155635539,3.806610134,268.0576519,85.63755565,540.3679857,268.1551669,82.49404584,541.2183854,CIP+CRO
MSW,cip+cro,0.3,0.1,0.05,307.309219,302.7969432,314.3912337,307.856974,303.3172587,315.032201,575.5329546,390.5783966,864.4002787,598.8661343,413.9765501,892.3985288,23.33317964,23.39815353,27.99825008,167.1,167.1,167.1,133.49,133.49,133.49,0.379627148,0.14854742,0.617150553,0.287250726,0.243526009,0.333466898,1.697888478,0.967071313,2.611583619,0.425769996,0,1.261895161,0.526617419,0,1.56078629,0.083017997,0,0.312533892,266.8919834,81.18817434,557.0409435,270.4581866,85.58467066,560.8889772,167.1,167.1,167.1,133.49,133.49,133.49,0,0,0,1.042613465,0.972322182,1.085243153,0,0,0,8.234986434,4.118382038,12.41301891,10.18551645,5.093857573,15.35315321,3.289258042,1.644984038,4.958067948,268.8457237,84.5625091,566.3124954,267.4698945,84.04740238,563.8709665,CIP+CRO
MSW,cip+cro,0.3,0.125,0.05,307.0996344,302.8165307,313.7732428,307.9125266,303.6893997,314.3928099,566.7915609,391.2368264,840.3995597,600.9673289,429.2024674,873.3924761,34.17576801,37.965641,32.99291642,167.1,167.1,167.1,133.49,133.49,133.49,0.371563396,0.146289025,0.610795957,0.278051244,0.234571999,0.319799542,2.052659255,1.264286866,2.998221416,0.458734582,0,1.277477814,0.567389961,0,1.580059834,0.099489186,0,0.321537388,257.6339836,83.74819191,528.7509127,261.1816305,87.17691934,535.2945299,167.1,167.1,167.1,133.49,133.49,133.49,0,0,0,1.04204146,0.979524288,1.087213183,0,0,0,10.38005257,5.289030248,14.87085603,12.83866064,6.541784257,18.39315098,4.146050713,2.112569998,5.939789116,264.778699,91.45654855,538.2657644,262.2602127,87.00739142,530.8376599,CIP+CRO
MSW,cip+cro,0.3,0.15,0.05,307.1548324,302.7815747,313.9482288,308.1492761,303.6563551,314.6705468,569.3340063,387.510139,842.5658483,610.4660594,431.0384343,879.6289847,41.13205317,43.5282953,37.06313639,167.1,167.1,167.1,133.49,133.49,133.49,0.37974249,0.152262555,0.610365011,0.270347302,0.224675586,0.314036294,2.39838238,1.505948644,3.421709154,0.501846485,0,1.282647808,0.620713303,0,1.586454387,0.117891007,0,0.340078351,259.8689118,78.5521766,529.8356798,263.1261219,81.66502736,537.2800355,167.1,167.1,167.1,133.49,133.49,133.49,0,0,0,1.043631629,0.984316163,1.088092465,0,0,0,12.49593789,6.56016428,17.80091993,15.45571228,8.113997727,22.01722665,4.991187845,2.620292491,7.110129384,268.4136885,89.03153878,532.8565796,263.8969972,80.95224223,532.3090655,CIP+CRO
MSW,cip+cro,0.5,0,0.05,306.891795,302.4760556,313.2430254,306.9469284,302.3311766,313.9297137,558.527987,377.6599956,814.6832564,561.2680312,372.5882213,853.0783983,2.740044188,-5.071774297,38.39514192,167.1,167.1,167.1,133.49,133.49,133.49,0.274529793,0.105666258,0.44539399,0.516514137,0.458377475,0.575819086,0.476526678,0.102870117,0.945378151,0.472338682,0,1.29861521,0.584216314,0,1.60620381,0.023928604,0,0.115737049,250.9554606,71.23224558,508.1186005,254.8170711,73.11515751,510.3271789,167.1,167.1,167.1,133.49,133.49,133.49,0,0,0,1.043341177,0.976707758,1.08928023,0,0,0,0,0,0,0,0,0,0,0,0,255.1302372,65.93803008,542.7141632,259.3258507,70.74919525,551.2243,CIP+CRO
MSW,cip+cro,0.5,0.025,0.05,307.0959689,302.5556608,313.7752088,307.2396312,302.7281972,314.1060004,566.5127262,379.9726528,844.1209968,572.6055829,387.2402492,869.1196013,6.092856727,7.26759635,24.99860453,167.1,167.1,167.1,133.49,133.49,133.49,0.27552321,0.104535205,0.449560802,0.50350331,0.444,0.558486,1.03647137,0.431872945,1.691421507,0.516075207,0,1.458837553,0.638312224,0,1.804376245,0.050483594,0,0.217522587,258.1360966,72.17246938,527.4205077,261.9524931,75.80610834,540.5440939,167.1,167.1,167.1,133.49,133.49,133.49,0,0,0,1.043429298,0.983446934,1.087719653,0,0,0,2.048576528,0.518263694,3.832163168,2.533800158,0.641019074,4.739845209,0.818252328,0.207007387,1.530661115,260.4466067,75.42083627,556.4723267,263.3922166,79.46685599,557.4540728,CIP+CRO
MSW,cip+cro,0.5,0.05,0.05,307.043859,302.7067663,313.7167945,307.3108749,303.024304,314.3700406,565.5657664,387.6725704,826.4231006,575.3970583,397.7627177,851.267749,9.831291912,10.09014735,24.84464841,167.1,167.1,167.1,133.49,133.49,133.49,0.274909343,0.107098301,0.451088661,0.491058677,0.437904059,0.543883688,1.631339004,0.865348272,2.477652342,0.600186076,0,1.542417723,0.742345504,0,1.907753123,0.083937617,0,0.304710945,256.4922878,79.90700676,517.4733994,259.9380021,82.75750893,520.4363714,167.1,167.1,167.1,133.49,133.49,133.49,0,0,0,1.045366605,0.988749677,1.09002,0,0,0,4.158398437,1.735168317,6.658510638,5.143352213,2.146158416,8.235638298,1.660967581,0.693069307,2.659574468,257.2497354,80.26133701,533.5690734,258.7100112,81.32609004,535.2634786,CIP+CRO
MSW,cip+cro,0.5,0.075,0.05,307.0644441,302.6842993,314.230763,307.579846,303.1504075,314.2030503,565.4171189,387.6498902,848.5662457,586.8486296,405.9569676,861.2172858,21.43151073,18.30707741,12.65104006,167.1,167.1,167.1,133.49,133.49,133.49,0.273087644,0.103895099,0.440296827,0.477304734,0.423772489,0.530771739,2.205705405,1.315789474,3.200227743,0.615100039,0,1.48780977,0.760791972,0,1.84021079,0.104190409,0,0.33314428,255.565822,77.16305998,539.6941969,259.0023239,81.33097943,542.0626961,167.1,167.1,167.1,133.49,133.49,133.49,0,0,0,1.041885336,0.9802553,1.087067298,0,0,0,6.190629365,2.832713958,9.552288139,7.65693517,3.503667536,11.81483282,2.472691071,1.131456286,3.815421049,262.5979647,84.32122137,540.4723508,262.7905493,79.25637374,544.5771342,CIP+CRO
MSW,cip+cro,0.5,0.1,0.05,307.0632397,302.6812487,313.7939553,307.839435,303.2484464,314.0478528,565.4216147,389.7593306,846.3951966,597.5774854,413.3274633,860.3003643,32.15587064,23.56813264,13.90516772,167.1,167.1,167.1,133.49,133.49,133.49,0.271030777,0.106448489,0.446891193,0.464951796,0.413269906,0.518617608,2.759309104,1.763002991,4.000422833,0.689161344,0,1.73191093,0.852395357,0,2.142129488,0.133263073,0,0.422519281,254.9775686,78.56632043,537.2480635,258.0237744,83.08510995,537.1703835,167.1,167.1,167.1,133.49,133.49,133.49,0,0,0,1.042887732,0.977221268,1.08720138,0,0,0,8.226406242,4.028409183,12.37200393,10.17490397,4.982573844,15.30242346,3.2858309,1.609046646,4.941685546,267.5640911,83.30024892,528.2179964,266.3516659,80.77376061,526.1381638,CIP+CRO
MSW,cip+cro,0.5,0.125,0.05,307.1946202,302.7626159,314.0431915,307.9911978,303.3836058,314.6023726,571.1776812,390.4515324,845.0011782,604.0133601,416.1193463,869.9309917,32.83567894,25.66781391,24.92981355,167.1,167.1,167.1,133.49,133.49,133.49,0.274445732,0.111139097,0.442238225,0.453152376,0.401087699,0.507383986,3.346329604,2.298315128,4.537154593,0.757796342,0,1.792405535,0.937287167,0,2.21695278,0.163835198,0,0.439633792,259.8647793,76.98494277,533.7505026,262.6944149,81.81087662,535.8235075,167.1,167.1,167.1,133.49,133.49,133.49,0,0,0,1.044407705,0.982424516,1.088835306,0,0,0,10.33895212,5.406107298,14.94771837,12.78782518,6.686592051,18.48821885,4.129634173,2.159333479,5.970489843,267.8461902,78.59322994,531.5072917,265.2116551,76.70633465,534.3472821,CIP+CRO
MSW,cip+cro,0.5,0.15,0.05,307.2012817,302.869396,313.6630912,308.1541996,303.7974715,314.9792995,571.3179273,396.7128879,839.6269139,610.2177053,431.2381606,882.8302293,38.899778,34.52527273,43.20331541,167.1,167.1,167.1,133.49,133.49,133.49,0.270164517,0.103064327,0.445359273,0.438596677,0.384410964,0.49333977,3.934767561,2.766393443,5.208444149,0.818083162,0,1.770765235,1.011853459,0,2.190186782,0.188968487,0,0.515396095,259.4222669,85.49509564,531.2845937,261.9660547,87.69585047,530.6548849,167.1,167.1,167.1,133.49,133.49,133.49,0,0,0,1.043201225,0.979256476,1.087174253,0,0,0,12.53079451,6.72375162,17.77019288,15.498825,8.316332188,21.97922163,5.005110444,2.685633336,7.097856238,267.929961,91.88375509,535.6731414,263.7036309,89.16127893,539.6859032,CIP+CRO
MSW,cip+cro,0.7,0,0.05,307.0227829,302.5660361,313.4355817,306.9375718,302.6516567,313.73253,564.0742943,382.519982,821.7347288,560.5168592,385.6479475,833.2455523,-3.557435185,3.127965496,11.51082348,167.1,167.1,167.1,133.49,133.49,133.49,0.163955848,0.063836256,0.274739931,0.715169755,0.650765347,0.770640021,0.663725426,0.20746888,1.210587952,0.616271191,0,1.568181064,0.762240522,0,1.939618742,0.026530593,0,0.1200573,255.8007748,74.95234985,511.3112583,259.5260958,78.15153173,516.6115271,167.1,167.1,167.1,133.49,133.49,133.49,0,0,0,1.043763782,0.981199535,1.088745843,0,0,0,0,0,0,0,0,0,0,0,0,254.3473389,81.05961897,527.5033807,258.5689315,83.66407462,531.2022244,CIP+CRO
MSW,cip+cro,0.7,0.025,0.05,307.0232543,302.699888,313.341518,307.1244112,302.775183,313.6834092,564.5174255,386.642853,827.586095,567.4269853,390.7447062,832.3427075,2.909559806,4.101853178,4.756612513,167.1,167.1,167.1,133.49,133.49,133.49,0.165199423,0.06520979,0.280468759,0.697684551,0.634603832,0.754090307,1.449559407,0.727500697,2.226720648,0.736677827,0,1.810454545,0.911166544,0,2.23927686,0.067093691,0,0.297,255.2779104,78.89840338,517.4610438,258.5440411,79.53624676,520.2728853,167.1,167.1,167.1,133.49,133.49,133.49,0,0,0,1.042847791,0.980056521,1.087214707,0,0,0,2.099045033,0.545446623,4.030346702,2.596222579,0.674640523,4.984970282,0.838410702,0.217864924,1.609820539,255.2483581,76.13919171,520.5112675,258.1252726,79.36344583,522.8583223,CIP+CRO
MSW,cip+cro,0.7,0.05,0.05,307.2546716,302.6718263,314.0953426,307.515852,302.8749162,313.7754393,573.9857156,386.034385,850.7186082,585.1639902,393.313008,839.7292533,11.17827465,7.278623004,-10.98935492,167.1,167.1,167.1,133.49,133.49,133.49,0.168359822,0.064911681,0.278946763,0.677503941,0.611629262,0.73132504,2.239594483,1.334520543,3.168352265,0.800801849,0,1.864682398,0.990478912,0,2.306349063,0.107668423,0,0.33065771,263.6163853,75.46029406,541.7485199,266.7309336,76.55958647,544.7680023,167.1,167.1,167.1,133.49,133.49,133.49,0,0,0,1.04346127,0.974505049,1.087302925,0,0,0,4.18034894,1.60102757,6.823347799,5.170501888,1.980245236,8.439518611,1.669735157,0.639490162,2.725414523,266.8840326,75.4499493,519.5258479,268.4244731,76.01603872,524.3562878,CIP+CRO
MSW,cip+cro,0.7,0.075,0.05,307.1854141,302.7132306,314.2608987,307.603648,303.1893516,314.5561434,571.3934882,388.2377607,861.4798549,589.1853756,409.7414135,882.9075287,17.79188745,21.50365282,21.42767377,167.1,167.1,167.1,133.49,133.49,133.49,0.163163084,0.063904094,0.274000211,0.66187887,0.603235199,0.713575338,3.077418618,2.048867317,4.238926238,0.891399395,0,1.999154446,1.102535296,0,2.472672015,0.14502835,0,0.432004793,259.9722069,75.82354268,551.057569,262.7619951,80.33853642,552.1396175,167.1,167.1,167.1,133.49,133.49,133.49,0,0,0,1.043435957,0.979401626,1.089000633,0,0,0,6.218750463,2.948407802,9.673209785,7.691717001,3.646764499,11.96439584,2.483923336,1.17766728,3.863720157,265.0028153,85.02706001,556.8896059,265.1986848,82.20483814,558.0902637,CIP+CRO
MSW,cip+cro,0.7,0.1,0.05,307.1183809,302.757539,313.3147333,307.7553453,303.2796902,314.1331286,568.3085398,388.2525621,824.9680356,595.39842,413.6206341,865.8989754,27.08988024,25.36807197,40.93093977,167.1,167.1,167.1,133.49,133.49,133.49,0.163908621,0.063121707,0.273065761,0.645278738,0.588178781,0.700832384,3.823457254,2.676374171,5.048618757,0.995861893,0.228558989,2.213398821,1.231740669,0.282695225,2.737662083,0.193926727,0.002026685,0.520836878,255.8029136,76.11755166,511.24939,258.4090628,76.89198637,515.9835406,167.1,167.1,167.1,133.49,133.49,133.49,0,0,0,1.043056878,0.980216568,1.086926653,0,0,0,8.371047604,4.582697495,12.18791075,10.35380492,5.668150289,15.07472617,3.343604251,1.83044316,4.868154158,265.0270277,85.13690287,530.2560733,263.8118807,81.79876375,530.8943004,CIP+CRO
MSW,cip+cro,0.7,0.125,0.05,307.3216233,302.686698,314.9317347,307.9716281,303.5770692,314.969344,576.2197884,387.7958817,897.8745661,603.0832867,421.2902557,887.6152504,26.86349832,33.49437396,-10.25931571,167.1,167.1,167.1,133.49,133.49,133.49,0.166869313,0.063661061,0.279531051,0.626561248,0.568829915,0.682905627,4.695799708,3.490363347,5.954636232,1.091501363,0.241648591,2.381986623,1.3500332,0.298885216,2.946181409,0.230451576,0.002155028,0.583650579,262.7495916,75.89472639,585.253545,264.9587604,76.04496069,586.8613957,167.1,167.1,167.1,133.49,133.49,133.49,0,0,0,1.044196378,0.98419285,1.088193662,0,0,0,10.26193664,5.131686841,15.07670276,12.6925679,6.347172661,18.64775433,4.09887228,2.049723135,6.022009409,267.2143336,87.12302786,552.4352817,264.5645773,84.66874344,552.5126981,CIP+CRO
MSW,cip+cro,0.7,0.15,0.05,307.2174317,302.6657529,314.3326357,308.1736152,303.5923283,315.0427859,571.8505339,384.8860671,854.6613372,610.7389556,427.8662683,893.1451604,38.8884217,42.98020118,38.48382313,167.1,167.1,167.1,133.49,133.49,133.49,0.162812625,0.065847484,0.27712848,0.609381551,0.552805443,0.665035195,5.432114269,4.094844591,6.974311309,1.177764649,0.241183009,2.483977542,1.456728715,0.298309357,3.072329788,0.27651865,0.00220131,0.655801601,257.4056749,70.51586114,540.6781048,259.1847475,72.18482494,542.7074543,167.1,167.1,167.1,133.49,133.49,133.49,0,0,0,1.043693774,0.984737973,1.085733153,0,0,0,12.51183634,6.574889813,17.88285714,15.47537642,8.132211134,22.11857143,4.99753808,2.626174234,7.142857143,268.5103689,83.4120255,553.3566772,263.9165847,79.56325019,551.5609011,CIP+CRO
MSW,cip+cro+nda,0.1,0,0.05,307.0356943,302.5972882,313.5053605,307.0086266,302.6555929,313.1242578,564.6847666,383.0307213,827.1992007,563.6181698,383.8970133,818.1027462,-1.066596823,0.86629203,-9.096454508,167.1,167.1,167.1,133.49,133.49,133.49,0.485520942,0.187635293,0.789832796,0.119256638,0.090112805,0.149590315,0.102855897,0,0.383178603,0.092996679,0,0.512009869,0.115023772,0,0.633283975,0.00763873,0,0.104177563,258.6777294,78.1455043,523.8107894,262.9000172,81.51462668,525.1908635,167.1,167.1,167.1,133.49,133.49,133.49,0,0,0,1.043075554,0.981737677,1.087629119,0,0,0,0,0,0,0,0,0,0,0,0,257.5308216,79.11687288,512.0965898,261.6740752,82.07501218,515.9416351,CIP+CRO+NDA
MSW,cip+cro+nda,0.1,0.025,0.05,307.0086486,302.5688424,313.5778034,307.1844573,302.6505236,313.8986766,563.355233,380.4912631,834.7936563,570.7138617,386.2068997,855.5791761,7.358628651,5.715636546,20.78551981,167.1,167.1,167.1,133.49,133.49,133.49,0.492488312,0.194276814,0.787124181,0.117473927,0.087851504,0.149245061,0.228126893,0,0.5447219,0.073952096,0,0.512009869,0.09146831,0,0.633283975,0.019241577,0,0.112624178,257.2583834,74.78886874,528.8912434,261.4270342,78.78060076,532.7653447,167.1,167.1,167.1,133.49,133.49,133.49,0,0,0,1.043145297,0.977488612,1.086584738,0,0,0,2.08389761,0.545184389,3.832903889,2.577487354,0.674316176,4.740761376,0.832360445,0.217760181,1.530956977,258.5699163,74.729788,541.2973996,261.3583505,78.78208459,544.8916296,CIP+CRO+NDA
MSW,cip+cro+nda,0.1,0.05,0.05,307.1009391,302.7590777,313.7576905,307.5143801,303.0782908,313.9517072,567.4946365,388.438012,841.1984271,584.6488548,402.7565858,845.8717073,17.15421836,14.31857387,4.673280146,167.1,167.1,167.1,133.49,133.49,133.49,0.481150729,0.18906302,0.777118964,0.11370603,0.086227664,0.142789334,0.340127261,0,0.74962654,0.090721036,0,0.51837057,0.112209123,0,0.641151265,0.031939212,0,0.20161799,261.1918029,80.41533465,533.5304218,265.3848302,86.14579267,539.2636776,167.1,167.1,167.1,133.49,133.49,133.49,0,0,0,1.042098318,0.97825695,1.086631579,0,0,0,4.152408319,1.806628711,6.87816206,5.135943282,2.234544842,8.507316119,1.65857498,0.721612363,2.747308699,266.5781033,85.73142845,525.2669066,267.9507873,88.12463337,529.9977142,CIP+CRO+NDA
MSW,cip+cro+nda,0.1,0.075,0.05,307.2176079,302.7291783,313.7546832,307.6976826,303.2841641,314.2882015,571.8672118,383.6400162,842.970488,591.3836454,410.4799842,851.7015635,19.51643367,26.83996801,8.731075567,167.1,167.1,167.1,133.49,133.49,133.49,0.481721972,0.188708568,0.791040574,0.110983681,0.081702508,0.139878049,0.480869309,0.099790479,0.926087801,0.089631937,0,0.51206265,0.110862061,0,0.633349258,0.04208878,0,0.208782497,265.382613,77.57496107,534.569616,269.5455756,81.90206842,540.9114759,167.1,167.1,167.1,133.49,133.49,133.49,0,0,0,1.044046595,0.980006782,1.087828101,0,0,0,6.168194317,2.691898588,9.490841197,7.629186181,3.329498789,11.73883162,2.463729956,1.075211131,3.790877615,267.3600538,89.4856658,524.3647187,267.6347245,87.5990183,527.6804706,CIP+CRO+NDA
MSW,cip+cro+nda,0.1,0.1,0.05,307.1139512,302.778296,314.1094202,307.8169427,303.3222381,314.196823,567.5868286,392.6243803,836.6186969,597.1205295,412.7536593,857.1159966,29.53370097,20.12927899,20.49729969,167.1,167.1,167.1,133.49,133.49,133.49,0.477497589,0.18766363,0.784293404,0.107182532,0.079756973,0.137038402,0.595436804,0.111303868,1.101343656,0.101526005,0,0.524863732,0.125573346,0,0.64918239,0.050402993,0,0.219322397,261.0907552,87.73377997,531.9291556,265.079348,90.01706013,534.3341613,167.1,167.1,167.1,133.49,133.49,133.49,0,0,0,1.042654659,0.9769678,1.085818308,0,0,0,8.343421175,4.146706573,12.67318182,10.31963493,5.128891027,15.67493802,3.33256957,1.656297561,5.061983471,266.9373491,86.82951054,522.3281014,265.4199087,80.0154577,521.7961668,CIP+CRO+NDA
MSW,cip+cro+nda,0.1,0.125,0.05,307.0483376,302.5817728,314.0051368,308.035219,303.4998736,314.9136723,565.3501869,385.2632478,847.0567938,605.6976802,423.5811403,882.6671895,40.34749333,38.31789246,35.61039566,167.1,167.1,167.1,133.49,133.49,133.49,0.483171861,0.189162957,0.786402137,0.104553774,0.07443091,0.135974717,0.730254964,0.21230298,1.282169118,0.100670384,0,0.516206186,0.124515063,0,0.638474227,0.064674456,0,0.225792832,258.5258879,76.93711043,541.1419078,262.6452087,82.72983006,545.0233018,167.1,167.1,167.1,133.49,133.49,133.49,0,0,0,1.04289591,0.980036382,1.08978038,0,0,0,10.34057552,5.026543523,15.08421285,12.78983311,6.217125209,18.65704326,4.130282603,2.007726283,6.025009127,269.4728011,86.21220316,543.2508279,266.8431811,85.39627312,541.312259,CIP+CRO+NDA
MSW,cip+cro+nda,0.1,0.15,0.05,307.0864461,302.669969,313.818244,308.2620971,303.8447404,315.0286543,566.286265,388.9693777,833.9785464,614.3082946,433.9273191,891.4544606,48.02202963,44.95794141,57.4759142,167.1,167.1,167.1,133.49,133.49,133.49,0.485709299,0.19203387,0.78610579,0.101480223,0.071761635,0.133929386,0.863298455,0.385319472,1.515305182,0.098589281,0,0.525994069,0.121941031,0,0.650580458,0.071233061,0,0.295857988,259.4173668,81.80501315,527.9271334,263.4193618,86.23626211,531.901046,167.1,167.1,167.1,133.49,133.49,133.49,0,0,0,1.043124688,0.976287211,1.08978038,0,0,0,12.46150143,6.16795478,18.0734136,15.41311924,7.628889907,22.35426289,4.977433068,2.463634278,7.218970125,272.2089956,92.17899106,543.6318708,267.9320808,86.92114726,547.4643871,CIP+CRO+NDA
MSW,cip+cro+nda,0.3,0,0.05,306.9952148,302.5871788,313.6755536,307.0506554,302.6195705,313.8952098,562.4919754,386.0883661,834.262189,564.6347531,383.4660763,849.2912965,2.142777704,-2.622289832,15.02910747,167.1,167.1,167.1,133.49,133.49,133.49,0.377846823,0.148312307,0.610588662,0.318832274,0.271798301,0.366332042,0.269522958,0,0.630285272,0.248763167,0,0.807744009,0.307684943,0,0.999065385,0.021790314,0,0.110870844,255.6427537,78.74937929,528.2726887,259.8535085,83.61201815,529.4270294,167.1,167.1,167.1,133.49,133.49,133.49,0,0,0,1.043610568,0.979549663,1.087352029,0,0,0,0,0,0,0,0,0,0,0,0,258.3627333,77.63228678,546.044242,262.686348,81.67583382,547.2654801,CIP+CRO+NDA
MSW,cip+cro+nda,0.3,0.025,0.05,307.0504243,302.5521205,313.2926508,307.259843,302.9628928,313.9667329,564.9669259,381.340553,828.6906859,573.699486,396.3720779,839.9419733,8.732560031,15.03152496,11.25128748,167.1,167.1,167.1,133.49,133.49,133.49,0.375320729,0.151476197,0.624800766,0.31049904,0.26415954,0.358731169,0.614925119,0.198010018,1.143655652,0.24997167,0,0.799149599,0.309179691,0,0.988435313,0.050785929,0,0.213869911,257.845373,73.58248804,521.6383736,261.8720243,78.67278107,526.1494577,167.1,167.1,167.1,133.49,133.49,133.49,0,0,0,1.042615969,0.981335184,1.087856447,0,0,0,2.073000378,0.535988961,3.856106711,2.564009015,0.66294273,4.769459994,0.82800782,0.214087299,1.540224761,261.5016628,85.82228934,531.4444584,264.3676128,88.47018156,534.4732099,CIP+CRO+NDA
MSW,cip+cro+nda,0.3,0.05,0.05,307.0737522,302.5611099,313.9091138,307.4426879,302.9263995,314.0867145,566.4441816,380.4614368,852.573555,581.7410561,394.8742055,861.2746523,15.29687444,14.4127687,8.701097346,167.1,167.1,167.1,133.49,133.49,133.49,0.381710667,0.147318424,0.617889004,0.30251188,0.256837972,0.347310219,0.922655544,0.408142483,1.559256625,0.255183455,0,0.850952014,0.315625934,0,1.052507591,0.083779854,0,0.310755938,258.9494376,72.37575973,544.7503311,262.9010202,77.46521417,548.9786939,167.1,167.1,167.1,133.49,133.49,133.49,0,0,0,1.042259045,0.9743358,1.087311862,0,0,0,4.104272239,1.737273718,6.91181701,5.076405742,2.1487625,8.548942544,1.639348234,0.693910256,2.760751322,263.6225355,77.1196194,545.978101,265.3045486,79.52181577,548.5515361,CIP+CRO+NDA
MSW,cip+cro+nda,0.3,0.075,0.05,307.0174754,302.7140914,313.2569687,307.6345345,303.24861,314.1587088,564.0889617,386.2827522,828.3671235,589.1262121,411.7529374,853.5985878,25.03725039,25.47018526,25.23146433,167.1,167.1,167.1,133.49,133.49,133.49,0.377084909,0.145471939,0.619700738,0.294198858,0.24894235,0.340885739,1.244057215,0.593684505,2.008133136,0.275132974,0,0.816391304,0.340300673,0,1.00976087,0.108508158,0,0.344065856,256.2823091,79.46867352,521.0243971,260.0114992,82.05298171,525.072923,167.1,167.1,167.1,133.49,133.49,133.49,0,0,0,1.042826987,0.979899983,1.088931719,0,0,0,6.18257673,2.933031225,9.78398768,7.646975197,3.627745843,12.10141247,2.469474649,1.171525493,3.907967599,265.0867815,82.61512186,527.8313501,265.3064265,83.60212444,532.0985703,CIP+CRO+NDA
MSW,cip+cro+nda,0.3,0.1,0.05,307.066271,302.6084611,313.9092178,307.8301779,303.2726286,314.3175511,565.2474479,385.2620614,841.0503227,596.6232439,414.4319319,861.2395027,31.37579603,29.16987053,20.18917995,167.1,167.1,167.1,133.49,133.49,133.49,0.378268038,0.146124047,0.612888914,0.286751377,0.244645225,0.332289508,1.602490732,0.812984551,2.484730311,0.278848332,0,0.997499972,0.344896048,0,1.233766741,0.13397335,0,0.414136128,257.0911184,75.92008421,533.8424206,260.6703313,80.14412588,536.1371747,167.1,167.1,167.1,133.49,133.49,133.49,0,0,0,1.043461324,0.980637448,1.086846077,0,0,0,8.400591668,4.297795664,12.51992782,10.39034676,5.315766917,15.48538445,3.355404884,1.716646295,5.000770021,266.3652992,85.60398662,534.1423732,264.9475247,82.10133424,532.1122893,CIP+CRO+NDA
MSW,cip+cro+nda,0.3,0.125,0.05,307.0585645,302.7674614,313.4531619,307.8964751,303.758456,314.1675255,565.072131,389.5741237,829.8116732,600.5812408,429.4386083,865.8685794,35.50910978,39.86448458,36.05690625,167.1,167.1,167.1,133.49,133.49,133.49,0.378590118,0.148159319,0.619613726,0.277964314,0.235248805,0.325902014,1.935175377,1.077449671,2.836369304,0.296522292,0,0.974306403,0.366756243,0,1.205079569,0.166535547,0,0.486411596,256.5896795,81.3755639,523.4093404,259.9630401,84.13108742,525.685385,167.1,167.1,167.1,133.49,133.49,133.49,0,0,0,1.042156046,0.976981031,1.087592246,0,0,0,10.28031904,5.125120915,14.8892789,12.71530433,6.339051536,18.41593746,4.106214665,2.047100541,5.947147666,264.8079541,94.3359855,527.3001179,262.1091996,88.93134668,527.864974,CIP+CRO+NDA
MSW,cip+cro+nda,0.3,0.15,0.05,307.2155932,302.8602994,314.1134083,308.2878938,303.8502109,315.0154261,571.7593705,393.7239272,848.6418661,615.8828227,433.3158352,896.1720996,44.1234522,39.59190803,47.53023351,167.1,167.1,167.1,133.49,133.49,133.49,0.378062077,0.15006642,0.620415672,0.270641122,0.226928774,0.314361399,2.262252635,1.407048412,3.198358962,0.302680306,0,0.948423479,0.374372837,0,1.173066043,0.198569098,0,0.515813745,262.8718835,85.71092972,539.7737425,266.2219587,88.47437438,542.8271477,167.1,167.1,167.1,133.49,133.49,133.49,0,0,0,1.043919265,0.980335022,1.089210303,0,0,0,12.44732493,6.847303908,17.73035219,15.39558491,8.469148938,21.92994432,4.971770623,2.734983187,7.081942878,273.9406429,94.67262312,555.1897264,269.7761414,88.56133016,556.0390191,CIP+CRO+NDA
MSW,cip+cro+nda,0.5,0,0.05,307.1612851,302.6467517,313.9730437,307.1140379,302.5352402,313.4069872,569.492073,384.7566364,841.3273974,567.7576314,379.6276309,827.6965428,-1.734441571,-5.129005565,-13.63085464,167.1,167.1,167.1,133.49,133.49,133.49,0.268878798,0.10531237,0.445912063,0.517074084,0.461560019,0.568806512,0.432810303,0.100391566,0.9,0.435789213,0,1.244520646,0.539009776,0,1.539296466,0.033601085,0,0.204483639,262.1711905,78.12884775,534.3910188,265.9206848,81.15058152,538.8146242,167.1,167.1,167.1,133.49,133.49,133.49,0,0,0,1.045076048,0.98147115,1.090047299,0,0,0,0,0,0,0,0,0,0,0,0,261.7803639,74.0245015,523.1442809,265.8065028,77.78145919,525.6853136,CIP+CRO+NDA
MSW,cip+cro+nda,0.5,0.025,0.05,307.0101274,302.4322129,314.1348261,307.236001,302.6359141,314.1203441,563.4798924,376.4043893,841.1272337,572.2884178,388.8235307,852.0593844,8.808525369,12.41914147,10.93215075,167.1,167.1,167.1,133.49,133.49,133.49,0.274125726,0.106261967,0.448562123,0.501667654,0.452303462,0.553977079,0.991652565,0.41664501,1.606081876,0.421379657,0,1.115314051,0.521187189,0,1.379486136,0.086470109,0,0.310950934,255.4782253,66.64898483,531.6451229,259.1845856,71.55816799,537.1830071,167.1,167.1,167.1,133.49,133.49,133.49,0,0,0,1.042790296,0.980013493,1.087350385,0,0,0,2.044814837,0.531493705,3.75596671,2.529147478,0.657382731,4.645600941,0.816749815,0.212291782,1.500226358,260.2837033,77.41014391,538.2662649,263.0750518,82.07051672,542.3649252,CIP+CRO+NDA
MSW,cip+cro+nda,0.5,0.05,0.05,307.1969913,302.7123491,313.8203505,307.5402757,303.0125689,313.963115,571.4523915,387.1142984,845.038777,585.1597018,399.6455604,852.1818995,13.70731028,12.53126199,7.143122474,167.1,167.1,167.1,133.49,133.49,133.49,0.271547014,0.104896571,0.451121611,0.491659913,0.435900985,0.542417478,1.516448883,0.788800241,2.342398344,0.448751005,0,1.254308617,0.555041685,0,1.551402806,0.123602938,0,0.39287029,262.7509179,79.02148836,537.7772453,266.357204,82.73461046,539.1259384,167.1,167.1,167.1,133.49,133.49,133.49,0,0,0,1.043685637,0.977264189,1.087349241,0,0,0,4.13238868,1.795431528,6.828124236,5.111181813,2.220695506,8.445426389,1.650578639,0.71713993,2.72732235,267.0238546,83.08659298,534.4070566,268.6294542,83.80613871,533.7049028,CIP+CRO+NDA
MSW,cip+cro+nda,0.5,0.075,0.05,307.1741741,302.5954777,314.2748674,307.5948957,303.1654563,314.2322676,569.7737605,387.6198377,856.5781138,587.5251911,405.4047192,854.9934018,17.75143061,17.7848815,-1.584712062,167.1,167.1,167.1,133.49,133.49,133.49,0.270272261,0.102899375,0.445829355,0.477109828,0.425129563,0.531564576,2.042922527,1.185217645,3.021743253,0.45375291,0,1.245224624,0.561228336,0,1.540167187,0.181845346,0,0.493339882,260.4739149,77.85697265,545.4208276,263.8749316,81.61670627,551.3600823,167.1,167.1,167.1,133.49,133.49,133.49,0,0,0,1.043094409,0.981569747,1.087305598,0,0,0,6.25363873,3.251024567,9.668606178,7.734868866,4.021058745,11.95870183,2.497858576,1.298539929,3.861881362,263.2299997,82.53667222,534.0924213,263.1931128,82.46235148,532.9334512,CIP+CRO+NDA
MSW,cip+cro+nda,0.5,0.1,0.05,306.940863,302.5948291,313.1075654,307.6146803,303.3770455,314.1063432,560.6324035,381.1652513,810.7835444,589.1849805,414.4209636,845.9400406,28.55257697,33.25571233,35.15649626,167.1,167.1,167.1,133.49,133.49,133.49,0.270442194,0.105086425,0.4416869,0.465018417,0.406021136,0.517579411,2.617348591,1.6534566,3.634991054,0.461990872,0,1.328874735,0.571417532,0,1.643630573,0.230475794,0,0.541213195,250.9117629,72.25472422,502.1549951,253.9644601,76.17168068,502.1712638,167.1,167.1,167.1,133.49,133.49,133.49,0,0,0,1.043647374,0.981412664,1.086974516,0,0,0,8.310878802,4.036357089,12.255991,10.27938461,4.992404283,15.15893182,3.319571338,1.612221237,4.895347098,259.1964778,87.54995294,514.1358155,257.4400874,84.35201539,516.2447214,CIP+CRO+NDA
MSW,cip+cro+nda,0.5,0.125,0.05,307.1337589,302.6081536,313.7521962,307.9032178,303.5133827,314.5022331,568.1089113,379.3753081,830.5910615,600.2687473,421.6250204,864.4522958,32.15983605,42.24971232,33.86123424,167.1,167.1,167.1,133.49,133.49,133.49,0.274380386,0.105558621,0.449663108,0.45159769,0.398092061,0.49899734,3.12301534,2.122668905,4.283014386,0.458604699,0,1.277609767,0.567229314,0,1.580223041,0.272181091,0.002130416,0.612033138,257.7589273,72.0306099,521.2988878,260.7549793,73.67487739,523.8796029,167.1,167.1,167.1,133.49,133.49,133.49,0,0,0,1.04335348,0.981585076,1.08800687,0,0,0,10.34114046,5.070159277,15.01242334,12.79053185,6.271071743,18.56824977,4.13050825,2.025147498,5.996334615,264.3338943,87.37983157,536.1879179,261.4870009,84.69829966,528.6317332,CIP+CRO+NDA
MSW,cip+cro+nda,0.5,0.15,0.05,307.2865796,302.5499253,314.4062401,308.3480105,303.8141556,315.2173353,574.53029,381.1978384,854.8911822,618.0751437,432.2409851,908.4443003,43.54485376,51.04314668,53.55311812,167.1,167.1,167.1,133.49,133.49,133.49,0.269395852,0.105593311,0.450891993,0.438171361,0.387198657,0.488249064,3.672312868,2.479630172,4.888179947,0.478792058,0,1.352279563,0.59219823,0,1.672579044,0.312219164,0.002520117,0.701672502,263.573032,67.85337382,545.8366283,266.3222117,70.64179589,547.1977104,167.1,167.1,167.1,133.49,133.49,133.49,0,0,0,1.043765648,0.983940252,1.08829416,0,0,0,12.43705586,6.439122249,17.40120142,15.38288352,7.964285811,21.52283125,4.9676689,2.571945298,6.95047189,276.0582664,92.61893953,570.169831,271.6000448,87.51843296,565.1149023,CIP+CRO+NDA
MSW,cip+cro+nda,0.7,0,0.05,307.2005554,302.5431136,313.9442166,307.0989095,302.4222826,313.6145788,570.9661293,381.3181595,834.0077447,566.951838,375.7770672,842.1307532,-4.01429131,-5.541092255,8.123008498,167.1,167.1,167.1,133.49,133.49,133.49,0.165040926,0.066067402,0.281612265,0.7136768,0.653635944,0.770491337,0.62249971,0.194543085,1.093493818,0.574464391,0,1.502386684,0.710531408,0,1.858240376,0.051859175,0,0.217560764,262.8609563,71.40294541,526.8301136,266.5716612,76.04951646,530.8445352,167.1,167.1,167.1,133.49,133.49,133.49,0,0,0,1.043666789,0.979405351,1.090230814,0,0,0,0,0,0,0,0,0,0,0,0,260.7905046,70.39185147,535.387559,265.0056416,73.95178074,540.1495392,CIP+CRO+NDA
MSW,cip+cro+nda,0.7,0.025,0.05,307.1160118,302.6064009,313.7484524,307.1715365,302.7345235,313.8053924,568.0499153,383.8444299,834.1882245,570.6073158,390.4992813,844.8558569,2.55740049,6.654851409,10.66763235,167.1,167.1,167.1,133.49,133.49,133.49,0.169978263,0.067085402,0.278417733,0.695813529,0.633945327,0.753793156,1.344162319,0.70990322,2.101061944,0.601423124,0,1.4965516,0.743875558,0,1.851023201,0.118045394,0,0.4030691,259.1827352,75.9281727,526.7736883,262.5681404,78.03617477,527.5877893,167.1,167.1,167.1,133.49,133.49,133.49,0,0,0,1.042545725,0.977176996,1.088789809,0,0,0,2.061842243,0.730587101,3.793525304,2.550207977,0.903633175,4.692055622,0.823550984,0.291814627,1.515228193,258.51772,78.8118501,529.8951967,261.3077431,79.8916683,532.9434647,CIP+CRO+NDA
MSW,cip+cro+nda,0.7,0.05,0.05,307.1396346,302.600521,313.7075328,307.4472825,302.922715,315.0151112,568.7256091,384.9702956,827.162837,581.4261766,397.1923626,882.7392787,12.70056749,12.22206698,55.57644172,167.1,167.1,167.1,133.49,133.49,133.49,0.167490212,0.06592588,0.275526395,0.679474864,0.61816671,0.733669101,2.096178429,1.242132505,3.033273219,0.577316538,0,1.450243484,0.714059111,0,1.793746593,0.17849969,0.002026685,0.493359084,259.1043504,75.91177048,518.4358432,262.2955108,77.75966733,521.006092,167.1,167.1,167.1,133.49,133.49,133.49,0,0,0,1.043008542,0.982777842,1.087349241,0,0,0,4.123951355,1.859175376,6.548651911,5.100746032,2.299537654,8.099758551,1.647208562,0.742600805,2.615694165,263.3578879,80.8628101,563.0807539,264.7441336,80.44562074,564.1030012,CIP+CRO+NDA
MSW,cip+cro+nda,0.7,0.075,0.05,307.0998766,302.818658,314.0581723,307.491328,303.2917043,314.0932363,567.7429116,389.4852839,847.0550263,583.6204616,413.2446715,852.8587618,15.87755007,23.75938766,5.803735519,167.1,167.1,167.1,133.49,133.49,133.49,0.165336622,0.064271693,0.275087464,0.662144159,0.605222971,0.714847613,2.835655662,1.785714286,3.893224786,0.631520859,0,1.588075544,0.781102209,0,1.964225408,0.253231306,0.002292918,0.609319896,257.2092179,79.21189799,534.9258724,260.0658019,82.69051062,540.1382552,167.1,167.1,167.1,133.49,133.49,133.49,0,0,0,1.044134979,0.980264331,1.087394224,0,0,0,6.121317096,2.636103717,9.527888712,7.571205671,3.260488404,11.78465417,2.44500603,1.052925274,3.805675312,259.8431622,88.51073494,523.7896099,259.9928012,87.74058008,531.3377498,CIP+CRO+NDA
MSW,cip+cro+nda,0.7,0.1,0.05,307.1279194,302.7616165,314.3719321,307.7623423,303.2549586,314.7945788,568.3044624,389.5681589,849.7606475,594.0344099,409.4771602,892.9186632,25.72994751,19.90900126,43.15801568,167.1,167.1,167.1,133.49,133.49,133.49,0.163664428,0.064986846,0.276675493,0.642601655,0.581739028,0.697338362,3.611817919,2.510299966,4.865610854,0.613488131,0,1.55841958,0.758798269,0,1.927545163,0.313979029,0.004291767,0.672688941,256.8990455,77.22249611,540.1818726,259.6880153,81.14888455,541.8333315,167.1,167.1,167.1,133.49,133.49,133.49,0,0,0,1.04309386,0.980419975,1.08990141,0,0,0,8.119761039,4.028435333,12.44372992,10.04299889,4.982606188,15.39113839,3.243234158,1.609057091,4.970334686,264.3314115,81.48701947,559.3920855,263.2222784,81.36329405,557.2532116,CIP+CRO+NDA
MSW,cip+cro+nda,0.7,0.125,0.05,307.2248466,302.6554317,313.9560385,307.9977916,303.4734424,314.3055573,572.2480335,385.0677295,851.1697435,604.4967791,423.3908539,863.0442494,32.24874566,38.32312444,11.87450591,167.1,167.1,167.1,133.49,133.49,133.49,0.162142066,0.064099249,0.276702168,0.627034057,0.569552552,0.682628114,4.351310516,3.17618885,5.635003201,0.653395381,0,1.588075544,0.808157908,0,1.964225408,0.379180481,0.099574761,0.781768794,260.0723606,73.35615444,539.0332041,262.4971053,76.46667917,539.1821406,167.1,167.1,167.1,133.49,133.49,133.49,0,0,0,1.044513838,0.984668974,1.088288447,0,0,0,10.44915868,5.257297647,15.27929321,12.92413516,6.502535506,18.89833014,4.173653412,2.09989521,6.102929065,268.3765286,88.74811759,527.3700025,265.3794412,82.20457598,528.501704,CIP+CRO+NDA
MSW,cip+cro+nda,0.7,0.15,0.05,307.4115035,302.80474,314.4018225,308.2939938,303.8152041,315.1386095,579.9021071,392.1704436,860.7330492,616.222141,434.2070757,894.8797273,36.32003392,42.03663211,34.14667808,167.1,167.1,167.1,133.49,133.49,133.49,0.165467844,0.064775688,0.279343385,0.608180921,0.551427646,0.665499014,5.082928149,3.773440802,6.48348988,0.675081237,0,1.650999178,0.834980252,0,2.042053066,0.453932779,0.103028867,0.921439827,266.7672915,79.04687203,542.6888161,269.0079315,80.59405445,546.0415366,167.1,167.1,167.1,133.49,133.49,133.49,0,0,0,1.043017969,0.980065376,1.087442443,0,0,0,12.41190297,6.724198828,17.7718889,15.35177294,8.316885322,21.98131937,4.957622212,2.685811962,7.098533671,274.1949044,94.62172533,547.3587442,270.0391783,84.92069145,544.3081504,CIP+CRO+NDA
WSM,cip,0.1,0,0.05,605.7120126,603.6021835,608.7448096,605.7405811,603.561899,609.1977549,915.3686027,713.600246,1206.582049,917.996416,711.5856624,1244.950836,2.627813333,-2.014583637,38.36878718,167.1,167.1,167.1,435.39,435.39,435.39,0.491457922,0.192027577,0.812485464,0.124756635,0.074371907,0.177820617,0,0,0,0.046503703,0,0.62278607,0.18412762,0,2.465870647,4.12E-04,0,0.005522388,53.4162852,18.95843562,101.5488107,311.7788254,109.9518874,603.3732005,167.1,167.1,167.1,435.39,435.39,435.39,0,0,0,1.064295099,0.87176128,1.11,0,0,0,0,0,0,0,0,0,0,0,0,53.30058835,19.15469718,101.813679,314.1233549,107.6148874,640.9502518,CIP
WSM,cip,0.1,0.025,0.05,605.6699557,603.6838974,608.9352159,605.7761923,603.6391126,608.9502198,911.1612444,719.8814595,1223.811888,920.9658825,716.3050025,1219.178263,9.804638109,-3.57645695,-4.633625236,167.1,167.1,167.1,435.39,435.39,435.39,0.485475546,0.194068675,0.807868196,0.125821088,0.078909285,0.176733439,0,0,0,0.18163028,0,1.203945995,0.719150279,0,4.766925971,0.057399209,0,0.454649708,53.30804958,18.58060913,103.2318493,306.6475481,116.2088045,620.265615,167.1,167.1,167.1,435.39,435.39,435.39,0,0,0,1.065399003,0.896051943,1.11,0,0,0,1.102390606,0,3.098514851,4.364825691,0,12.26831683,0.440322178,0,1.237623762,54.93958386,20.35969002,102.2663355,309.3635573,105.9779475,607.4223094,CIP
WSM,cip,0.1,0.05,0.05,605.7180126,603.6394188,608.9646146,605.9225319,603.7794458,609.4014231,916.2523915,715.6421079,1210.131785,935.2236598,727.7599214,1258.350442,18.97126833,12.11781345,48.21865655,167.1,167.1,167.1,435.39,435.39,435.39,0.495886245,0.190161667,0.820811247,0.126137007,0.078472727,0.179732512,0,0,0,0.307116136,0,1.325010271,1.216001293,0,5.246270096,0.106715843,0,0.505601605,54.62018716,17.84844716,102.6248076,310.81607,111.9077374,606.4087068,167.1,167.1,167.1,435.39,435.39,435.39,0,0,0,1.067055387,0.907210184,1.11,0,0,0,2.14208786,0,5.007758839,8.481422167,0,19.82781268,0.855603076,0,2.000223214,58.30283323,21.4555353,108.0276717,316.1490516,107.3563122,643.5035906,CIP
WSM,cip,0.1,0.075,0.05,605.6867733,603.6535287,609.0466872,605.9230752,603.7392503,609.160383,914.0189672,716.2828307,1227.778885,935.2850315,721.0818704,1244.499644,21.26606435,4.799039712,16.72075902,167.1,167.1,167.1,435.39,435.39,435.39,0.495234899,0.192831653,0.81724264,0.124468628,0.07927632,0.179227252,0,0,0,0.401929152,0,1.731001543,1.591405694,0,6.853759426,0.148481246,0,0.666666667,55.67002461,20.45420016,105.2111221,307.8259702,108.6488184,621.6309898,167.1,167.1,167.1,435.39,435.39,435.39,0,0,0,1.064396181,0.89667244,1.11,0,0,0,3.329993647,0.619551082,6.955326988,13.18483824,2.453061978,27.53904992,1.330082141,0.247464085,2.778130288,61.02046177,25.43850865,108.8387196,307.850233,93.45670604,617.22302,CIP
WSM,cip,0.1,0.1,0.05,605.6954415,603.6503029,608.9655923,605.9530631,603.9263492,608.8866897,913.9999564,715.2387493,1221.372572,938.215887,741.9671432,1223.089371,24.21593061,26.72839388,1.716798556,167.1,167.1,167.1,435.39,435.39,435.39,0.492048893,0.193992316,0.809335221,0.122872746,0.074412609,0.177815534,0,0,0,0.505488284,0,1.877935892,2.001439633,0,7.435533995,0.185750105,0,0.724725623,55.83405893,19.43851906,104.7265851,307.1419353,105.2820151,612.1721037,167.1,167.1,167.1,435.39,435.39,435.39,0,0,0,1.05973519,0.870399949,1.11,0,0,0,4.279218793,1.215193026,8.496655054,16.94321779,4.811457671,33.64181268,1.709226231,0.485378266,3.393774986,63.02877576,27.56092401,109.2863288,304.0606749,109.6458586,593.1741898,CIP
WSM,cip,0.1,0.125,0.05,605.7855005,603.6886626,609.1093401,606.1095649,604.0320517,609.1404817,923.3194269,719.5880968,1223.068642,953.1781664,752.7485666,1237.820516,29.85873955,33.16046984,14.75187409,167.1,167.1,167.1,435.39,435.39,435.39,0.489632208,0.195585128,0.803472803,0.124824104,0.077801145,0.17887462,0,0,0,0.696865804,0,2.373363078,2.759183315,0,9.397137531,0.263655491,0,0.934709112,56.26365199,18.75864678,108.5447542,315.1419255,111.0679405,614.4819372,167.1,167.1,167.1,435.39,435.39,435.39,0,0,0,1.066685661,0.89395782,1.11,0,0,0,5.397458734,1.699276018,10.066446,21.37079763,6.728144796,39.85727191,2.155879028,0.678733032,4.020788466,64.75215725,26.30885379,113.5080057,311.2716004,108.5334592,599.3125969,CIP
WSM,cip,0.1,0.15,0.05,605.742353,603.591829,608.8927555,606.147107,604.0563865,609.2378576,918.8442457,711.901654,1222.611443,956.353645,756.543251,1256.62794,37.50939934,44.64159695,34.0164968,167.1,167.1,167.1,435.39,435.39,435.39,0.489986551,0.191336937,0.820837048,0.125942868,0.073346864,0.177792791,0,0,0,0.804491342,0,2.491455672,3.185317852,0,9.864715522,0.307113114,0,0.985591133,54.02755691,18.63856893,104.8796782,309.9119219,101.3100859,615.5685414,167.1,167.1,167.1,435.39,435.39,435.39,0,0,0,1.066019251,0.91533962,1.11,0,0,0,6.564958572,1.886206055,12.04964207,25.99341801,7.468279031,47.70957496,2.62220745,0.75339753,4.812926213,64.75111931,27.86475415,112.2269313,306.1135765,104.265307,618.8843371,CIP
WSM,cip,0.3,0,0.05,605.7514625,603.5591682,609.1560276,605.7049994,603.5791268,608.8445337,918.4814669,705.105611,1240.957272,914.4288219,709.0236542,1209.230116,-4.052645012,3.918043278,-31.72715642,167.1,167.1,167.1,435.39,435.39,435.39,0.382856763,0.148948887,0.653066368,0.330335707,0.245529954,0.40115035,0,0,0,0.124949572,0,0.699427829,0.494727638,0,2.769327443,0.001107957,0,0.006201988,54.82405694,20.09882657,104.8610746,314.2888284,101.5726865,637.6918668,167.1,167.1,167.1,435.39,435.39,435.39,0,0,0,1.062104565,0.882525137,1.11,0,0,0,0,0,0,0,0,0,0,0,0,54.8103961,19.53019282,104.1125024,310.5592591,105.2714402,605.4735059,CIP
WSM,cip,0.3,0.025,0.05,605.7271147,603.554191,609.2249601,605.7599279,603.6125425,609.1040324,916.7172347,711.5964682,1262.638595,919.19569,710.0396286,1216.381609,2.478455298,-1.556839537,-46.25698612,167.1,167.1,167.1,435.39,435.39,435.39,0.387361895,0.148059518,0.635326999,0.331429835,0.243781884,0.412634803,0,0,0,0.483614902,0,1.850179693,1.914833759,0,7.32563559,0.141566717,0,0.543552507,53.9568062,19.69058778,102.9800864,309.9108748,100.8790351,656.4806905,167.1,167.1,167.1,435.39,435.39,435.39,0,0,0,1.063528495,0.871296409,1.11,0,0,0,1.060562838,0,2.966703848,4.199212053,0,11.74642191,0.423615129,0,1.184975175,55.2532295,20.30358884,102.0946862,307.8078636,101.4404262,607.048977,CIP
WSM,cip,0.3,0.05,0.05,605.7520833,603.5656733,608.8500149,605.8145149,603.7146692,609.1690152,918.4600721,707.9140615,1210.788046,925.912634,723.4727879,1244.045525,7.45256193,15.55872643,33.25747911,167.1,167.1,167.1,435.39,435.39,435.39,0.387414987,0.151450733,0.6464869,0.330753293,0.252922758,0.410098522,0,0,0,0.805202648,0,2.443751778,3.188134212,0,9.675835845,0.27954588,0,0.913687579,55.66963316,18.55313021,107.9816405,309.4625477,98.51541645,605.7808817,167.1,167.1,167.1,435.39,435.39,435.39,0,0,0,1.066463579,0.886903698,1.11,0,0,0,2.181893719,0,4.909019608,8.639030221,0,19.43686275,0.871502524,0,1.960784314,58.1925186,20.48907588,110.0118484,306.7104853,99.14594957,625.3366104,CIP
WSM,cip,0.3,0.075,0.05,605.8725052,603.6860782,609.1518171,606.0359725,603.8387562,609.3113574,931.5319722,721.0741287,1236.285567,946.1539248,738.2482319,1273.605314,14.62195258,17.1741032,37.31974727,167.1,167.1,167.1,435.39,435.39,435.39,0.380494758,0.149266709,0.642472306,0.329659682,0.248724049,0.408966173,0,0,0,1.158319954,0,3.401630435,4.586273381,0,13.46847826,0.416134456,0,1.269035533,57.09725716,20.39410261,108.1019164,320.0383803,105.4563226,626.7737874,167.1,167.1,167.1,435.39,435.39,435.39,0,0,0,1.06301268,0.891094669,1.11,0,0,0,3.235162066,0.607669903,6.717798769,12.80936033,2.406019417,26.5985763,1.292204053,0.242718447,2.683255619,60.90950748,23.29642447,110.6267749,319.4957675,107.9196543,647.7054104,CIP
WSM,cip,0.3,0.1,0.05,605.8820071,603.705065,609.0699152,606.023118,603.8742802,609.3807467,931.4780489,724.9959203,1228.265192,946.7959047,744.6652334,1250.559611,15.31785579,19.66931312,22.29441813,167.1,167.1,167.1,435.39,435.39,435.39,0.395952387,0.152549013,0.64910974,0.331551712,0.2520234,0.406342775,0,0,0,1.501960975,0,3.737183507,5.946891977,0,14.79707328,0.556229642,0,1.422102353,56.49851707,20.99291286,104.8052532,317.4675876,110.1994342,615.9362382,167.1,167.1,167.1,435.39,435.39,435.39,0,0,0,1.061050984,0.879159174,1.11,0,0,0,4.303313909,1.131742455,8.633103448,17.03862043,4.481041944,34.18206897,1.718850419,0.452046036,3.448275862,61.92371694,25.65209043,113.0910025,312.60384,108.4961128,616.8378556,CIP
WSM,cip,0.3,0.125,0.05,605.831218,603.731157,609.0059203,606.1495351,603.919053,609.3234694,927.2722825,725.935052,1229.639679,957.0569635,743.3920641,1259.250783,29.784681,17.4570121,29.61110415,167.1,167.1,167.1,435.39,435.39,435.39,0.374186147,0.149844029,0.631185732,0.332679968,0.252242695,0.413545654,0,0,0,1.776607761,0,4.3813,7.034333524,0,17.3474,0.670172066,0,1.672152375,58.11131226,21.9820948,108.0760815,311.2690868,106.6393264,614.7925954,167.1,167.1,167.1,435.39,435.39,435.39,0,0,0,1.067723562,0.922273065,1.11,0,0,0,5.388295459,1.277346939,10.53626081,21.33451639,5.05755102,41.71746532,2.152218988,0.510204082,4.208444165,64.67058831,27.53367418,114.6349073,315.1448361,101.6563687,623.737652,CIP
WSM,cip,0.3,0.15,0.05,605.9160142,603.6614566,609.1600435,606.2311439,604.0903656,609.3686422,934.9466223,722.0252216,1258.944796,964.5486844,757.1982907,1256.857419,29.60206213,35.17306912,-2.087377539,167.1,167.1,167.1,435.39,435.39,435.39,0.383433609,0.14917911,0.638459411,0.331024121,0.251303865,0.402175758,0,0,0,2.137760857,0,4.960769463,8.46428975,0,19.64176207,0.811440748,0,1.887921349,58.52869497,24.23393327,110.7225928,316.5121957,109.3406432,640.573088,167.1,167.1,167.1,435.39,435.39,435.39,0,0,0,1.066471724,0.89100861,1.11,0,0,0,6.519524343,1.945803109,12.3418878,25.81352489,7.704248705,48.8666981,2.604059891,0.777202073,4.929656414,66.39543239,30.03106216,117.8849567,314.6207167,105.5126213,614.9561335,CIP
WSM,cip,0.5,0,0.05,605.7141472,603.58894,608.9002193,605.7376237,603.5100977,608.8458669,915.9539905,708.2078235,1229.861647,917.2113548,708.5341166,1203.888499,1.257364283,0.326293145,-25.97314812,167.1,167.1,167.1,435.39,435.39,435.39,0.28001782,0.107146119,0.460830167,0.540681806,0.435809138,0.62617228,0,0,0,0.199237233,0,1.186540284,0.788863574,0,4.698009479,0.001766683,0,0.010521327,53.59677737,18.62635093,103.7966489,311.1163584,102.6091218,626.5172207,167.1,167.1,167.1,435.39,435.39,435.39,0,0,0,1.06925343,0.914340279,1.11,0,0,0,0,0,0,0,0,0,0,0,0,53.41145299,19.56208546,104.3470997,313.3348919,104.5660645,599.9589717,CIP
WSM,cip,0.5,0.025,0.05,605.8146755,603.6998547,609.0802395,605.8191748,603.7562271,608.9059358,925.3303579,721.6220574,1233.446147,925.1610895,721.7656034,1228.094858,-0.169268415,0.143545967,-5.351289293,167.1,167.1,167.1,435.39,435.39,435.39,0.280658596,0.111256442,0.468874364,0.537087586,0.42603675,0.629004263,0,0,0,0.764397967,0,2.418937198,3.026571404,0,9.577584541,0.227750238,0,0.767110211,55.67768053,20.95592109,105.4903792,316.5044166,110.1876111,628.4659795,167.1,167.1,167.1,435.39,435.39,435.39,0,0,0,1.066654752,0.901122546,1.11,0,0,0,1.098985026,0,3.024038448,4.351341573,0,11.97343359,0.438961905,0,1.207876038,56.25385518,21.14345432,105.48405,313.6166759,110.1890129,619.0381408,CIP
WSM,cip,0.5,0.05,0.05,605.780802,603.6971984,608.6155144,605.9116101,603.7646366,608.997251,921.4119107,723.8342318,1190.973368,934.7890012,729.0796404,1223.746569,13.37709057,5.245408554,32.77320158,167.1,167.1,167.1,435.39,435.39,435.39,0.277041999,0.109111813,0.470196453,0.536447382,0.423118196,0.624723618,0,0,0,1.293941178,0,3.612731618,5.123254558,0,14.30431618,0.443196511,0,1.237933168,56.22236898,20.75520257,104.1598534,308.7951037,111.4791231,582.1367522,167.1,167.1,167.1,435.39,435.39,435.39,0,0,0,1.062208343,0.882574679,1.11,0,0,0,2.118613228,0,4.959492214,8.388476276,0,19.63670491,0.846226725,0,1.980944326,57.84216073,22.91932694,109.2365431,315.7122138,106.3111283,605.1522299,CIP
WSM,cip,0.5,0.075,0.05,605.8484122,603.7050905,609.508006,605.9811623,603.8139704,609.1369207,928.8786249,722.8098988,1259.377962,941.2106808,727.1717178,1240.301337,12.33205592,4.361818992,-19.07662416,167.1,167.1,167.1,435.39,435.39,435.39,0.282577385,0.105748859,0.472023353,0.537776545,0.43215708,0.626454125,0,0,0,1.846426343,0,4.426117174,7.310774505,0,17.52484995,0.657726773,0,1.605631881,56.39048712,22.2659774,105.7781046,312.3511739,101.4790403,648.1111426,167.1,167.1,167.1,435.39,435.39,435.39,0,0,0,1.066989257,0.894127087,1.11,0,0,0,3.303317452,0.582098403,7.044952716,13.07921602,2.30477115,27.89391568,1.319427006,0.232504555,2.813929029,59.07798677,23.73947371,109.6301175,313.9253477,98.47398775,609.7341016,CIP
WSM,cip,0.5,0.1,0.05,605.921177,603.8098192,609.4200615,606.0615914,603.973011,609.0692463,935.9029933,730.8415448,1266.332662,948.9062355,748.2104944,1240.996339,13.00324215,17.36894961,-25.3363228,167.1,167.1,167.1,435.39,435.39,435.39,0.272815412,0.10552939,0.458128493,0.540598132,0.436039459,0.628496383,0,0,0,2.396551178,0,5.33943128,9.488948921,0,21.14104265,0.875105715,0,1.957941507,57.74217216,20.93953968,106.1017015,315.6881238,109.3001348,650.2487559,167.1,167.1,167.1,435.39,435.39,435.39,0,0,0,1.064243113,0.87483668,1.11,0,0,0,4.296074301,1.180943396,8.427940118,17.0099558,4.675849057,33.36974149,1.71595874,0.471698113,3.366328534,61.50165196,24.95434983,108.8135862,314.4887223,113.5844849,614.5155584,CIP
WSM,cip,0.5,0.125,0.05,605.9549902,603.7249465,609.1687723,606.1823663,604.0816163,609.1194906,937.7598738,722.4091832,1234.077034,961.3211263,757.9432862,1258.922994,23.56125251,35.53410303,24.84595941,167.1,167.1,167.1,435.39,435.39,435.39,0.276518051,0.107427995,0.465064197,0.53896767,0.426044553,0.627946725,0,0,0,2.947160359,0.584953271,6.230737491,11.66904106,2.316074766,24.6700969,1.101543074,0.228133713,2.397702147,59.9989657,23.9480032,106.0947519,313.4313935,99.99902057,612.7731128,167.1,167.1,167.1,435.39,435.39,435.39,0,0,0,1.06225281,0.868840859,1.11,0,0,0,5.317786774,1.375604396,10.47543561,21.055343,5.446593407,41.47663291,2.124056069,0.549450549,4.184149071,64.72567121,28.53041746,113.8243282,319.756724,110.7020392,614.2916762,CIP
WSM,cip,0.5,0.15,0.05,605.9409478,603.8678462,609.4638494,606.1696008,604.0188523,609.6157074,937.4577853,737.0344441,1260.601968,959.4263494,753.867284,1271.764333,21.9685641,16.83283984,11.16236495,167.1,167.1,167.1,435.39,435.39,435.39,0.277706383,0.106085098,0.467454257,0.537472606,0.428122384,0.62920672,0,0,0,3.540263752,0.648191566,7.247263158,14.01738557,2.566461637,28.69494737,1.340659432,0.246275234,2.817100342,61.12573512,24.23798658,114.4075534,308.9612705,108.1892985,631.2258425,167.1,167.1,167.1,435.39,435.39,435.39,0,0,0,1.063217019,0.878455492,1.11,0,0,0,6.509000006,2.073412271,12.01249011,25.77185463,8.209506772,47.56247483,2.599856209,0.82817234,4.7980868,66.72170527,29.48230017,116.7400821,309.3779628,107.6765242,627.2414205,CIP
WSM,cip,0.7,0,0.05,605.7781898,603.6335602,609.4508143,605.7190515,603.6603956,608.8626749,922.5658819,717.9850582,1261.034383,915.3076106,716.1630298,1214.65846,-7.258271382,-1.822028383,-46.37592394,167.1,167.1,167.1,435.39,435.39,435.39,0.170719515,0.065934144,0.289025559,0.744636038,0.601112099,0.835275639,0,0,0,0.307734204,0,1.270862944,1.218448481,0,5.031878173,0.00272875,0,0.011269036,55.61495959,19.35673352,106.7874185,316.9337666,111.7666869,657.2733228,167.1,167.1,167.1,435.39,435.39,435.39,0,0,0,1.065036752,0.887915482,1.11,0,0,0,0,0,0,0,0,0,0,0,0,55.13383501,18.43064786,107.0446667,311.4369846,112.2597727,611.2106799,CIP
WSM,cip,0.7,0.025,0.05,605.8187795,603.6460447,608.9106844,605.8125403,603.7578679,609.0944044,925.6522215,715.8399236,1215.595623,926.0576983,730.38211,1227.601136,0.405476786,14.54218633,12.00551326,167.1,167.1,167.1,435.39,435.39,435.39,0.167605395,0.06245315,0.299996536,0.7464845,0.627378802,0.828761134,0,0,0,1.078049814,0,3.115109867,4.268450309,0,12.33402344,0.308404829,0,0.948744473,55.18205836,20.57475235,103.6678285,314.6338247,102.8819513,608.5503639,167.1,167.1,167.1,435.39,435.39,435.39,0,0,0,1.068621752,0.898705882,1.11,0,0,0,1.093990183,0,3.083251232,4.331564902,0,12.20788177,0.436966841,0,1.231527094,55.28908118,20.21397356,103.5807767,314.4685771,114.408968,619.1454869,CIP
WSM,cip,0.7,0.05,0.05,605.7992101,603.694591,609.0304438,605.863618,603.7233829,609.1008881,924.7310224,723.970508,1227.399029,930.4721043,719.615634,1238.114653,5.741081934,-4.354874016,10.71562395,167.1,167.1,167.1,435.39,435.39,435.39,0.168558783,0.063755056,0.29912503,0.743589667,0.617906357,0.831328734,0,0,0,1.857962973,0,4.37385584,7.356452853,0,17.31792546,0.624350129,0,1.584011264,57.55516072,21.66428314,105.5229061,308.2157337,104.9612252,610.2887205,167.1,167.1,167.1,435.39,435.39,435.39,0,0,0,1.065295021,0.885754594,1.11,0,0,0,2.190976867,0,4.982911343,8.674994204,0,19.72943104,0.875130559,0,1.990298507,58.36505241,22.29345134,105.8801205,311.2152833,98.2778123,619.9858553,CIP
WSM,cip,0.7,0.075,0.05,605.9371971,603.8146474,609.2388063,606.0005481,603.8422519,609.0447754,937.3359138,732.9465424,1252.770208,943.5884288,737.2721715,1233.786684,6.252515005,4.325629057,-18.98352438,167.1,167.1,167.1,435.39,435.39,435.39,0.167328851,0.062413781,0.290706633,0.747928498,0.626898465,0.836683417,0,0,0,2.604997492,0.556294012,5.90533853,10.3142751,2.202600767,23.38170626,0.929458867,0.005509894,2.12766657,58.5397801,23.82647106,109.2426235,315.5407374,107.6077813,637.5083829,167.1,167.1,167.1,435.39,435.39,435.39,0,0,0,1.067954347,0.918615832,1.11,0,0,0,3.273581164,0.593270142,7.119241706,12.96147762,2.349004739,28.18805687,1.307549594,0.236966825,2.843601896,59.67656457,25.18189621,107.2553104,316.7519421,107.0605497,610.9874655,CIP
WSM,cip,0.7,0.1,0.05,605.927537,603.8060914,609.2227844,606.0177259,603.8461356,609.1491341,935.0178717,727.6481523,1249.894849,944.5663127,735.0376131,1244.437477,9.548441017,7.389460795,-5.457372218,167.1,167.1,167.1,435.39,435.39,435.39,0.172240663,0.065678672,0.29771234,0.743709421,0.612191919,0.824663996,0,0,0,3.363599704,0.607596513,7.213174623,13.31789868,2.405728835,28.55997659,1.233190977,0.236958163,2.631895243,60.22421088,24.37316434,107.1569327,307.782898,100.6509802,621.6660275,167.1,167.1,167.1,435.39,435.39,435.39,0,0,0,1.065797304,0.901702471,1.11,0,0,0,4.422375145,1.15346931,8.846668866,17.51003369,4.567067651,35.02766382,1.766406433,0.460724281,3.533579193,62.17031672,26.43741643,107.0485163,309.6820746,102.7729054,615.7677826,CIP
WSM,cip,0.7,0.125,0.05,606.0305094,603.8608955,609.3363843,606.1196181,604.0206605,609.2907432,946.0038449,739.7214617,1257.209299,954.6020973,755.6070764,1275.236064,8.598252409,15.88561476,18.02676403,167.1,167.1,167.1,435.39,435.39,435.39,0.171600177,0.062839484,0.297207162,0.744195692,0.60723034,0.835195509,0,0,0,4.1664479,1.102547845,8.420314311,16.49671063,4.365448267,33.33954773,1.564827109,0.260392291,3.207527692,60.93423806,24.89680267,109.4105034,313.2637201,109.2560322,629.6219924,167.1,167.1,167.1,435.39,435.39,435.39,0,0,0,1.066268095,0.902910497,1.11,0,0,0,5.500110507,1.683847924,10.78158469,21.77723895,6.667058516,42.68880521,2.196880695,0.672570668,4.306432614,63.5349105,26.53222106,112.5236502,311.9699208,108.3414424,630.4715174,CIP
WSM,cip,0.7,0.15,0.05,606.1338302,603.8126142,609.6210674,606.1509774,603.9897582,609.3857897,955.6859444,731.6245908,1301.193175,958.9270847,751.9393648,1270.653754,3.24114028,20.31477398,-30.53942105,167.1,167.1,167.1,435.39,435.39,435.39,0.170106707,0.061918724,0.297744307,0.744355779,0.618933803,0.831160056,0,0,0,4.833542259,1.283571574,9.1158116,19.13801634,5.082196954,36.09331252,1.837783796,0.492431489,3.477927083,62.36059022,26.28802594,111.6779049,317.9598539,96.79533296,662.0168787,167.1,167.1,167.1,435.39,435.39,435.39,0,0,0,1.066712902,0.914421172,1.11,0,0,0,6.390490372,2.133448623,11.81224573,25.3026254,8.447215813,46.76962354,2.552520519,0.85215235,4.718104223,65.56418576,30.84862278,115.8502162,309.6535116,99.41388513,627.5698207,CIP
WSM,cip+cro,0.1,0,0.05,605.780002,603.5582043,609.0074217,605.7654557,603.5572659,608.8436779,922.0340581,708.9703587,1236.988923,919.9061966,710.2870562,1215.907032,-2.127861468,1.316697568,-21.08189105,167.1,167.1,167.1,435.39,435.39,435.39,0.484956297,0.189838478,0.808729824,0.121386228,0.072957746,0.169423211,0.104238366,0,0.507614213,0.048315874,0,0.638673469,0.191302761,0,2.52877551,0.003802452,0,0.005873797,54.43566073,17.70903606,103.8436474,318.3045177,105.7367784,633.0326033,167.1,167.1,167.1,435.39,435.39,435.39,0,0,0,1.064573018,0.89979418,1.11,0,0,0,0,0,0,0,0,0,0,0,0,54.47415021,17.61551209,106.1654938,316.0310847,106.4136468,612.0282595,CIP+CRO
WSM,cip+cro,0.1,0.025,0.05,605.6434875,603.5608626,609.0984921,605.7273732,603.5985629,608.9712457,909.1040609,705.9913618,1232.333212,915.3676552,715.2096695,1225.462107,6.263594287,9.218307759,-6.871104861,167.1,167.1,167.1,435.39,435.39,435.39,0.487916193,0.19719153,0.814368951,0.118326,0.068706144,0.167046281,0.256340187,0,0.824404762,0.055633833,0,0.632302453,0.220277623,0,2.503549992,0.006606247,0,0.217438978,54.66372905,19.64510492,106.234067,305.1120847,102.9797493,628.6366046,167.1,167.1,167.1,435.39,435.39,435.39,0,0,0,1.06479287,0.887968103,1.11,0,0,0,1.095205062,0,3.024038448,4.336375116,0,11.97343359,0.437452094,0,1.207876038,56.74930075,20.73817638,107.1701959,303.771106,100.9764553,612.0202561,CIP+CRO
WSM,cip+cro,0.1,0.05,0.05,605.6933158,603.6081871,608.9174946,605.8638377,603.6512969,609.1989788,912.9891775,709.5288717,1222.63494,929.3752873,716.020383,1225.95603,16.38610984,6.491511281,3.321090531,167.1,167.1,167.1,435.39,435.39,435.39,0.496027951,0.190919933,0.822644387,0.116918242,0.071284404,0.166210628,0.387468742,0,1.069807776,0.061655608,0,0.635431472,0.24412035,0,2.515939086,0.010825327,0,0.240413647,52.861467,16.6337787,101.0250574,308.7709212,105.9067015,619.3287541,167.1,167.1,167.1,435.39,435.39,435.39,0,0,0,1.065420196,0.88702032,1.11,0,0,0,2.189180512,0,5.0072,8.66788168,0,19.8256,0.87441305,0,2,56.60100066,20.62457657,106.8893331,310.0027961,93.21923349,607.6181427,CIP+CRO
WSM,cip+cro,0.1,0.075,0.05,605.7551149,603.6004514,608.9014407,606.0084643,603.8084368,609.4110078,918.9004023,709.79026,1228.502959,944.9828098,729.528564,1260.428163,26.08240754,19.73830402,31.92520331,167.1,167.1,167.1,435.39,435.39,435.39,0.491913616,0.191756558,0.820250867,0.112493797,0.065931852,0.159285064,0.523311476,0,1.31596352,0.064965714,0,0.65539267,0.257226448,0,2.594973822,0.01173728,0,0.238123718,54.53426985,18.0452919,106.0952684,314.4908121,106.560491,624.3311817,167.1,167.1,167.1,435.39,435.39,435.39,0,0,0,1.067202767,0.890252412,1.11,0,0,0,3.312336677,0.593270142,6.730258426,13.11492691,2.349004739,26.6479093,1.323029508,0.236966825,2.688232316,60.39395623,23.57456199,111.243196,317.5472178,101.3626971,641.6229374,CIP+CRO
WSM,cip+cro,0.1,0.1,0.05,605.6179185,603.5670137,608.8566211,606.0053875,603.8255217,609.3377268,906.0912642,708.5331819,1213.785572,944.1060214,731.9213382,1264.601508,38.01475724,23.38815632,50.81593608,167.1,167.1,167.1,435.39,435.39,435.39,0.491549393,0.191209136,0.809028297,0.110471974,0.063732057,0.158593331,0.674841083,0,1.635899753,0.077563222,0,0.64868549,0.307105253,0,2.568417287,0.01638915,0,0.245128224,53.73401522,18.11371309,102.1757484,301.4067064,103.875466,609.7258,167.1,167.1,167.1,435.39,435.39,435.39,0,0,0,1.065050496,0.893033751,1.11,0,0,0,4.385767772,1.169369888,8.71936706,17.36508978,4.630024693,34.5236227,1.751784539,0.467075367,3.48273169,61.71715751,25.70719483,108.9687859,309.2096396,101.3921321,623.7017807,CIP+CRO
WSM,cip+cro,0.1,0.125,0.05,605.7452443,603.6226956,608.7532956,606.1671029,604.0002526,609.4921061,917.9732447,713.151451,1209.350665,958.7767311,751.976552,1269.503786,40.80348642,38.825101,60.15312164,167.1,167.1,167.1,435.39,435.39,435.39,0.49494579,0.19098767,0.805808739,0.108130532,0.064030801,0.156264033,0.768692845,0,1.699029126,0.086500247,0,0.652064504,0.342490672,0,2.581796221,0.020058201,0,0.247555539,53.00461476,17.4026201,101.9233765,313.0980502,107.5064112,605.0271344,167.1,167.1,167.1,435.39,435.39,435.39,0,0,0,1.065603192,0.89910168,1.11,0,0,0,5.490036545,1.37523059,10.6810953,21.73735192,5.445113354,42.29092565,2.192856904,0.549301242,4.266294654,62.67567734,26.08616663,113.0248328,316.2867484,105.4495119,630.6275667,CIP+CRO
WSM,cip+cro,0.1,0.15,0.05,605.7230843,603.4868818,608.9832384,606.182547,604.0749521,609.4347433,916.5325878,703.704436,1242.679697,961.1723488,757.1004937,1258.040005,44.63976097,53.39605773,15.36030749,167.1,167.1,167.1,435.39,435.39,435.39,0.492669186,0.193469633,0.816454674,0.10375973,0.059848553,0.154491413,0.902078516,0,1.955444189,0.086547415,0,0.655478906,0.34267743,0,2.595315266,0.021595003,0,0.252557299,54.46856806,17.28916858,103.4089164,311.4689275,99.50955085,638.7555459,167.1,167.1,167.1,435.39,435.39,435.39,0,0,0,1.063597878,0.878689145,1.11,0,0,0,6.331231918,1.985455678,11.38,25.06799639,7.861249817,45.05818182,2.528851222,0.793040293,4.545454545,66.07779221,26.89040732,113.0362221,312.2595449,104.8000976,615.7367033,CIP+CRO
WSM,cip+cro,0.3,0,0.05,605.7386783,603.5590336,609.0320372,605.6833843,603.5709016,608.6645037,916.3691224,707.6792188,1225.592077,912.2078504,708.9540249,1209.450354,-4.161271935,1.27480609,-16.1417229,167.1,167.1,167.1,435.39,435.39,435.39,0.390741149,0.149750371,0.646159639,0.324245552,0.246621324,0.398621762,0.298729745,0,0.930414244,0.164306498,0,1.19247706,0.650558177,0,4.721515659,0.007401831,0,0.022185413,55.11680856,19.70083681,105.0005516,311.5137453,102.2127714,617.9700861,167.1,167.1,167.1,435.39,435.39,435.39,0,0,0,1.061932726,0.874919772,1.11,0,0,0,0,0,0,0,0,0,0,0,0,54.82039897,18.85285204,104.0382571,308.3366021,105.0876061,605.383086,CIP+CRO
WSM,cip+cro,0.3,0.025,0.05,605.7166384,603.5968608,608.9416781,605.735811,603.6217532,608.7323924,915.6542247,713.7581252,1222.735099,917.5795423,717.0013869,1210.193986,1.925317635,3.243261713,-12.54111339,167.1,167.1,167.1,435.39,435.39,435.39,0.379388907,0.148620099,0.63468552,0.318492431,0.237023715,0.391218994,0.654499758,0,1.492723881,0.167184985,0,1.169906542,0.661955312,0,4.632149533,0.01689401,0,0.246366689,53.95131089,17.82488106,101.9094394,310.3190768,107.7997933,617.4825402,167.1,167.1,167.1,435.39,435.39,435.39,0,0,0,1.064837728,0.897507368,1.11,0,0,0,1.060321611,0,2.884331797,4.198256935,0,11.4202765,0.423518777,0,1.152073733,55.22875699,19.46682558,101.7037866,306.2390633,105.6859487,601.9531265,CIP+CRO
WSM,cip+cro,0.3,0.05,0.05,605.7952117,603.5546276,609.0677041,605.9422673,603.722574,609.0925128,923.5880093,707.513727,1244.468527,938.1584856,724.6224114,1265.422884,14.57047628,17.10868439,20.95435675,167.1,167.1,167.1,435.39,435.39,435.39,0.388920628,0.148482274,0.648450256,0.309578358,0.22631068,0.385005137,0.992911978,0.21915767,2.083333333,0.190777685,0,1.227558678,0.755368684,0,4.860418462,0.028511003,0,0.260416667,54.09256191,18.91329353,102.4506445,317.6264098,103.2032416,636.6905667,167.1,167.1,167.1,435.39,435.39,435.39,0,0,0,1.06553933,0.896264943,1.11,0,0,0,2.190425514,0,5.113421482,8.672811167,0,20.2461753,0.874910335,0,2.042427497,57.52925133,22.16992099,106.9320304,318.8657579,107.9276731,647.0558543,CIP+CRO
WSM,cip+cro,0.3,0.075,0.05,605.7881093,603.6027948,609.0332104,605.936247,603.7941872,609.2874906,922.0914771,710.9259418,1249.355502,937.8583546,728.8594423,1246.701084,15.76687754,17.93350057,-2.654417885,167.1,167.1,167.1,435.39,435.39,435.39,0.388319327,0.151883084,0.643407231,0.299797491,0.231239768,0.37,1.386171056,0.456466741,2.594339623,0.196678772,0,1.209763591,0.778733556,0,4.789960269,0.035180167,0,0.264585444,53.98702465,16.88892129,103.9026458,315.5969316,106.1743601,639.373853,167.1,167.1,167.1,435.39,435.39,435.39,0,0,0,1.06457273,0.896676102,1.11,0,0,0,3.162034459,0.6047343,6.684911494,12.51981754,2.394396135,26.46836182,1.262995071,0.241545894,2.670119626,59.28660173,22.63509326,110.7182169,311.5342547,99.3834218,625.3823828,CIP+CRO
WSM,cip+cro,0.3,0.1,0.05,605.6839888,603.5548339,608.9995883,606.0019324,603.8562414,609.2299159,913.7692389,706.4949789,1246.587285,941.8239724,736.3238923,1244.591965,28.05473353,29.82891341,-1.995320069,167.1,167.1,167.1,435.39,435.39,435.39,0.386191661,0.148282081,0.655925655,0.29306262,0.220040593,0.363472737,1.75432515,0.534548269,3.125,0.233657604,0,1.227406042,0.925148226,0,4.859814112,0.04883124,0,0.294117647,55.76773772,19.56756288,104.4116741,306.5499583,97.84594801,637.8456546,167.1,167.1,167.1,435.39,435.39,435.39,0,0,0,1.068709791,0.917436668,1.11,0,0,0,4.352786143,1.180396663,8.774299065,17.23450171,4.673684312,34.7411215,1.738610858,0.471479734,3.504672897,62.69259073,25.65090744,110.0701357,307.356863,106.4653247,615.9586337,CIP+CRO
WSM,cip+cro,0.3,0.125,0.05,605.7256482,603.5551369,609.0410592,606.0791517,603.8938192,608.9610927,915.5432259,707.2860195,1219.19038,950.7161273,742.8971488,1241.175092,35.17290141,35.61112928,21.98471207,167.1,167.1,167.1,435.39,435.39,435.39,0.389714401,0.152092102,0.643771676,0.285491954,0.212550366,0.364039144,2.118459933,0.823518237,3.605831186,0.256840116,0,1.264604907,1.016937492,0,5.007099985,0.05730117,0,0.280898876,53.94642587,18.88824147,102.1012823,307.664399,100.1439671,611.7239138,167.1,167.1,167.1,435.39,435.39,435.39,0,0,0,1.065029344,0.901220732,1.11,0,0,0,5.480599611,1.661137197,10.72971429,21.69998715,6.577137245,42.48342857,2.189087558,0.66349944,4.285714286,63.12451213,27.77249126,111.3668058,307.9451302,100.2970777,600.8765305,CIP+CRO
WSM,cip+cro,0.3,0.15,0.05,605.8274645,603.6813534,608.9431934,606.2946608,604.0889169,609.4331083,926.448513,720.4951842,1245.525823,970.6623475,760.0729145,1274.334186,44.21383456,39.57773024,28.80836315,167.1,167.1,167.1,435.39,435.39,435.39,0.386770985,0.151476498,0.641087947,0.276640195,0.198621147,0.344666096,2.453097296,1.004899497,4.047779923,0.240513546,0,1.233453129,0.952293768,0,4.88375706,0.059406151,0,0.435024155,54.22442513,18.87549501,103.6886532,318.2240634,112.5147493,638.0331092,167.1,167.1,167.1,435.39,435.39,435.39,0,0,0,1.066030092,0.895313888,1.11,0,0,0,6.592676392,2.183213878,12.27382079,26.10316446,8.64425728,48.59719232,2.633278636,0.872029828,4.90246876,65.18429088,28.72589426,113.9221539,319.9743018,108.7432777,621.3250723,CIP+CRO
WSM,cip+cro,0.5,0,0.05,605.6911015,603.6221031,609.1251752,605.6748458,603.5565408,608.8768796,914.2735492,714.5487882,1226.276339,910.24945,705.8578825,1201.768108,-4.024099165,-8.69090572,-24.50823083,167.1,167.1,167.1,435.39,435.39,435.39,0.282003961,0.109277961,0.483111136,0.526756277,0.423099378,0.613439587,0.488942249,0,1.231527094,0.235190655,0,1.233607284,0.931218215,0,4.884367424,0.011351819,0,0.245113617,52.80386666,18.39143739,96.7050424,308.6002568,110.8191908,622.5990687,167.1,167.1,167.1,435.39,435.39,435.39,0,0,0,1.064723325,0.899800633,1.11,0,0,0,0,0,0,0,0,0,0,0,0,52.34014873,18.18582234,98.02788718,306.3746153,102.0433326,597.8483528,CIP+CRO
WSM,cip+cro,0.5,0.025,0.05,605.7029723,603.5675519,608.8012384,605.7511961,603.5916832,608.9320307,914.6940634,707.1307719,1211.778315,919.8949768,713.6543308,1226.129837,5.200913366,6.523558934,14.35152222,167.1,167.1,167.1,435.39,435.39,435.39,0.281735696,0.105618002,0.468036336,0.513154088,0.415552607,0.595223675,1.060977753,0.222125182,2.162719759,0.268276308,0,1.324656085,1.062218159,0,5.244867725,0.024614819,0,0.260790676,53.49377151,18.07795577,104.1186052,308.0474187,101.0461884,606.7957337,167.1,167.1,167.1,435.39,435.39,435.39,0,0,0,1.06587052,0.894560301,1.11,0,0,0,1.062892591,0,3.025542581,4.208436523,0,11.97938908,0.424545691,0,1.208476826,54.77662783,19.68316915,106.9292892,308.4226833,103.5045586,617.5379805,CIP+CRO
WSM,cip+cro,0.5,0.05,0.05,605.6347163,603.5994231,608.5439501,605.7649464,603.7395155,608.6090466,907.1308216,712.2587529,1189.938936,919.3274739,725.405823,1208.377827,12.19665222,13.1470701,18.43889101,167.1,167.1,167.1,435.39,435.39,435.39,0.281598002,0.10743028,0.46845885,0.500315224,0.398181268,0.590064863,1.691272572,0.51800186,3.110074428,0.294019298,0,1.318034658,1.16414543,0,5.218650728,0.041112292,0,0.268817204,53.31714634,18.80794394,102.771378,299.420942,104.9534211,583.080435,167.1,167.1,167.1,435.39,435.39,435.39,0,0,0,1.066624612,0.905484586,1.11,0,0,0,2.218517667,0,5.053539627,8.784039753,0,20.00907797,0.886131038,0,2.018509197,56.22554875,21.7611744,104.4001907,299.7990433,104.305038,583.8685341,CIP+CRO
WSM,cip+cro,0.5,0.075,0.05,605.7390748,603.5659164,608.9754209,605.9544911,603.8264637,609.2029688,918.3463624,709.7807078,1242.019999,938.7322878,728.9712413,1258.891375,20.38592537,19.19053348,16.8713762,167.1,167.1,167.1,435.39,435.39,435.39,0.27896608,0.107019198,0.469561415,0.486964422,0.389842196,0.565918627,2.272679536,0.909090909,3.750276549,0.351962768,0,1.346021505,1.393567872,0,5.329462366,0.059527943,0,0.296100935,55.40293928,20.37239808,103.1235612,309.5886903,101.5150868,634.6587421,167.1,167.1,167.1,435.39,435.39,435.39,0,0,0,1.067709718,0.906264939,1.11,0,0,0,3.331794506,0.625822152,6.679778317,13.1919686,2.477891766,26.44803743,1.330801448,0.249968905,2.668069307,60.17761527,23.47417999,108.5621817,311.5151878,102.0551306,636.2744893,CIP+CRO
WSM,cip+cro,0.5,0.1,0.05,605.7876748,603.5303884,609.0500103,606.0608774,603.859384,609.2730575,922.1057763,704.3765695,1232.507986,948.9103689,738.182052,1256.597346,26.80459257,33.80548247,24.08936008,167.1,167.1,167.1,435.39,435.39,435.39,0.278185689,0.109227431,0.470788485,0.472739692,0.373829926,0.555,2.826791445,1.262310606,4.630167959,0.356987404,0,1.458639339,1.41346251,0,5.775363494,0.070310834,0,0.476247437,54.0087502,18.75318896,101.2568784,312.5229802,94.42406832,625.2985624,167.1,167.1,167.1,435.39,435.39,435.39,0,0,0,1.063239082,0.900841218,1.11,0,0,0,4.385759759,1.132723105,8.844560039,17.36505805,4.484924748,35.01931409,1.751781338,0.452437732,3.532736874,60.58318109,25.72121676,108.4440472,314.0824223,104.3901033,628.5208176,CIP+CRO
WSM,cip+cro,0.5,0.125,0.05,605.7858584,603.6878582,608.7132493,606.0885193,604.00783,609.3174925,921.6799141,719.173211,1212.383681,951.2124155,756.0564969,1247.915174,29.53250133,36.88328591,35.5314928,167.1,167.1,167.1,435.39,435.39,435.39,0.276860458,0.108872589,0.471399409,0.460743004,0.353991912,0.543217285,3.434233102,1.754385965,5.227840909,0.388896208,0,1.731001543,1.539802818,0,6.853759426,0.085651604,0,0.487821109,55.90641253,20.47082846,101.7483874,311.1070167,107.554208,600.9782952,167.1,167.1,167.1,435.39,435.39,435.39,0,0,0,1.063256614,0.857958247,1.11,0,0,0,5.403270822,1.754859813,10.18302202,21.39381012,6.948224299,40.31884513,2.15820052,0.700934579,4.067351821,64.34137779,28.20329558,109.7375833,309.0530653,108.4045907,600.9467277,CIP+CRO
WSM,cip+cro,0.5,0.15,0.05,605.8853925,603.7132002,609.3087352,606.2304149,604.0061107,609.4549971,931.2378853,723.5650157,1244.985768,964.5625752,750.8540625,1261.526071,33.32468995,27.28904685,16.5403032,167.1,167.1,167.1,435.39,435.39,435.39,0.285699652,0.107957717,0.479534611,0.447625736,0.353664104,0.534261854,4.0456652,2.319468309,6.132182676,0.424588401,0,1.763306504,1.681123143,0,6.981668283,0.09959978,0,0.50008867,56.03208525,20.19283514,105.8505532,319.5580171,106.9699531,633.7923094,167.1,167.1,167.1,435.39,435.39,435.39,0,0,0,1.066651503,0.90290211,1.11,0,0,0,6.525655102,1.813554969,12.02383,25.83779913,7.180622981,47.6073742,2.606508668,0.724378882,4.802616234,66.28457892,28.97016456,114.2541307,314.3952779,97.07047443,611.6121643,CIP+CRO
WSM,cip+cro,0.7,0,0.05,605.6619691,603.6498773,608.7574727,605.639564,603.5453071,608.8915482,909.3089144,714.5160086,1193.598826,908.6674518,706.3671642,1229.745698,-0.641462599,-8.148844395,36.14687134,167.1,167.1,167.1,435.39,435.39,435.39,0.16837546,0.064007848,0.295827833,0.730585435,0.601928737,0.815858162,0.659429704,0,1.52288133,0.338012839,0,1.455581395,1.338334268,0,5.763255814,0.015505516,0,0.248167607,53.85320986,18.48882023,100.6285503,302.6206042,108.241341,582.1468863,167.1,167.1,167.1,435.39,435.39,435.39,0,0,0,1.065138301,0.882572071,1.11,0,0,0,0,0,0,0,0,0,0,0,0,53.23282156,17.8663872,99.42741553,304.7909028,102.5817522,626.158488,CIP+CRO
WSM,cip+cro,0.7,0.025,0.05,605.7868726,603.5839655,608.9527334,605.7899562,603.6748855,608.9273184,922.9888273,705.131635,1234.802854,922.6304766,719.094075,1252.257247,-0.358350695,13.96244007,17.45439315,167.1,167.1,167.1,435.39,435.39,435.39,0.167254269,0.063164578,0.300818239,0.711219455,0.580692468,0.805111967,1.482570967,0.478355518,2.790727187,0.369844638,0,1.554020544,1.464369679,0,6.153017594,0.032565763,0,0.259816387,54.51256099,18.80442855,105.4841797,315.0477881,98.16723305,629.592757,167.1,167.1,167.1,435.39,435.39,435.39,0,0,0,1.064981538,0.884052796,1.11,0,0,0,1.029553351,0,3.009864988,4.07643252,0,11.91731493,0.41122917,0,1.202214806,55.4398303,19.94699152,103.9113888,311.3873798,105.2603853,640.078393,CIP+CRO
WSM,cip+cro,0.7,0.05,0.05,605.7326509,603.6190058,608.7475406,605.8598776,603.7540919,609.2992946,917.9078558,713.9090207,1211.349476,931.8399643,724.5724165,1242.964999,13.93210857,10.66339575,31.61552239,167.1,167.1,167.1,435.39,435.39,435.39,0.172945947,0.064466021,0.296214142,0.696899094,0.580260282,0.78555,2.26934158,0.938641106,3.738886362,0.453207146,0,1.780022309,1.794436728,0,7.047853148,0.055316079,0,0.29244066,56.02760266,20.37773141,102.7996905,308.3882341,104.719609,603.7190654,167.1,167.1,167.1,435.39,435.39,435.39,0,0,0,1.067510682,0.904856231,1.11,0,0,0,2.166026554,0,4.958240382,8.576205474,0,19.63174839,0.865164784,0,1.980444313,58.69973787,22.66507856,105.1174094,312.5738512,102.5821629,626.7425173,CIP+CRO
WSM,cip+cro,0.7,0.075,0.05,605.7698669,603.594602,608.9163027,605.8964807,603.8371238,609.0522831,921.3015217,711.7034906,1223.018817,933.3189034,732.5978261,1242.764374,12.01738171,20.8943355,19.745557,167.1,167.1,167.1,435.39,435.39,435.39,0.169182521,0.065852801,0.289772779,0.676601191,0.562992315,0.761457161,3.117999605,1.604125461,4.972444408,0.478497413,0,1.840882353,1.894571479,0,7.288823529,0.086415599,0,0.497512438,55.04226832,20.41434212,101.5981204,310.4626648,100.4881996,612.6023486,167.1,167.1,167.1,435.39,435.39,435.39,0,0,0,1.066563223,0.90680615,1.11,0,0,0,3.214024925,0.610634146,6.923197517,12.72566955,2.417756098,27.41183589,1.283761354,0.243902439,2.765296979,59.35646216,23.93765563,107.6557145,306.6445635,102.7827556,608.6196937,CIP+CRO
WSM,cip+cro,0.7,0.1,0.05,605.7441606,603.6327318,608.9265325,606.0243924,603.9235178,609.4216839,918.4912742,716.5120254,1216.346734,945.4482179,744.9464494,1272.23527,26.9569437,28.43442396,55.88853538,167.1,167.1,167.1,435.39,435.39,435.39,0.170345117,0.061310776,0.297218463,0.659984391,0.542322874,0.74899084,3.943071395,2.23825454,5.915305987,0.539397576,0,1.92609433,2.135700708,0,7.626213402,0.10542237,0,0.510345663,57.02056363,20.66388408,106.0077112,306.1721457,101.534868,608.2080062,167.1,167.1,167.1,435.39,435.39,435.39,0,0,0,1.069746409,0.910991692,1.11,0,0,0,4.381199601,1.180943396,8.61026455,17.34700248,4.675849057,34.09164021,1.749959898,0.471698113,3.439153439,62.6712312,26.25003151,110.0498995,310.6753528,110.5834689,648.1416017,CIP+CRO
WSM,cip+cro,0.7,0.125,0.05,605.8317454,603.7441845,609.0258846,606.1355908,604.0299591,609.1060048,927.0186405,725.5996618,1233.525092,957.3065129,751.4229627,1266.010257,30.28787234,25.82330092,32.48516477,167.1,167.1,167.1,435.39,435.39,435.39,0.168627805,0.06153594,0.286878731,0.639963163,0.511395878,0.727568525,4.74760185,2.678452063,6.735962164,0.560535415,0,1.997820244,2.219394256,0,7.910206309,0.122450815,0,0.526315789,55.00290419,20.10059368,104.0641022,313.5256366,109.2555051,622.8541857,167.1,167.1,167.1,435.39,435.39,435.39,0,0,0,1.065103416,0.867940011,1.11,0,0,0,5.406424659,1.730400615,10.04040887,21.40629748,6.8513801,39.75418001,2.159460241,0.691164969,4.010388589,62.69373799,25.11950118,111.7751734,314.9872794,107.0861187,623.0024681,CIP+CRO
WSM,cip+cro,0.7,0.15,0.05,605.8985537,603.7630539,609.2824703,606.1665282,603.9890707,609.3602381,931.9612679,727.7355867,1269.019874,962.1331062,747.0417658,1282.994232,30.17183837,19.30617914,13.97435819,167.1,167.1,167.1,435.39,435.39,435.39,0.165338988,0.065104271,0.288319734,0.62535253,0.510133235,0.713189012,5.514493933,3.397241412,7.828654189,0.652162266,0,2.187770391,2.582183299,0,8.662298425,0.155016393,0,0.666864955,57.85056009,21.18187962,106.2193973,316.9637661,112.1782091,653.427926,167.1,167.1,167.1,435.39,435.39,435.39,0,0,0,1.066864113,0.916801839,1.11,0,0,0,6.624634395,2.296880734,12.29695416,26.22969957,9.094311927,48.68878704,2.646043455,0.917431193,4.911708805,66.85729886,28.24031288,115.5237348,311.8093827,98.84109824,641.6342857,CIP+CRO
WSM,cip+cro+nda,0.1,0,0.05,605.7394064,603.5260125,608.9433361,605.7229064,603.5219865,608.8281126,918.2596671,704.8889839,1222.537065,915.9758758,705.257689,1221.152539,-2.283791307,0.36870508,-1.38452592,167.1,167.1,167.1,435.39,435.39,435.39,0.501001261,0.192356978,0.819734948,0.122126971,0.075332694,0.170007937,0.11142718,0,0.50767896,0.049933615,0,0.625978631,0.197708078,0,2.478511332,0.007523394,0,0.227272727,54.41099146,18.18349252,101.9521752,314.4845292,101.5497754,619.0131615,167.1,167.1,167.1,435.39,435.39,435.39,0,0,0,1.069661871,0.915814899,1.11,0,0,0,0,0,0,0,0,0,0,0,0,54.33066137,18.48711831,102.6536595,312.1021593,101.3368672,617.2698932,CIP+CRO+NDA
WSM,cip+cro+nda,0.1,0.025,0.05,605.6719973,603.5494896,608.8909843,605.7857202,603.6365469,609.0377638,912.1698049,705.745267,1209.66223,922.0728807,712.8998393,1236.924907,9.903075778,7.154572377,27.26267754,167.1,167.1,167.1,435.39,435.39,435.39,0.486894242,0.19171838,0.801597962,0.118536672,0.071077927,0.171168224,0.246232783,0,0.802246852,0.043976395,0,0.616650246,0.174120951,0,2.441576355,0.018267645,0,0.25,54.00119998,18.87985582,103.0623409,308.2809285,102.1526602,605.3232276,167.1,167.1,167.1,435.39,435.39,435.39,0,0,0,1.062874871,0.880027535,1.11,0,0,0,1.082511552,0,3.053544895,4.286116198,0,12.09026196,0.432381991,0,1.219661645,55.86170677,20.22757479,106.6820766,310.5002568,99.98513121,629.5985352,CIP+CRO+NDA
WSM,cip+cro+nda,0.1,0.05,0.05,605.7056309,603.5152616,608.8137203,605.8110427,603.745805,608.7926366,913.7906734,703.0866229,1209.766201,924.0971534,725.1000199,1185.325254,10.30648001,22.01339701,-24.44094693,167.1,167.1,167.1,435.39,435.39,435.39,0.500516207,0.187320613,0.823444301,0.116625314,0.069350341,0.163084437,0.369254187,0,1.026041667,0.045893006,0,0.632222222,0.181709614,0,2.503232323,0.027122834,0,0.255134746,53.87941378,18.5904806,104.1103689,309.6795595,99.55522013,605.2180712,167.1,167.1,167.1,435.39,435.39,435.39,0,0,0,1.062559225,0.865322581,1.11,0,0,0,2.108000856,0,5.053250634,8.346457457,0,20.00793373,0.84198788,0,2.018393767,57.71554296,22.09055332,106.1165191,305.3500981,103.8427797,571.8224305,CIP+CRO+NDA
WSM,cip+cro+nda,0.1,0.075,0.05,605.6758852,603.5087264,608.7563823,605.930255,603.7547257,608.9293591,911.1262799,702.845872,1211.933444,935.7417152,730.4451722,1236.17426,24.61543531,27.5993002,24.24081625,167.1,167.1,167.1,435.39,435.39,435.39,0.488029333,0.188518701,0.806719653,0.113027585,0.069992754,0.161459444,0.476392794,0,1.282327586,0.045963199,0,0.622863918,0.181987536,0,2.466178881,0.038948362,0,0.264556974,52.63557481,18.96303119,100.1122116,306.8782803,98.61939573,608.2922402,167.1,167.1,167.1,435.39,435.39,435.39,0,0,0,1.067111276,0.903061686,1.11,0,0,0,3.31936728,0.607669903,6.750316574,13.14276401,2.406019417,26.7273279,1.325837706,0.242718447,2.696244038,58.51142929,24.41993845,105.7704925,308.4839805,99.97755839,613.9781879,CIP+CRO+NDA
WSM,cip+cro+nda,0.1,0.1,0.05,605.736096,603.6452798,609.1675284,606.0362893,603.9483528,609.3821011,917.9192742,719.8921182,1221.818123,946.9378625,742.3306744,1262.358938,29.01858828,22.43855616,40.54081499,167.1,167.1,167.1,435.39,435.39,435.39,0.492924364,0.186708452,0.81864556,0.110294878,0.067073157,0.159334914,0.612790785,0,1.420828349,0.042141819,0,0.613703021,0.166857095,0,2.429907056,0.049689214,0,0.270381645,55.1813595,18.66770913,109.4401872,313.5172965,116.3583033,618.0647799,167.1,167.1,167.1,435.39,435.39,435.39,0,0,0,1.059002485,0.875872183,1.11,0,0,0,4.419378932,1.175125712,8.575450874,17.49817042,4.652814412,33.9537983,1.765209671,0.469374386,3.425247992,62.84919373,26.09416407,114.034029,312.1209458,105.9256512,624.8727444,CIP+CRO+NDA
WSM,cip+cro+nda,0.1,0.125,0.05,605.6777712,603.6135364,609.1952732,606.0676413,603.9827208,609.4343755,911.7409851,714.9019577,1222.864367,949.0956635,753.9879932,1284.415969,37.35467847,39.0860355,61.55160203,167.1,167.1,167.1,435.39,435.39,435.39,0.501293532,0.199600744,0.816237786,0.107948503,0.065,0.156781365,0.742707214,0,1.715897566,0.051515193,0,0.62278607,0.203970205,0,2.465870647,0.058492305,0,0.276475285,53.66048736,17.09112825,106.2226366,307.0744831,110.0438739,617.3665208,167.1,167.1,167.1,435.39,435.39,435.39,0,0,0,1.065655106,0.883220349,1.11,0,0,0,5.422632746,1.762688569,10.24272949,21.47047208,6.979221618,40.55525198,2.165934153,0.704061579,4.091200466,63.10333166,26.61850304,112.9952314,306.9313861,107.9394937,649.2949382,CIP+CRO+NDA
WSM,cip+cro+nda,0.1,0.15,0.05,605.7469492,603.5879617,608.7979964,606.1828304,604.0907052,609.2903237,918.2444973,713.4895831,1207.749409,961.7033302,766.2593156,1274.059398,43.45883292,52.76973256,66.30998886,167.1,167.1,167.1,435.39,435.39,435.39,0.50082456,0.19129461,0.821427151,0.104936075,0.064641857,0.151903784,0.901284159,0.230285009,1.923076923,0.050933737,0,0.632222222,0.201667977,0,2.503232323,0.073256892,0,0.469483568,53.72243827,17.88285235,100.9149991,313.3788092,109.0384503,603.3859562,167.1,167.1,167.1,435.39,435.39,435.39,0,0,0,1.067437352,0.899041219,1.11,0,0,0,6.581619964,1.906053723,12.40285802,26.05938743,7.546864252,49.10810472,2.628862424,0.761325181,4.954009434,65.50610023,28.28468675,109.9942598,311.2736662,118.6862768,626.4341307,CIP+CRO+NDA
WSM,cip+cro+nda,0.3,0,0.05,605.758974,603.6298196,609.0542355,605.7353893,603.6804181,608.6684469,918.1489015,715.2296447,1221.121986,917.4574252,720.6936255,1198.32104,-0.691476295,5.463980765,-22.80094676,167.1,167.1,167.1,435.39,435.39,435.39,0.388405039,0.149033508,0.639405251,0.325683479,0.244724627,0.405163382,0.27128817,0,0.806451613,0.133110349,0,0.687802198,0.527039572,0,2.723296703,0.017547498,0,0.247555539,53.09000542,19.5047944,103.1881521,313.5263947,110.218203,617.0777741,167.1,167.1,167.1,435.39,435.39,435.39,0,0,0,1.062542322,0.897441466,1.11,0,0,0,0,0,0,0,0,0,0,0,0,52.83086805,19.22549697,103.2879115,313.5843699,116.8584112,594.3758131,CIP+CRO+NDA
WSM,cip+cro+nda,0.3,0.025,0.05,605.7351612,603.5924034,608.8347399,605.8224303,603.7005991,608.8812486,917.5548916,710.5863112,1214.235425,926.1301016,723.7111645,1226.606957,8.575210078,13.12485331,12.3715322,167.1,167.1,167.1,435.39,435.39,435.39,0.394559535,0.150734254,0.650814987,0.314817671,0.237801044,0.392096616,0.628059381,0,1.485333235,0.135212386,0,1.117803872,0.535362414,0,4.425853259,0.049616001,0,0.268853531,54.16555309,18.45705102,102.7432472,312.4185798,106.1045941,609.9636647,167.1,167.1,167.1,435.39,435.39,435.39,0,0,0,1.06657537,0.896294733,1.11,0,0,0,1.063541103,0,3.177630554,4.211004252,0,12.581569,0.424804722,0,1.269224538,55.91034996,19.79638128,103.8050016,314.6990192,113.0217517,610.7703279,CIP+CRO+NDA
WSM,cip+cro+nda,0.3,0.05,0.05,605.654022,603.4939873,608.7472501,605.8274489,603.8131759,608.9612755,909.8495642,705.4894543,1206.793821,925.7892928,729.2508774,1232.59795,15.93972854,23.76142312,25.80412889,167.1,167.1,167.1,435.39,435.39,435.39,0.384183033,0.155201794,0.636648386,0.308334411,0.226530612,0.389753889,0.945410939,0.217367777,2.055750239,0.152847825,0,0.695541574,0.605188496,0,2.75394013,0.068588023,0,0.432900433,54.78230695,19.71544243,101.1201853,304.1746938,96.73351385,601.1382483,167.1,167.1,167.1,435.39,435.39,435.39,0,0,0,1.065623512,0.892665043,1.11,0,0,0,2.222461559,0,4.982288557,8.799655275,0,19.72696517,0.887706327,0,1.990049751,58.13834243,23.13235467,104.4811222,306.4414996,111.5370919,621.9738417,CIP+CRO+NDA
WSM,cip+cro+nda,0.3,0.075,0.05,605.7077753,603.6086655,609.152999,605.964384,603.8480557,609.4775721,914.7055877,708.8304797,1237.978638,939.5701753,738.4792205,1251.892243,24.86458758,29.64874081,13.9136058,167.1,167.1,167.1,435.39,435.39,435.39,0.381128258,0.153073986,0.637632327,0.301891843,0.227484598,0.375608217,1.261148418,0.255037621,2.415752075,0.153401847,0,1.154137064,0.607382101,0,4.569711572,0.097182525,0,0.498126847,54.70193123,19.46170269,99.35506662,308.5984269,102.3526086,631.7684354,167.1,167.1,167.1,435.39,435.39,435.39,0,0,0,1.065285756,0.89732728,1.11,0,0,0,3.335883887,0.601683631,6.766903142,13.20816017,2.382317262,26.79300107,1.332434849,0.240327381,2.702869125,60.15244644,24.63835752,107.6677102,312.4016519,105.1233991,626.3552716,CIP+CRO+NDA
WSM,cip+cro+nda,0.3,0.1,0.05,605.7627659,603.6713134,609.4200803,606.025953,603.9623299,609.2844102,919.7003946,716.197573,1231.155294,947.378675,744.4965699,1259.56569,27.67828046,28.29899695,28.41039571,167.1,167.1,167.1,435.39,435.39,435.39,0.382342767,0.148628027,0.648490132,0.290421986,0.219797572,0.364872495,1.645332001,0.502449749,2.898631599,0.14716854,0,1.122817012,0.582701832,0,4.44570238,0.129845389,0,0.523643885,54.40404927,18.58748433,103.6736352,313.1121897,109.1713161,626.7394875,167.1,167.1,167.1,435.39,435.39,435.39,0,0,0,1.062181247,0.879471984,1.11,0,0,0,4.355250773,1.233300493,8.797799399,17.24426021,4.883152709,34.83416915,1.739595292,0.492610837,3.514059514,61.66734076,25.86607697,111.3295079,312.6561736,106.0496431,630.7850345,CIP+CRO+NDA
WSM,cip+cro+nda,0.3,0.125,0.05,605.7312958,603.6478129,608.9593833,606.0582159,604.0364545,609.0725521,916.8326968,716.3424935,1234.766021,949.0351432,755.1435578,1244.215582,32.20244646,38.80106426,9.449561183,167.1,167.1,167.1,435.39,435.39,435.39,0.384296742,0.151137453,0.644053031,0.285301424,0.208786165,0.359006829,1.947768114,0.694444444,3.424657534,0.156227412,0,0.775638735,0.618569697,0,3.071078306,0.152652305,0,0.666741071,55.30431097,19.74703559,103.3108387,309.7648665,108.2511819,629.1680822,167.1,167.1,167.1,435.39,435.39,435.39,0,0,0,1.065136102,0.903599409,1.11,0,0,0,5.506814633,1.713651324,10.94026224,21.80378339,6.785062648,43.31707601,2.199558489,0.684474886,4.369812365,64.22609367,27.36560917,110.7134212,306.4170823,108.451531,608.2220687,CIP+CRO+NDA
WSM,cip+cro+nda,0.3,0.15,0.05,605.8141378,603.6885741,609.0400151,606.2414781,603.9531821,609.361377,925.9938675,718.7204469,1251.56957,966.3824114,753.8336398,1260.372859,40.38854385,35.11319292,8.803289182,167.1,167.1,167.1,435.39,435.39,435.39,0.386561965,0.149626093,0.641561431,0.277079737,0.20535193,0.350268296,2.2894876,0.952156334,3.989392918,0.149204458,0,0.69160221,0.590762884,0,2.738342541,0.178739694,0,0.716460992,55.07501979,17.88876673,106.2726662,318.4575031,110.2677736,643.3633096,167.1,167.1,167.1,435.39,435.39,435.39,0,0,0,1.066471881,0.913482987,1.11,0,0,0,6.412182619,1.925116667,11.61538947,25.38851409,7.622342424,45.99018725,2.561184941,0.768939394,4.639474946,66.20465805,28.64380447,114.7515532,316.9535427,103.8389731,623.5788058,CIP+CRO+NDA
WSM,cip+cro+nda,0.5,0,0.05,605.8202535,603.528431,609.5083073,605.7726775,603.5761514,609.0607846,925.5822006,702.4860661,1284.704092,920.3538039,712.0061826,1235.632639,-5.228396665,9.520116525,-49.0714531,167.1,167.1,167.1,435.39,435.39,435.39,0.274468237,0.106413783,0.465889704,0.52548721,0.418952845,0.610772927,0.462587725,0,1.262626263,0.203116908,0,1.233300493,0.804224829,0,4.883152709,0.037642911,0,0.264585444,54.63030731,18.00039672,107.3349022,320.0816236,96.40908893,677.8519353,167.1,167.1,167.1,435.39,435.39,435.39,0,0,0,1.064212906,0.8775475,1.11,0,0,0,0,0,0,0,0,0,0,0,0,54.44440404,17.19060009,106.8722079,316.4861489,108.0287274,632.0231427,CIP+CRO+NDA
WSM,cip+cro+nda,0.5,0.025,0.05,605.7415829,603.6245071,609.1206688,605.8654247,603.7810394,609.0723955,916.2360929,717.1058078,1215.104026,930.3230641,726.7397132,1233.9907,14.08697122,9.633905435,18.88667374,167.1,167.1,167.1,435.39,435.39,435.39,0.272156323,0.105851656,0.460797247,0.513149584,0.405471216,0.596020054,1.004383987,0.234741784,2.06185567,0.227996599,0,1.192333083,0.902733939,0,4.720945591,0.071418832,0,0.462984072,55.42995373,18.65275532,104.5896351,309.8395634,110.0138862,608.0378335,167.1,167.1,167.1,435.39,435.39,435.39,0,0,0,1.06486562,0.882356675,1.11,0,0,0,1.098378491,0,3.038720045,4.348940047,0,12.03156417,0.43871964,0,1.213740232,56.99758189,20.26171023,107.2136756,318.6754866,114.3338465,623.7505978,CIP+CRO+NDA
WSM,cip+cro+nda,0.5,0.05,0.05,605.8074467,603.6642442,608.9896846,605.945226,603.8597722,608.9825223,924.4491708,718.3110926,1235.313373,937.3966897,736.0612565,1225.895283,12.94751889,17.75016385,-9.418090072,167.1,167.1,167.1,435.39,435.39,435.39,0.28187408,0.109759258,0.467904485,0.500047933,0.402703244,0.583046095,1.554236759,0.502449749,2.820876289,0.235039757,0,1.252116111,0.930620749,0,4.957651616,0.114996866,0,0.515877229,54.64943262,17.45672538,104.0888684,317.2595168,110.4525673,625.7426434,167.1,167.1,167.1,435.39,435.39,435.39,0,0,0,1.062635823,0.873493612,1.11,0,0,0,2.158493049,0,5.032361809,8.546377175,0,19.92522613,0.862155715,0,2.010050251,57.92443195,21.00040584,109.8599533,318.1893259,113.1294411,611.5744799,CIP+CRO+NDA
WSM,cip+cro+nda,0.5,0.075,0.05,605.7359374,603.7059846,608.741113,605.9909747,603.8325362,609.4803301,918.3856635,720.2897597,1219.249017,941.9517088,735.128507,1278.402354,23.56604531,14.83874732,59.15333734,167.1,167.1,167.1,435.39,435.39,435.39,0.276592836,0.107407881,0.467117706,0.490119096,0.387070455,0.579142322,2.087762884,0.785238056,3.517753968,0.237603708,0,1.258090452,0.940772501,0,4.981306533,0.16066243,0,0.678781598,55.14395277,18.35302015,105.6765742,310.4549016,112.5430352,612.8250246,167.1,167.1,167.1,435.39,435.39,435.39,0,0,0,1.070133359,0.908157561,1.11,0,0,0,3.342659048,0.6259,6.891363584,13.23498587,2.4782,27.28579203,1.335141016,0.25,2.752581716,60.18297854,24.40375828,112.6615343,314.6707781,106.8830188,653.5092066,CIP+CRO+NDA
WSM,cip+cro+nda,0.5,0.1,0.05,605.8044278,603.6442164,609.0533599,606.0702235,603.9924383,609.1623996,923.3901872,713.368425,1236.170647,949.5087604,750.8725754,1251.398306,26.11857327,37.50415041,15.22765928,167.1,167.1,167.1,435.39,435.39,435.39,0.275128033,0.109307356,0.460904098,0.478189065,0.385068905,0.568948263,2.637509669,1.173168041,4.256591673,0.251412985,0,1.270862944,0.99544921,0,5.031878173,0.207878737,0,0.757575758,54.67906878,20.811203,104.8626544,314.5919359,106.5175696,626.6311446,167.1,167.1,167.1,435.39,435.39,435.39,0,0,0,1.066534598,0.905668009,1.11,0,0,0,4.265462747,1.169906542,8.30840708,16.88875185,4.632149533,32.89646018,1.703731725,0.46728972,3.318584071,61.42506565,25.54795113,110.8391189,315.4114594,111.9743455,618.318627,CIP+CRO+NDA
WSM,cip+cro+nda,0.5,0.125,0.05,605.7401601,603.6816833,608.680819,606.0886555,603.9708828,609.0126404,916.7308072,715.9981543,1197.200527,951.1886283,749.9281932,1239.863541,34.45782113,33.93003894,42.66301407,167.1,167.1,167.1,435.39,435.39,435.39,0.274534533,0.102283048,0.46730506,0.462745926,0.37,0.549339566,3.203212599,1.595533604,4.976895735,0.258826044,0,1.239405941,1.024800609,0,4.907326733,0.257826617,0,0.789619737,56.66711071,19.72145942,104.547065,307.1089901,106.0073296,586.7727122,167.1,167.1,167.1,435.39,435.39,435.39,0,0,0,1.065161277,0.894990672,1.11,0,0,0,5.529110456,1.683847924,10.61850527,21.89206188,6.667058516,42.04310554,2.208463994,0.672570668,4.241294643,64.96278635,27.01567792,113.1181113,308.675677,103.6916839,600.1470945,CIP+CRO+NDA
WSM,cip+cro+nda,0.5,0.15,0.05,605.7345967,603.6162786,609.0450308,606.1170301,603.9852299,609.4030014,915.5781958,713.3306686,1230.321595,954.7601471,752.9754293,1268.018103,39.18195136,39.64476062,37.69650762,167.1,167.1,167.1,435.39,435.39,435.39,0.274924114,0.105038985,0.471103076,0.449585849,0.354929799,0.536280632,3.696371188,1.91192391,5.633983388,0.247716488,0,1.264767007,0.980813231,0,5.007741806,0.291281118,0,0.924818273,54.600892,18.2260865,102.25101,305.3298025,102.2942297,619.3588475,167.1,167.1,167.1,435.39,435.39,435.39,0,0,0,1.06331414,0.895345869,1.11,0,0,0,6.556622775,2.051714048,12.17169293,25.9604131,8.123594429,48.19282539,2.618877926,0.819505531,4.861676357,64.93659398,28.57052201,113.3574781,304.5373004,97.78265026,624.6922427,CIP+CRO+NDA
WSM,cip+cro+nda,0.7,0,0.05,605.7540654,603.5780717,609.2522513,605.7082941,603.5057284,608.7739059,918.7392753,713.8318876,1246.926103,913.5600307,704.0560634,1215.127864,-5.179244545,-9.775824146,-31.79823916,167.1,167.1,167.1,435.39,435.39,435.39,0.167293123,0.063824025,0.2976239,0.728320495,0.590186621,0.820718401,0.618376837,0,1.45631068,0.287967496,0,1.277346939,1.140183813,0,5.05755102,0.050580248,0,0.266028941,54.70672723,20.27905262,99.97463388,312.3462036,106.3651192,642.7021404,167.1,167.1,167.1,435.39,435.39,435.39,0,0,0,1.063332828,0.881024627,1.11,0,0,0,0,0,0,0,0,0,0,0,0,54.09940621,19.32284265,100.1436392,309.6847739,100.1651957,611.3469889,CIP+CRO+NDA
WSM,cip+cro+nda,0.7,0.025,0.05,605.80979,603.6000002,608.6525617,605.8218978,603.689504,609.1089277,925.5565097,714.2194063,1213.678142,926.7624187,717.9768903,1254.451131,1.20590897,3.757483976,40.77298863,167.1,167.1,167.1,435.39,435.39,435.39,0.165231281,0.063345533,0.290437741,0.715083105,0.598508484,0.801373374,1.396812184,0.460570017,2.5383948,0.318009378,0,1.30430148,1.259132193,0,5.164275329,0.107269606,0,0.502576011,54.98536829,19.57739398,104.1941119,317.9408124,108.8781907,606.5406043,167.1,167.1,167.1,435.39,435.39,435.39,0,0,0,1.068998971,0.90334817,1.11,0,0,0,1.1062729,0,3.115511024,4.380197317,0,12.33561179,0.441872863,0,1.244412455,56.25612433,20.18982485,105.7314432,315.0343366,107.715508,642.6921887,CIP+CRO+NDA
WSM,cip+cro+nda,0.7,0.05,0.05,605.7922872,603.6673591,609.2137659,605.9109121,603.7658596,609.3629842,922.7189889,720.3153701,1222.20522,934.1997861,722.7540801,1262.995847,11.48079723,2.438710009,40.79062654,167.1,167.1,167.1,435.39,435.39,435.39,0.1718978,0.06357234,0.293833471,0.694741981,0.569850189,0.781348965,2.107415257,0.857743205,3.653266872,0.280706327,0,1.277510701,1.111433808,0,5.058199424,0.167066236,0,0.646621697,56.12715188,19.62058051,104.4009451,314.3232147,112.1668152,615.9487221,167.1,167.1,167.1,435.39,435.39,435.39,0,0,0,1.064459748,0.887787705,1.11,0,0,0,2.166737361,0,4.895650071,8.579019858,0,19.38392716,0.865448698,0,1.955444189,58.84094139,21.82878722,106.9945151,315.0375689,102.5380828,643.7409863,CIP+CRO+NDA
WSM,cip+cro+nda,0.7,0.075,0.05,605.715745,603.6563986,608.9599967,605.8611408,603.8012253,608.9948846,916.1004461,719.4386864,1235.621361,929.0831239,729.0616227,1229.888592,12.98267778,9.622936344,-5.732769377,167.1,167.1,167.1,435.39,435.39,435.39,0.169789742,0.065164186,0.295159944,0.676133557,0.542566912,0.763820856,2.929763946,1.401706151,4.708966379,0.315631893,0,1.390888889,1.249718737,0,5.507111111,0.227012349,0,0.74816235,55.75376321,20.80155575,103.8955257,306.3562484,107.9291159,625.834918,167.1,167.1,167.1,435.39,435.39,435.39,0,0,0,1.063326177,0.874386792,1.11,0,0,0,3.307161561,0.593270142,7.172492049,13.09443646,2.349004739,28.39889726,1.320962438,0.236966825,2.864871405,60.31283051,24.38757327,108.570909,302.0737266,99.32207808,599.6467495,CIP+CRO+NDA
WSM,cip+cro+nda,0.7,0.1,0.05,605.8023186,603.6732685,609.24106,606.0768353,603.9534565,609.4839567,922.8053628,716.5890397,1236.871664,949.771394,739.217606,1266.858415,26.96603116,22.62856628,29.98675074,167.1,167.1,167.1,435.39,435.39,435.39,0.166710046,0.064619443,0.291083282,0.654928922,0.535653261,0.743541959,3.634816813,1.999751244,5.424925457,0.348117238,0,1.324656085,1.378341811,0,5.244867725,0.311090429,0,0.913417094,54.94734475,19.98817589,104.6908169,311.9092264,106.1866876,623.6258476,167.1,167.1,167.1,435.39,435.39,435.39,0,0,0,1.062999724,0.85534274,1.11,0,0,0,4.365262153,1.175125712,9.071521253,17.28389945,4.652814412,35.91794851,1.743594086,0.469374386,3.623390819,61.08848517,25.44630763,113.0522174,315.1633625,104.674133,641.9491793,CIP+CRO+NDA
WSM,cip+cro+nda,0.7,0.125,0.05,605.7771753,603.6651088,608.9912446,606.0786384,604.0254214,608.8785279,920.555291,716.3611066,1224.515823,952.7388177,757.588101,1230.68185,32.1835267,41.22699437,6.166027477,167.1,167.1,167.1,435.39,435.39,435.39,0.168210495,0.063892632,0.295062172,0.637821509,0.517327687,0.722549897,4.429084545,2.524621212,6.373187901,0.337554207,0,1.346951078,1.336518352,0,5.333142934,0.359954074,0,1.010763343,56.16417654,19.64397543,106.7404533,308.6556939,104.663161,614.2000636,167.1,167.1,167.1,435.39,435.39,435.39,0,0,0,1.065575654,0.886958278,1.11,0,0,0,5.53437938,1.770394694,10.38154993,21.91292376,7.009733393,41.10490019,2.210568533,0.707139597,4.146648797,63.90335561,26.19246243,113.6889951,310.0245424,114.2747985,588.3089622,CIP+CRO+NDA
WSM,cip+cro+nda,0.7,0.15,0.05,605.8188988,603.7258289,608.9164128,606.2272751,604.1164177,609.4329351,923.9399103,727.1468298,1218.805413,965.690849,757.6592726,1278.461404,41.75093869,30.51244285,59.65599089,167.1,167.1,167.1,435.39,435.39,435.39,0.171993966,0.066331632,0.297572829,0.621799922,0.505941975,0.712085213,5.177635186,3.037206174,7.407407407,0.358079268,0,1.368087432,1.417785657,0,5.416830601,0.416925874,0,1.190618592,55.61088438,18.3506475,102.1703684,310.8293935,111.0155063,609.3431064,167.1,167.1,167.1,435.39,435.39,435.39,0,0,0,1.064681654,0.888,1.11,0,0,0,6.556660815,2.339271461,12.70042372,25.96056372,9.262154552,50.28629184,2.61889312,0.934363101,5.072864563,65.32693193,28.26014316,114.2350352,315.481334,105.8068623,631.158366,CIP+CRO+NDA