Group,Strategy,cip_res,cro_res,nda_res,cost_with_test_mean,cost_with_test_lower,cost_with_test_upper,cost_without_test_mean,cost_without_test_lower,cost_without_test_upper,cost_with_test_mean_ng,cost_with_test_lower_ng,cost_with_test_upper_ng,cost_without_test_mean_ng,cost_without_test_lower_ng,cost_without_test_upper_ng,median,low,high,cost_with_test_ng_init_visit_mean,cost_with_test_ng_init_visit_lower,cost_with_test_ng_init_visit_upper,cost_with_test_ng_init_diag_mean,cost_with_test_ng_init_diag_lower,cost_with_test_ng_init_diag_upper,cost_with_test_ng_cip_mean,cost_with_test_ng_cip_lower,cost_with_test_ng_cip_upper,cost_with_test_ng_cro_mean,cost_with_test_ng_cro_lower,cost_with_test_ng_cro_upper,cost_with_test_ng_nda_mean,cost_with_test_ng_nda_lower,cost_with_test_ng_nda_upper,cost_with_test_ng_follow_visit_mean,cost_with_test_ng_follow_visit_lower,cost_with_test_ng_follow_visit_upper,cost_with_test_ng_follow_diag_mean,cost_with_test_ng_follow_diag_lower,cost_with_test_ng_follow_diag_upper,cost_with_test_ng_follow_drugs_mean,cost_with_test_ng_follow_drugs_lower,cost_with_test_ng_follow_drugs_upper,cost_with_test_ng_partner_total_mean,cost_with_test_ng_partner_total_lower,cost_with_test_ng_partner_total_upper,cost_with_test_ng_complications_mean,cost_with_test_ng_complications_lower,cost_with_test_ng_complications_upper,cost_without_test_ng_init_visit_mean,cost_without_test_ng_init_visit_lower,cost_without_test_ng_init_visit_upper,cost_without_test_ng_init_diag_mean,cost_without_test_ng_init_diag_lower,cost_without_test_ng_init_diag_upper,cost_without_test_ng_cip_mean,cost_without_test_ng_cip_lower,cost_without_test_ng_cip_upper,cost_without_test_ng_cro_mean,cost_without_test_ng_cro_lower,cost_without_test_ng_cro_upper,cost_without_test_ng_nda_mean,cost_without_test_ng_nda_lower,cost_without_test_ng_nda_upper,cost_without_test_ng_follow_visit_mean,cost_without_test_ng_follow_visit_lower,cost_without_test_ng_follow_visit_upper,cost_without_test_ng_follow_diag_mean,cost_without_test_ng_follow_diag_lower,cost_without_test_ng_follow_diag_upper,cost_without_test_ng_follow_drugs_mean,cost_without_test_ng_follow_drugs_lower,cost_without_test_ng_follow_drugs_upper,cost_without_test_ng_partner_total_mean,cost_without_test_ng_partner_total_lower,cost_without_test_ng_partner_total_upper,cost_without_test_ng_complications_mean,cost_without_test_ng_complications_lower,cost_without_test_ng_complications_upper
MSM,CIP,0.1,0,0,303.2884787,301.5601756,305.6970126,303.2985407,301.5519496,305.7392471,360.0219672,321.4411269,414.0488049,360.2656427,321.3633655,413.3012864,0.243675481,-0.077761408,-0.747518509,167.1,167.1,167.1,133.49,133.49,133.49,0.501619461,0.19137679,0.786415947,0.121361284,0.09942841,0.14366601,0,0,0,0.070993361,0,0.286789436,0.087808773,0,0.354718073,6.30E-04,0,0.002543028,54.08443133,18.29163877,103.3202498,58.41321521,19.76724865,112.6276822,167.1,167.1,167.1,133.49,133.49,133.49,0,0,0,1.042888844,0.97971623,1.088563918,0,0,0,0,0,0,0,0,0,0,0,0,54.1217325,18.39867658,102.7237799,58.32527845,19.38968819,111.3272271
MSM,CIP,0.1,0.025,0,303.3524435,301.6047532,305.6879677,303.6497339,301.85206,306.0171724,361.4211053,323.2483012,412.8336907,367.9926828,327.9032613,421.0271003,6.571577494,4.654960126,8.193409506,167.1,167.1,167.1,133.49,133.49,133.49,0.478940604,0.190499495,0.791838059,0.121997885,0.100437033,0.14514926,0,0,0,0.284807709,0,0.714518131,0.352266956,0,0.883758126,0.086142549,0,0.269727981,54.8256455,19.01159152,102.2781285,59.07553633,20.08219176,111.6056985,167.1,167.1,167.1,133.49,133.49,133.49,0,0,0,1.04345578,0.98397742,1.084382907,0,0,0,1.772133373,0.683259727,2.977185178,2.191878976,0.84509589,3.682358053,0.707834068,0.272910899,1.189161678,56.4431121,20.24795466,105.2876034,59.79098798,20.45654928,111.687779
MSM,CIP,0.1,0.05,0,303.3772417,301.6184356,305.9276742,303.9704293,302.1430015,306.5647563,361.9697704,323.0288123,415.364932,374.9742993,334.6577544,432.1088531,13.00452896,11.62894214,16.74392115,167.1,167.1,167.1,133.49,133.49,133.49,0.479874605,0.191911446,0.781816897,0.122317884,0.099216812,0.146934745,0,0,0,0.502239138,0,1.132914899,0.621198959,0,1.401255902,0.176451955,0,0.396856859,54.76888461,18.70691,106.2421621,58.87071612,19.76359442,112.6909449,167.1,167.1,167.1,133.49,133.49,133.49,0,0,0,1.043716699,0.983702505,1.086359084,0,0,0,3.613714397,1.804096393,5.58349002,4.469654897,2.231412722,6.905989454,1.443407252,0.720600892,2.230184542,57.92990227,21.7935688,109.3576874,60.37235931,20.43990119,117.388125
MSM,CIP,0.1,0.075,0,303.4986604,301.6842335,306.109008,304.376545,302.4174522,306.9577068,364.8377383,325.1957599,419.8308265,383.8813597,341.4158377,439.6700627,19.04362142,16.22007777,19.83923624,167.1,167.1,167.1,133.49,133.49,133.49,0.492923978,0.191993668,0.78915342,0.122360831,0.098318329,0.145160778,0,0,0,0.713488117,0.134736196,1.468351278,0.882484145,0.166649667,1.816143381,0.256952316,0.053517265,0.536631032,56.80447151,20.66209864,106.6278675,60.97297181,21.0656593,116.3935452,167.1,167.1,167.1,133.49,133.49,133.49,0,0,0,1.042740066,0.982961172,1.085096553,0,0,0,5.313472443,2.787456614,7.816887735,6.572015804,3.447690586,9.668387347,2.122332818,1.113379379,3.122259041,61.42666553,24.63553247,110.6890772,63.32171652,22.15996835,118.3758343
MSM,CIP,0.1,0.1,0,303.4213379,301.6652931,305.6536605,304.5950887,302.623474,307.0871299,363.026863,324.0553953,413.8125516,388.7585441,345.7983887,443.1006159,25.73168107,21.74299336,29.28806428,167.1,167.1,167.1,133.49,133.49,133.49,0.478481716,0.189970851,0.785769887,0.122336968,0.098505525,0.14761975,0,0,0,0.921364795,0.271209401,1.846818092,1.139598268,0.335447767,2.284253436,0.343672741,0.10671909,0.703575535,54.69551788,19.47163409,102.7838485,58.43695606,19.7611916,109.1843616,167.1,167.1,167.1,133.49,133.49,133.49,0,0,0,1.044859105,0.989242634,1.085632509,0,0,0,7.206870001,3.786800636,10.56559774,8.913881469,4.683738157,13.06815384,2.878602812,1.512542194,4.220162061,61.01109884,24.78771851,107.9885591,61.39063131,20.87953539,115.3108325
MSM,CIP,0.1,0.125,0,303.5757891,301.6833813,306.0988815,305.0567328,302.9469616,307.6312141,366.3336911,325.1485993,420.5754592,399.0440721,352.573862,453.042843,32.710381,27.42526269,32.46738374,167.1,167.1,167.1,133.49,133.49,133.49,0.483984859,0.186905088,0.79294768,0.121785574,0.099782326,0.145273584,0,0,0,1.097747773,0.396128805,2.002994712,1.357759128,0.489955447,2.477421883,0.415861339,0.112591524,0.752294809,57.1185555,19.56995617,106.9865934,61.13204754,19.8918392,115.2766721,167.1,167.1,167.1,133.49,133.49,133.49,0,0,0,1.043199463,0.978116011,1.087204887,0,0,0,9.125866212,4.939369969,12.96067905,11.28740906,6.109303821,16.03053153,3.645097544,1.972907002,5.176817002,65.13857492,27.34344436,114.5062919,64.95962713,20.79223853,121.3412723
MSM,CIP,0.1,0.15,0,303.5008792,301.6701736,306.0065906,305.2086231,303.1736917,307.7591404,364.6520807,324.6056195,418.8132757,402.340191,357.2424926,458.8447239,37.68811029,32.63687303,40.03144822,167.1,167.1,167.1,133.49,133.49,133.49,0.505186073,0.193108523,0.786537223,0.122193479,0.101119717,0.144378438,0,0,0,1.302648376,0.434897995,2.37248537,1.611192268,0.537907466,2.9344297,0.496363159,0.167761905,0.912073881,55.14737959,18.07318583,105.2171572,58.7142888,18.45794776,112.7127769,167.1,167.1,167.1,133.49,133.49,133.49,0,0,0,1.044835977,0.984362331,1.086746914,0,0,0,10.58058681,5.66207823,15.38320651,13.0866932,7.003191982,19.02685624,4.226149067,2.261574624,6.144434618,64.24427327,27.42412109,112.5888458,63.2581691,19.81223081,120.6568861
MSM,CIP,0.3,0,0,303.2969301,301.5129155,305.8524419,303.2890433,301.5317894,305.8197204,360.222505,320.8167255,416.5506017,359.9214583,320.8816361,417.5437287,-0.301046617,0.06491057,0.993126983,167.1,167.1,167.1,133.49,133.49,133.49,0.381268597,0.147026045,0.611756713,0.325644006,0.288404581,0.362086823,0,0,0,0.215175365,0,0.663892661,0.26614157,0,0.821141561,0.00190801,0,0.00588689,53.89695881,18.30603669,105.2741416,58.09371047,19.18594536,114.9226253,167.1,167.1,167.1,133.49,133.49,133.49,0,0,0,1.043213517,0.979766163,1.084526671,0,0,0,0,0,0,0,0,0,0,0,0,53.80325124,17.94599947,104.5744654,57.97690349,18.97357787,115.5849615
MSM,CIP,0.3,0.025,0,303.4199192,301.6226682,306.0047487,303.635333,301.8490769,306.1949675,362.9423327,323.4409263,419.6268425,367.6643715,328.1691875,423.3458276,4.722038786,4.728261202,3.718985082,167.1,167.1,167.1,133.49,133.49,133.49,0.378476662,0.15256141,0.615185984,0.324516163,0.28620544,0.360481754,0,0,0,0.756449461,0.136808743,1.505651139,0.935621265,0.169213115,1.862278047,0.22408343,0.052960515,0.458994065,54.91484334,18.89784053,107.0930497,58.89406905,19.57871366,116.0784824,167.1,167.1,167.1,133.49,133.49,133.49,0,0,0,1.043559338,0.983232702,1.085580233,0,0,0,1.811042654,0.699975875,3.136706441,2.240004267,0.865771407,3.879663351,0.723375401,0.279587744,1.252878431,56.05499234,20.30887118,107.4519251,59.39634043,19.63568188,115.704038
MSM,CIP,0.3,0.05,0,303.5409203,301.7473242,305.9661446,303.978528,302.1320959,306.5868301,365.516901,326.2940242,421.2441224,375.1033121,333.9536457,430.5882371,9.586411028,7.659621537,9.34411476,167.1,167.1,167.1,133.49,133.49,133.49,0.376987605,0.143574369,0.610141124,0.323606885,0.288593553,0.360524116,0,0,0,1.323765621,0.411720185,2.418944899,1.637311321,0.509239785,2.991893583,0.449606759,0.11445701,0.829714374,55.73995525,19.64827108,105.6583456,59.45476004,19.73762756,115.8895271,167.1,167.1,167.1,133.49,133.49,133.49,0,0,0,1.043314495,0.983630458,1.087142051,0,0,0,3.560698536,1.693386035,5.653547972,4.404081758,2.094479628,6.992641256,1.422231401,0.676380426,2.258167428,58.13600939,21.31269772,108.0801831,60.57706748,20.39355732,116.7814533
MSM,CIP,0.3,0.075,0,303.6580361,301.8489488,306.1864724,304.3245667,302.459239,307.0463503,368.2326623,328.2869077,424.7601869,382.850494,342.0672845,440.7599869,14.61783167,13.78037679,15.9998,167.1,167.1,167.1,133.49,133.49,133.49,0.381597736,0.155710318,0.613176803,0.32471609,0.286729023,0.362277857,0,0,0,1.88098216,0.710342447,3.191185698,2.326509568,0.878593394,3.947046506,0.670634685,0.232426326,1.167864074,56.79043796,20.21538265,107.9593003,60.2341738,20.34163927,117.8094084,167.1,167.1,167.1,133.49,133.49,133.49,0,0,0,1.043409192,0.984845535,1.086928115,0,0,0,5.417160894,2.805089407,8.218370068,6.70026379,3.469499863,10.16496435,2.16374856,1.120422354,3.282621053,60.34475758,24.45891901,111.9905277,61.90358583,20.85828947,120.8821224
MSM,CIP,0.3,0.1,0,303.7542981,301.9573351,306.083426,304.6272742,302.76438,307.0122888,370.2381964,330.2432729,421.1185848,389.5062615,347.9572773,442.5807922,19.26806502,17.71400439,21.46220738,167.1,167.1,167.1,133.49,133.49,133.49,0.378719729,0.146788141,0.613005146,0.324551017,0.291185299,0.360435233,0,0,0,2.505688615,1.207459542,3.96339342,3.099183322,1.493457109,4.902158518,0.923299089,0.431266405,1.447136771,56.96899729,21.62853574,102.1596862,60.01498105,20.53735723,109.9310116,167.1,167.1,167.1,133.49,133.49,133.49,0,0,0,1.043786907,0.979839674,1.08640811,0,0,0,7.211236042,3.733853326,10.55668341,8.919281646,4.618249804,13.05712807,2.880346718,1.491393723,4.216601457,61.65524023,25.80600167,107.0023105,62.21061425,21.17317255,113.0355613
MSM,CIP,0.3,0.125,0,303.8691514,301.9738097,306.5319706,304.9622653,302.947873,307.723448,372.6989675,331.6543809,430.9236336,396.744631,352.7922268,458.2056397,24.0456635,21.1378458,27.28200608,167.1,167.1,167.1,133.49,133.49,133.49,0.382455433,0.152247092,0.609604961,0.324047408,0.288443941,0.359015143,0,0,0,2.984417774,1.39550184,4.797342717,3.691303754,1.726038903,5.933636148,1.117255032,0.523668232,1.795625472,57.77776845,20.5985993,111.5204895,60.83649446,19.9051947,120.1117708,167.1,167.1,167.1,133.49,133.49,133.49,0,0,0,1.042791834,0.98292361,1.085879243,0,0,0,8.882168786,4.641375385,13.08195453,10.98598972,5.740726561,16.18053219,3.547758742,1.853880566,5.225257441,63.57479717,25.92085599,114.3763935,63.65154101,20.80115034,124.5236116
MSM,CIP,0.3,0.15,0,303.955456,302.1189282,306.4567396,305.2938867,303.2685921,308.0721068,374.7175208,333.6673528,429.7571444,404.2070277,359.6965014,465.1422019,29.48950694,26.02914859,35.3850575,167.1,167.1,167.1,133.49,133.49,133.49,0.374737338,0.147000263,0.617394498,0.324295233,0.287818038,0.362984489,0,0,0,3.63134116,1.846942247,5.582837657,4.491456717,2.284406999,6.905182573,1.377039904,0.698574065,2.149088377,57.94551596,21.62997131,107.2497087,60.54796758,19.73203126,115.1664869,167.1,167.1,167.1,133.49,133.49,133.49,0,0,0,1.043037436,0.981444852,1.086526816,0,0,0,10.88801829,5.901105786,15.35511518,13.46694257,7.298835348,18.99211122,4.348944834,2.357048165,6.133214243,65.20846816,28.5690637,115.8194391,63.90336592,20.8858766,121.7931486
MSM,CIP,0.5,0,0,303.3668705,301.5821482,305.6903488,303.3254947,301.5175587,305.6579623,361.7264599,322.2148189,413.6884969,360.8064133,320.6405004,412.1577244,-0.920046574,-1.574318451,-1.530772442,167.1,167.1,167.1,133.49,133.49,133.49,0.270729698,0.108201195,0.442772857,0.526070929,0.483064693,0.570367623,0,0,0,0.359144635,0,0.868528811,0.444211246,0,1.07424761,0.003184619,0,0.007701446,54.77092912,17.94552526,101.8324677,59.03060409,18.63164812,111.1520811,167.1,167.1,167.1,133.49,133.49,133.49,0,0,0,1.041847626,0.981436889,1.084383842,0,0,0,0,0,0,0,0,0,0,0,0,54.55863098,17.57405345,101.3740828,58.86250436,18.68331607,110.171885
MSM,CIP,0.5,0.025,0,303.5780031,301.766597,305.9939031,303.6874773,301.8749902,306.0229704,366.2331754,325.7281269,418.2990635,368.7321581,328.579409,419.4494322,2.49898274,2.851282053,1.150368678,167.1,167.1,167.1,133.49,133.49,133.49,0.268517541,0.103312747,0.439309415,0.526285811,0.483777341,0.568087252,0,0,0,1.270563073,0.417255089,2.279077597,1.571507275,0.51608568,2.818897463,0.36972384,0.111451179,0.722769093,56.38867038,19.95412643,104.3062663,60.29854341,20.33982501,112.0224741,167.1,167.1,167.1,133.49,133.49,133.49,0,0,0,1.041740288,0.980251797,1.083575153,0,0,0,1.781031964,0.689851907,3.032232758,2.202885277,0.853249487,3.750444144,0.711388386,0.27554398,1.211149049,56.95913183,20.54707815,103.974039,60.50953356,20.58954069,112.0401348
MSM,CIP,0.5,0.05,0,303.6669836,301.8186728,306.1980276,303.9424993,302.0956056,306.4191359,368.2643658,327.7048774,423.316347,374.4230562,334.1238228,432.1564096,6.158690356,6.418945465,8.840062629,167.1,167.1,167.1,133.49,133.49,133.49,0.272652074,0.105048668,0.447224054,0.526887561,0.479658053,0.568598403,0,0,0,2.160755046,0.956434347,3.609641346,2.67254916,1.182974357,4.464617108,0.727629675,0.282732727,1.28145245,56.01556639,19.47170345,106.1398714,59.23745238,19.05141105,113.7741455,167.1,167.1,167.1,133.49,133.49,133.49,0,0,0,1.042640481,0.979011208,1.086400929,0,0,0,3.570180723,1.785789925,5.576803836,4.415809885,2.208770204,6.897719587,1.426018822,0.713288834,2.227513914,57.50622565,21.05973203,108.4596861,59.91239114,19.41868067,116.6831148
MSM,CIP,0.5,0.075,0,303.8070404,301.9955932,306.1971605,304.2333035,302.3563944,306.7073963,371.3555553,331.6920344,424.7265513,380.8740175,340.4324828,434.707571,9.51846223,8.740448412,9.981019747,167.1,167.1,167.1,133.49,133.49,133.49,0.272770146,0.107016209,0.445018409,0.52664537,0.482711318,0.571417256,0,0,0,3.054577416,1.362740177,4.874516646,3.778081333,1.685517348,6.02908941,1.094419023,0.487401245,1.7738798,56.49224458,20.35579874,103.0430099,59.16462459,20.00469544,112.2977299,167.1,167.1,167.1,133.49,133.49,133.49,0,0,0,1.04439942,0.983856453,1.087305408,0,0,0,5.322098285,2.738109867,8.134998442,6.582684753,3.386655622,10.06184541,2.125778193,1.093669064,3.249320356,58.79295822,23.38467921,105.9109886,60.27258222,20.74419363,113.9240978
MSM,CIP,0.5,0.1,0,304.0221608,302.1201988,306.6725039,304.6114933,302.6367212,307.2936364,376.1440651,334.6717374,432.013728,389.1598876,346.0644489,445.4570361,13.01582247,11.39271147,13.44330808,167.1,167.1,167.1,133.49,133.49,133.49,0.271560043,0.104917581,0.444158121,0.527840132,0.480537218,0.569378071,0,0,0,4.008338086,1.857614675,6.113273785,4.957748728,2.297607287,7.56125723,1.47042762,0.660724701,2.251349628,58.28855758,21.59838401,109.1483091,60.53925508,19.90788416,116.9671671,167.1,167.1,167.1,133.49,133.49,133.49,0,0,0,1.043811894,0.981666456,1.086692172,0,0,0,7.158363696,3.898826622,10.39787638,8.853886012,4.822298497,12.86070619,2.85922819,1.557288154,4.153169989,61.38599275,24.36936183,112.9152982,61.97783296,20.13438864,120.4086985
MSM,CIP,0.5,0.125,0,304.1533628,302.277272,306.8062772,304.9240449,302.8520209,307.5280768,379.1292938,337.6448226,436.5120782,395.8235354,350.1792181,452.9034576,16.69424156,12.53439545,16.39137945,167.1,167.1,167.1,133.49,133.49,133.49,0.273636736,0.106245161,0.443442911,0.527687435,0.481311082,0.571632303,0,0,0,4.851530009,2.492247617,7.471635282,6.000658183,3.082558704,9.241358769,1.815751409,0.922665436,2.771522567,58.64190709,22.51022998,110.0574168,60.62220732,20.784595,118.7713655,167.1,167.1,167.1,133.49,133.49,133.49,0,0,0,1.043221349,0.985575226,1.084959953,0,0,0,8.917410776,4.892949677,13.14040851,11.02957909,6.051888468,16.25283152,3.561835268,1.954365584,5.248605414,62.71274119,26.04345236,112.5504194,62.5575602,20.77876802,122.2993281
MSM,CIP,0.5,0.15,0,304.3400813,302.4315636,307.012141,305.2565668,303.1921663,308.0250665,383.2192586,341.5437943,438.0154809,403.4747385,358.5353058,462.002938,20.25547984,16.99151147,23.98745707,167.1,167.1,167.1,133.49,133.49,133.49,0.26685783,0.10904503,0.440199339,0.527242099,0.482130312,0.567788757,0,0,0,5.831607413,2.76023271,8.538062329,7.212875665,3.414018458,10.56037858,2.208980211,1.048117321,3.263554397,59.87065468,24.20304155,110.9879698,61.1980783,21.89386163,117.3982864,167.1,167.1,167.1,133.49,133.49,133.49,0,0,0,1.043002924,0.985553143,1.086030851,0,0,0,10.78879105,5.858388311,15.09517411,13.34421248,7.245999857,18.6706008,4.309311012,2.339985745,6.029387327,64.81518786,29.4175444,115.5267175,63.54245455,22.7594141,122.1437819
MSM,CIP,0.7,0,0,303.3775228,301.588818,305.7762125,303.3084802,301.4875478,305.7144155,361.8937591,322.7166375,414.695215,360.3993979,320.7090683,414.3314009,-1.494361148,-2.007569184,-0.363814147,167.1,167.1,167.1,133.49,133.49,133.49,0.164791469,0.064587406,0.271715145,0.728743039,0.674635482,0.772545357,0,0,0,0.496220083,0,1.103029492,0.613754237,0,1.36429187,0.004400098,0,0.009780818,54.59230841,18.18190635,103.337322,58.65932459,18.73036064,111.7320724,167.1,167.1,167.1,133.49,133.49,133.49,0,0,0,1.042911261,0.980111936,1.085266187,0,0,0,0,0,0,0,0,0,0,0,0,54.24962357,17.9191355,104.1685816,58.45535087,18.74517646,112.3203532
MSM,CIP,0.7,0.025,0,303.6301214,301.879173,306.1066877,303.65909,301.9086934,306.1833332,367.5124493,329.0452726,424.4834426,368.1340541,329.6317876,424.6100648,0.621604755,0.586514966,0.126622233,167.1,167.1,167.1,133.49,133.49,133.49,0.168787162,0.065649629,0.275815195,0.729553344,0.679739453,0.773904344,0,0,0,1.746743597,0.66364525,3.065661102,2.160475405,0.82083555,3.791790289,0.505771145,0.164079954,0.904938605,56.43122951,21.39761127,107.2008477,59.88392263,21.3262607,115.4665223,167.1,167.1,167.1,133.49,133.49,133.49,0,0,0,1.04443652,0.982165167,1.086026564,0,0,0,1.785174196,0.654651357,3.00784357,2.208008634,0.809711373,3.720278159,0.713042897,0.261484006,1.201407401,56.61069794,22.04105158,107.1598257,59.93600831,21.97843605,116.6638232
MSM,CIP,0.7,0.05,0,303.8109022,302.0673185,306.2481831,303.9416699,302.2014709,306.3638846,371.5917396,332.8070447,426.0351338,374.3917835,337.0221321,428.018223,2.800043865,4.21508744,1.983089228,167.1,167.1,167.1,133.49,133.49,133.49,0.168440452,0.061957154,0.273158806,0.730502909,0.680672142,0.776771195,0,0,0,3.023925721,1.387613615,4.797749816,3.740169511,1.716282282,5.934139671,1.020806806,0.467907214,1.631319265,56.77129482,22.51577605,106.9433046,59.45691146,21.95139211,112.4835869,167.1,167.1,167.1,133.49,133.49,133.49,0,0,0,1.044805875,0.980379789,1.086957202,0,0,0,3.621381223,1.78239744,5.785936458,4.479137679,2.204574179,7.156387137,1.446469573,0.711933791,2.311046676,57.48402457,23.21268453,105.9167059,59.69662959,21.51499595,113.3263879
MSM,CIP,0.7,0.075,0,304.0213142,302.1458306,306.6279599,304.2414304,302.3562827,306.8605629,376.1701673,335.1338125,431.0106313,380.8704469,339.6136418,438.1351869,4.700279658,4.479829299,7.124555555,167.1,167.1,167.1,133.49,133.49,133.49,0.167179441,0.064842503,0.27397278,0.72965007,0.674306133,0.77416557,0,0,0,4.295844596,2.142090932,6.436345351,5.313353722,2.649464283,7.96085118,1.533103643,0.759811206,2.316229441,57.4318391,21.32201869,107.213482,59.49958462,19.58793547,115.6732869,167.1,167.1,167.1,133.49,133.49,133.49,0,0,0,1.042817824,0.977951613,1.085206528,0,0,0,5.37992026,2.623643271,7.95496108,6.65420238,3.245076591,9.839164595,2.148873726,1.047948263,3.177408963,58.52189218,22.48746525,108.4737622,59.94754323,19.6670878,115.6560312
MSM,CIP,0.7,0.1,0,304.360801,302.4425609,306.8686915,304.6648764,302.7576165,307.2854254,383.6739969,341.8048343,440.5122342,390.5035083,348.4240684,447.6734348,6.829511341,6.619234108,7.161200627,167.1,167.1,167.1,133.49,133.49,133.49,0.163502346,0.062877471,0.271684459,0.729632721,0.678880796,0.773224051,0,0,0,5.518064532,2.850762762,8.173177825,6.825067355,3.52599136,10.10906792,2.026754831,1.043726759,3.025898034,60.97041346,24.25735531,110.0497271,62.83005858,21.47213219,118.766949,167.1,167.1,167.1,133.49,133.49,133.49,0,0,0,1.04385991,0.983721824,1.088401256,0,0,0,7.137017422,3.857623763,10.52353942,8.827483683,4.771336373,13.01613363,2.850701958,1.540830709,4.203362924,62.60365299,25.92130273,112.9097271,63.50118963,21.64013212,120.1391523
MSM,CIP,0.7,0.125,0,304.5064956,302.5741808,307.013947,304.9091917,302.9859596,307.2955552,386.7346045,345.2638144,438.0703612,395.9072672,353.3148523,448.647447,9.172662717,8.051037877,10.57708583,167.1,167.1,167.1,133.49,133.49,133.49,0.168291873,0.064231715,0.272438136,0.729717679,0.680229183,0.774621359,0,0,0,6.816963029,3.605386798,10.03745927,8.431621552,4.459354832,12.41492106,2.549379388,1.344524305,3.749563397,60.45555173,24.53592755,107.1721468,61.23428877,21.01744576,113.8709029,167.1,167.1,167.1,133.49,133.49,133.49,0,0,0,1.044389551,0.985501088,1.087325612,0,0,0,8.979095107,4.819364268,12.73275399,11.1058739,5.960873698,15.74862039,3.586473521,1.924973745,5.085778074,62.77479412,26.15266903,108.6499172,62.31252797,21.08631191,116.5157916
MSM,CIP,0.7,0.15,0,304.7596173,302.7945085,307.3447485,305.2862128,303.194802,308.0122123,392.4533813,349.5332224,449.8322248,403.8182356,357.6219132,463.4117083,11.36485424,8.088690801,13.57948354,167.1,167.1,167.1,133.49,133.49,133.49,0.163945675,0.064545708,0.274096208,0.729700193,0.676829268,0.777045,0,0,0,8.017043409,4.283525074,11.76672664,9.915951678,5.29811621,14.55378084,3.037899906,1.636815473,4.4888079,62.37340486,26.65441751,115.2943132,62.71658844,21.36798925,123.0536094,167.1,167.1,167.1,133.49,133.49,133.49,0,0,0,1.043892882,0.988908129,1.086043441,0,0,0,10.74099845,5.99257332,15.39023031,13.28509978,7.411967783,19.03554369,4.290221463,2.393582569,6.147240098,65.19101429,28.8386238,117.2332549,64.01751986,21.54569581,125.0512521
MSM,CIP+CRO,0.1,0,0,303.3094675,301.4848524,305.7387869,303.3133359,301.5026368,305.789326,360.3722047,320.6477683,413.9940751,360.5331392,320.7267902,414.3151074,0.160934509,0.079021933,0.321032264,167.1,167.1,167.1,133.49,133.49,133.49,0.489143486,0.188058654,0.792476523,0.119558146,0.098045312,0.141546288,0.115001845,0,0.28604119,0.068275709,0,0.28321267,0.08444742,0,0.350294118,6.05E-04,0,0.002511312,54.45935537,17.52412291,104.1484195,58.63353775,19.02597277,111.8990015,167.1,167.1,167.1,133.49,133.49,133.49,0,0,0,1.044677545,0.986530733,1.08901349,0,0,0,0,0,0,0,0,0,0,0,0,54.48671078,17.73964555,103.0729698,58.58658091,18.66552537,112.3400263
MSM,CIP+CRO,0.1,0.025,0,303.3390481,301.6123016,305.8403185,303.6633937,301.8325463,306.1452693,361.1743656,322.6910523,415.2983635,368.2958981,328.4961824,421.2836743,7.121532507,5.805130029,5.985310801,167.1,167.1,167.1,133.49,133.49,133.49,0.488306835,0.192006567,0.785411037,0.11626006,0.093196293,0.138911878,0.245231695,0.05399568,0.50002784,0.081509792,0,0.294247289,0.100816113,0,0.363942385,0.001743232,0,0.003733289,54.94115005,19.32442157,104.7606602,59.2333669,20.59224488,113.3335646,167.1,167.1,167.1,133.49,133.49,133.49,0,0,0,1.043581646,0.97587878,1.086260469,0,0,0,1.779590026,0.64566782,3.089206009,2.201101804,0.798600005,3.820912017,0.710812441,0.257895758,1.233905579,56.68699209,20.96220394,104.651432,60.08375297,20.78493478,113.1896887
MSM,CIP+CRO,0.1,0.05,0,303.3022713,301.521543,305.785037,303.9465212,302.0844584,306.5219635,360.4524539,320.7870783,415.6391762,374.5711497,333.6450678,432.9878849,14.11869586,12.8579895,17.34870866,167.1,167.1,167.1,133.49,133.49,133.49,0.490775338,0.189109775,0.792821403,0.113234648,0.091081631,0.136709803,0.378973555,0.111092715,0.712758459,0.078191521,0,0.390435472,0.09671188,0,0.482913597,0.003772759,0,0.056290577,54.17113586,17.86054437,104.1307953,58.35142581,19.04434225,114.0098091,167.1,167.1,167.1,133.49,133.49,133.49,0,0,0,1.042327206,0.984105042,1.087750557,0,0,0,3.558814586,1.63607423,5.627609649,4.401751576,2.02359301,6.960559211,1.421478905,0.653488668,2.247807018,57.64289958,21.31451137,107.3661895,60.13290632,19.44740191,116.179177
MSM,CIP+CRO,0.1,0.075,0,303.3715293,301.5549635,305.6913912,304.3483959,302.3518587,306.8838019,361.9064449,321.6459013,413.950913,383.2605558,339.5746954,437.2370245,21.35411082,17.92879413,23.28611151,167.1,167.1,167.1,133.49,133.49,133.49,0.485804004,0.192543139,0.787109439,0.110784631,0.089309651,0.132089062,0.516293266,0.215047989,0.870128116,0.081215437,0,0.288117881,0.100452038,0,0.356361172,0.004812224,0,0.056307414,55.39228821,18.41591756,101.5027997,59.62136449,19.48333256,111.6983643,167.1,167.1,167.1,133.49,133.49,133.49,0,0,0,1.043506341,0.981584671,1.084743986,0,0,0,5.422761978,2.825337207,8.240827381,6.70719154,3.494543535,10.19274088,2.165985772,1.128509829,3.291591061,60.64995666,23.33781647,107.6021994,62.34024246,20.50382272,115.8567247
MSM,CIP+CRO,0.1,0.1,0,303.3063066,301.5009263,305.6599312,304.6060371,302.6422206,307.224871,360.3982436,320.5056504,412.855174,388.9754784,345.744085,445.3270372,28.57723478,25.23843465,32.4718633,167.1,167.1,167.1,133.49,133.49,133.49,0.481001254,0.19498612,0.782638783,0.107540028,0.08603313,0.12913082,0.648656692,0.288926611,1.036038798,0.082825235,0,0.289776913,0.102443131,0,0.35841316,0.006935833,0,0.05749205,53.91337078,17.37231871,102.6995888,57.93392055,18.10421775,110.632157,167.1,167.1,167.1,133.49,133.49,133.49,0,0,0,1.043863026,0.98366241,1.086488294,0,0,0,7.2808728,4.020556093,10.73377158,9.005412491,4.97286068,13.27616115,2.908161368,1.605909927,4.287334869,60.97009249,24.61644233,110.3741236,61.39418984,18.88599591,118.7734268
MSM,CIP+CRO,0.1,0.125,0,303.3500375,301.6670144,305.709132,304.9791919,303.1524463,307.3722118,361.4241214,323.8720673,413.319945,397.1134851,356.4850803,450.8445752,35.68936366,32.61301302,37.52463017,167.1,167.1,167.1,133.49,133.49,133.49,0.47768876,0.188254208,0.78378048,0.105298451,0.084030783,0.126580782,0.776428372,0.392718855,1.20625,0.077744721,0,0.287820075,0.096159252,0,0.355992828,0.007796454,0,0.057537872,54.71321796,20.13388798,102.4397775,58.80780916,21.49236625,110.6446866,167.1,167.1,167.1,133.49,133.49,133.49,0,0,0,1.043223865,0.983703011,1.085552004,0,0,0,9.079094987,4.96828238,13.11981031,11.22955965,6.145064395,16.22735445,3.626415956,1.984455336,5.240377981,63.53568436,29.23258685,110.636836,63.193561,23.19495202,116.9617509
MSM,CIP+CRO,0.1,0.15,0,303.3385541,301.5173705,305.7757232,305.244045,303.2170853,307.7049421,361.0702645,320.7213466,413.3715663,403.2438195,358.4589702,459.0206686,42.17355498,37.73762356,45.64910232,167.1,167.1,167.1,133.49,133.49,133.49,0.479899815,0.190205348,0.786575246,0.101943042,0.081671746,0.124967457,0.898483389,0.503341644,1.317415547,0.080402034,0,0.386418018,0.099445974,0,0.477944574,0.009141463,0,0.057945947,54.18177836,17.31353913,102.952075,58.31111309,17.46733692,110.776655,167.1,167.1,167.1,133.49,133.49,133.49,0,0,0,1.042637544,0.981588064,1.084861036,0,0,0,10.79641115,6.196375087,15.4296152,13.35363747,7.664041818,19.08425725,4.312354671,2.474986055,6.162971403,64.48400917,27.83007881,111.6671995,63.3530343,19.7119507,117.3739639
MSM,CIP+CRO,0.3,0,0,303.3417872,301.571594,305.7513475,303.3121456,301.5303541,305.881543,361.0477653,322.3370664,415.1740958,360.3997773,321.2154272,416.1683818,-0.647988007,-1.1216392,0.994285983,167.1,167.1,167.1,133.49,133.49,133.49,0.37714792,0.150454627,0.61448342,0.317493122,0.283780721,0.353414037,0.289693404,0.055493896,0.552624926,0.207727835,0,0.584619738,0.256930026,0,0.72309214,0.001841971,0,0.005183958,54.37841353,18.17718731,103.8896855,58.54213376,19.59179187,112.9024435,167.1,167.1,167.1,133.49,133.49,133.49,0,0,0,1.044067343,0.980975549,1.086236492,0,0,0,0,0,0,0,0,0,0,0,0,54.23246266,18.07742784,103.5689372,58.44964443,19.24421302,114.3948256
MSM,CIP+CRO,0.3,0.025,0,303.3905096,301.5098144,305.9201434,303.6616332,301.7774501,306.1265685,362.264625,321.2216961,418.7869941,368.2274882,326.8735001,424.5669151,5.962863198,5.651804018,5.779921049,167.1,167.1,167.1,133.49,133.49,133.49,0.382575184,0.15199707,0.614681663,0.310204167,0.275193075,0.344014288,0.647076797,0.33108944,1.023711494,0.219511474,0,0.576235761,0.271504725,0,0.712722343,0.005715061,0,0.057948095,55.1971791,17.35002243,105.7112263,59.28472699,18.2510476,115.1673851,167.1,167.1,167.1,133.49,133.49,133.49,0,0,0,1.043589368,0.986012982,1.085598572,0,0,0,1.801222754,0.79717781,3.092962616,2.227858436,0.985996488,3.825558411,0.719453089,0.31841261,1.235406062,56.62007662,18.58635253,106.6465977,59.98473099,19.09052248,116.1568246
MSM,CIP+CRO,0.3,0.05,0,303.3454537,301.6771091,305.9267619,303.9281938,302.2526499,306.5651293,361.2465623,324.4268464,418.1189705,374.095021,337.0773075,431.3305962,12.84845873,12.6504611,13.2116256,167.1,167.1,167.1,133.49,133.49,133.49,0.381828918,0.150787325,0.613638188,0.301870534,0.264284278,0.336330059,1.004464271,0.59588299,1.488483432,0.232909052,0,0.702568243,0.288075639,0,0.8689778,0.010105892,0,0.059158054,53.88966999,19.90380451,105.8852709,57.75213778,20.69745921,114.9941055,167.1,167.1,167.1,133.49,133.49,133.49,0,0,0,1.04335449,0.981066059,1.086405859,0,0,0,3.628680548,1.792166626,5.567635166,4.488165915,2.216657283,6.886379236,1.449385105,0.715835847,2.22385172,57.06945934,23.98355517,109.008074,59.37379104,21.50962122,116.7883326
MSM,CIP+CRO,0.3,0.075,0,303.3379412,301.6450657,305.8199792,304.2020193,302.2814698,306.7049254,361.025938,323.1135111,414.0924081,380.1347096,338.5897017,435.1091105,19.10877153,15.47619061,21.01670237,167.1,167.1,167.1,133.49,133.49,133.49,0.369443405,0.152490935,0.611967936,0.29432515,0.259148727,0.329629376,1.372266185,0.852200337,1.9416446,0.223309703,0,0.643554214,0.276202599,0,0.795985772,0.015200981,0,0.062312977,53.38577079,18.81255734,101.9061248,57.09098343,19.70175822,109.7118524,167.1,167.1,167.1,133.49,133.49,133.49,0,0,0,1.043584098,0.979304194,1.086853403,0,0,0,5.291972575,2.610565131,8.120223642,6.5454235,3.228900777,10.04357107,2.113745237,1.042724529,3.243418934,58.1055568,23.01070012,105.9044201,59.54834141,20.83651264,114.9960347
MSM,CIP+CRO,0.3,0.1,0,303.4112849,301.6251227,305.7583104,304.5876779,302.6395819,306.9664701,362.5322131,323.2808555,413.3176764,388.5666039,345.9623639,439.8335962,26.03439075,22.68150834,26.51591989,167.1,167.1,167.1,133.49,133.49,133.49,0.383850799,0.148440686,0.612054975,0.287769002,0.254984194,0.323395627,1.704275446,1.122351961,2.340702217,0.248377213,0,0.688558856,0.307207573,0,0.851650165,0.019891664,0,0.110648053,54.49458912,18.23771961,101.4578115,58.09450556,18.61716298,109.0607063,167.1,167.1,167.1,133.49,133.49,133.49,0,0,0,1.04404426,0.981121824,1.085772394,0,0,0,7.193718233,3.898049252,10.50089197,8.897614587,4.821337001,12.98812194,2.87334967,1.556977653,4.194316972,60.82017655,24.50800612,107.0897187,61.44197459,19.15528864,114.3748377
MSM,CIP+CRO,0.3,0.125,0,303.4253626,301.639598,305.741862,304.903141,302.8795273,307.3490355,362.8428625,323.4081685,412.6618078,395.4766431,352.0560333,448.4878036,32.63378058,28.64786482,35.82599579,167.1,167.1,167.1,133.49,133.49,133.49,0.38174998,0.153307553,0.613977071,0.278575503,0.243264234,0.31367948,2.055205459,1.44766147,2.7070513,0.245875318,0,0.682570428,0.304113081,0,0.844243324,0.025912183,0,0.114898755,54.4519884,18.10515705,100.6017424,57.96485226,18.48110987,107.8603724,167.1,167.1,167.1,133.49,133.49,133.49,0,0,0,1.043948841,0.988853109,1.087350131,0,0,0,8.923693315,5.289204987,12.82132626,11.0373497,6.542000384,15.85817179,3.56434467,2.112639793,5.121156039,62.44559265,25.5247608,108.6994955,62.16581279,20.55406492,114.5282093
MSM,CIP+CRO,0.3,0.15,0,303.4962175,301.7444943,305.9322219,305.2815469,303.2518661,307.9134418,364.5267207,325.4990544,415.8123427,403.6562905,359.3571332,459.8675936,39.12956984,33.85807877,44.05525089,167.1,167.1,167.1,133.49,133.49,133.49,0.380580362,0.154025629,0.619014107,0.271438113,0.23875,0.306840468,2.41485385,1.722064566,3.078693675,0.249992293,0,0.694691882,0.309205199,0,0.859235854,0.02821382,0,0.116822857,55.65952368,19.78627405,103.2639819,59.14628017,20.46017728,111.0277574,167.1,167.1,167.1,133.49,133.49,133.49,0,0,0,1.043804407,0.978780882,1.087053629,0,0,0,10.68689811,6.07168146,15.36112659,13.21818529,7.509813392,18.9995465,4.268612443,2.425180324,6.135615351,65.15044063,29.31847131,113.2471676,64.21104922,22.60870355,122.4156983
MSM,CIP+CRO,0.5,0,0,303.3755648,301.6082859,305.8015685,303.3088523,301.541138,305.6641512,361.990017,323.0388355,414.2430026,360.4048145,321.387089,413.8935294,-1.585202533,-1.651746476,-0.349473259,167.1,167.1,167.1,133.49,133.49,133.49,0.275893225,0.106534141,0.447036704,0.516132249,0.46951777,0.557368418,0.468906758,0.212760305,0.795536233,0.350098685,0,0.861479466,0.433022682,0,1.065528565,0.003104406,0,0.007638938,54.69780909,18.76483794,101.8818139,58.71866775,19.90531793,110.7189403,167.1,167.1,167.1,133.49,133.49,133.49,0,0,0,1.043178974,0.985263283,1.084880333,0,0,0,0,0,0,0,0,0,0,0,0,54.28255774,18.25171805,101.4390068,58.45987052,19.45005173,112.0133498
MSM,CIP+CRO,0.5,0.025,0,303.4427755,301.6804946,305.8316424,303.657092,301.8649461,306.193377,363.4573319,323.9437796,416.6466106,368.2341671,328.3269517,421.2832889,4.776835138,4.383172047,4.636678288,167.1,167.1,167.1,133.49,133.49,133.49,0.275203523,0.110343422,0.443875817,0.504227608,0.461247585,0.547217247,1.052105169,0.610365401,1.530788084,0.37234842,0,0.881978769,0.460542465,0,1.09088331,0.010228305,0,0.060535121,55.5317318,19.43332898,104.5244168,59.34741263,19.58691699,112.1440012,167.1,167.1,167.1,133.49,133.49,133.49,0,0,0,1.044649164,0.981960268,1.085472024,0,0,0,1.765773321,0.700682642,3.092524168,2.184012489,0.866645578,3.825016112,0.705293706,0.279870044,1.235230934,56.72791404,20.02303037,105.7702055,59.99761439,20.39712715,113.8914481
MSM,CIP+CRO,0.5,0.05,0,303.5066804,301.706001,305.9556843,304.012994,302.1536342,306.5512175,364.7648984,325.0276188,419.7008946,375.9275794,335.3158688,432.4640693,11.16268105,10.28825006,12.76317469,167.1,167.1,167.1,133.49,133.49,133.49,0.275681113,0.106198871,0.44422493,0.489534462,0.44560054,0.533704901,1.632355419,1.104820594,2.225874727,0.373137132,0,0.859482881,0.461517991,0,1.063059071,0.017313338,0,0.111111656,56.15868177,19.39904831,104.8652426,59.93514411,20.73145288,114.7591404,167.1,167.1,167.1,133.49,133.49,133.49,0,0,0,1.043301326,0.984219848,1.087373512,0,0,0,3.564338222,1.680221522,5.625011729,4.408583534,2.078196982,6.957345949,1.423685182,0.671122193,2.246769344,58.91004459,22.0994817,108.3708139,61.43513171,21.37766782,117.4963492
MSM,CIP+CRO,0.5,0.075,0,303.4741053,301.689869,305.8247927,304.2870381,302.4204532,306.7150026,364.0674184,325.1800764,416.1781314,381.8858532,340.9468424,437.7206918,17.81843475,15.766766,21.54256042,167.1,167.1,167.1,133.49,133.49,133.49,0.272714288,0.104587985,0.445258778,0.478173981,0.435870364,0.52292976,2.202704214,1.552096873,2.878412905,0.386210052,0,0.951604532,0.477687349,0,1.177000557,0.022701537,0,0.111587797,55.04652401,19.79660742,102.9906547,58.44006458,19.62054788,110.1149264,167.1,167.1,167.1,133.49,133.49,133.49,0,0,0,1.044772879,0.987145071,1.08685621,0,0,0,5.394200496,2.809719215,8.097970029,6.671865017,3.475226283,10.01604649,2.154577607,1.122271615,3.234530288,59.5053196,23.13734142,107.9620102,60.89381514,20.83172722,115.210888
MSM,CIP+CRO,0.5,0.1,0,303.4950979,301.8093768,305.9142579,304.5948415,302.694145,307.1239416,364.5437487,327.1629321,417.9280472,388.8671959,347.1053715,444.9598673,24.32344727,19.9424394,27.03182003,167.1,167.1,167.1,133.49,133.49,133.49,0.273988425,0.105604472,0.442930217,0.465132749,0.422267861,0.509972972,2.762125061,2.051585774,3.5100232,0.394124141,0,0.950493984,0.48747596,0,1.175626965,0.029929214,0,0.118111813,54.94755932,20.2595573,103.3408749,58.17900097,20.15214887,112.026598,167.1,167.1,167.1,133.49,133.49,133.49,0,0,0,1.044326494,0.980632925,1.086730461,0,0,0,7.317124967,3.883274095,10.66262089,9.050251308,4.803062215,13.1881578,2.922641383,1.551076088,4.258915519,60.85502215,25.86895251,108.7213765,61.29908815,21.63576605,115.7920126
MSM,CIP+CRO,0.5,0.125,0,303.5537732,301.8020339,305.9169179,304.9344032,302.9452902,307.4838737,365.7811314,327.4210675,417.9325251,396.2183728,352.8942783,450.8567839,30.43724142,25.4732108,32.92425883,167.1,167.1,167.1,133.49,133.49,133.49,0.272105355,0.108158466,0.442614957,0.45420247,0.415280751,0.495085955,3.357944748,2.555272861,4.226339356,0.40086687,0,0.978078388,0.495815765,0,1.209744981,0.038258332,0,0.163517153,55.60253079,20.55620378,104.3526342,58.6355556,20.5282672,111.2306758,167.1,167.1,167.1,133.49,133.49,133.49,0,0,0,1.044781549,0.985588232,1.086488785,0,0,0,8.951318875,4.667577762,13.09755283,11.07151862,5.773135204,16.19982509,3.575379004,1.864346446,5.231487791,63.10418609,28.04191807,109.302891,62.74515025,21.66701203,117.7159473
MSM,CIP+CRO,0.5,0.15,0,303.6009928,301.8550941,306.1812447,305.2514051,303.2755016,308.0105156,366.696788,328.6186027,423.4126478,403.384688,358.725063,461.6925386,36.68789996,30.10646025,38.27989081,167.1,167.1,167.1,133.49,133.49,133.49,0.269020442,0.106641139,0.44211455,0.438892241,0.395873305,0.478285558,3.939001232,3.091361239,4.8298573,0.411644622,0,0.962923077,0.509146324,0,1.191,0.045183298,0,0.167579057,55.68552857,20.89338747,106.3202475,58.74808581,21.0637942,115.5044724,167.1,167.1,167.1,133.49,133.49,133.49,0,0,0,1.04176548,0.976259296,1.086982028,0,0,0,10.68479732,5.864890534,15.17759219,13.21558691,7.254042191,18.77254034,4.267773335,2.342582894,6.062307155,64.79651102,29.67793735,114.0307783,63.78230039,23.03798196,121.774502
MSM,CIP+CRO,0.7,0,0,303.4187346,301.7047712,306.0159154,303.309814,301.58031,305.9123197,362.7866568,325.5577908,418.190702,360.3157068,322.8949067,416.1374344,-2.470950005,-2.662884128,-2.053267609,167.1,167.1,167.1,133.49,133.49,133.49,0.165400043,0.064331592,0.271599071,0.714408925,0.660312387,0.761086928,0.658343333,0.291938581,1.05444266,0.49909475,0,1.115282761,0.617309795,0,1.379447435,0.004425589,0,0.00988947,54.86042496,19.9589852,106.7930501,58.67829694,21.25347351,114.2412057,167.1,167.1,167.1,133.49,133.49,133.49,0,0,0,1.043919628,0.98034842,1.087002584,0,0,0,0,0,0,0,0,0,0,0,0,54.23568434,19.33116439,105.9361936,58.36681681,20.90674333,114.2444749
MSM,CIP+CRO,0.7,0.025,0,303.4590433,301.6627106,305.9002804,303.6339097,301.8617459,306.2424661,363.8290681,323.9684106,421.015396,367.5958308,328.2602494,425.8417119,3.766762673,4.291838753,4.826315879,167.1,167.1,167.1,133.49,133.49,133.49,0.164816528,0.063140149,0.273931689,0.697797693,0.645803574,0.747279539,1.435083269,0.89968687,2.022585788,0.532720675,0.128091256,1.172371841,0.658900321,0.158430813,1.450058573,0.015126211,0.001135815,0.064929214,55.1176703,19.01109578,105.916687,58.63497007,18.94397125,115.1007261,167.1,167.1,167.1,133.49,133.49,133.49,0,0,0,1.044897562,0.985119251,1.085619201,0,0,0,1.819148432,0.708773519,3.139995914,2.25002997,0.876652852,3.883731965,0.72661305,0.283101741,1.254192329,56.06797048,19.60406959,106.1867928,59.27470795,19.34462213,116.692081
MSM,CIP+CRO,0.7,0.05,0,303.5238276,301.7097185,305.9058904,303.9692888,302.1240433,306.4884324,365.1310054,325.158405,417.5098735,375.0593873,334.4882796,428.5428376,9.928381921,9.329874591,11.0329641,167.1,167.1,167.1,133.49,133.49,133.49,0.167389092,0.064332902,0.273266087,0.679185773,0.629269782,0.726203718,2.240773701,1.627944239,2.911561335,0.517454974,0,1.111631198,0.640018802,0,1.374930967,0.023455099,0,0.115541968,55.53562627,19.25401296,105.4747197,58.96176875,18.11228404,111.2893904,167.1,167.1,167.1,133.49,133.49,133.49,0,0,0,1.042883068,0.980081989,1.087017169,0,0,0,3.623874063,1.697070182,5.812843521,4.482220971,2.099036398,7.189667378,1.447465275,0.677851966,2.321794025,57.9277851,20.70903471,107.1359971,60.38776046,19.53822899,114.2052125
MSM,CIP+CRO,0.7,0.075,0,303.5249279,301.77687,305.9655994,304.2426427,302.3552876,306.7105025,365.1709493,326.560995,419.8756957,380.9699604,339.5265125,435.8140368,15.79901108,12.96551743,15.93834103,167.1,167.1,167.1,133.49,133.49,133.49,0.168811629,0.064935619,0.275000332,0.661635109,0.617729801,0.704530155,3.069337785,2.315865394,3.910833485,0.547577091,0,1.250410655,0.677275612,0,1.546581576,0.036304406,0,0.124101672,54.81477376,19.45150616,103.8958738,57.85261444,19.28904775,113.4266737,167.1,167.1,167.1,133.49,133.49,133.49,0,0,0,1.042946562,0.983220519,1.086761218,0,0,0,5.357917476,2.744504793,8.144435102,6.62698804,3.394565243,10.07351723,2.140085268,1.096223356,3.253089592,58.73027864,22.91601621,107.0776334,60.15605938,20.16410624,115.056435
MSM,CIP+CRO,0.7,0.1,0,303.5732446,301.8540016,305.8294651,304.5780905,302.759072,306.9761171,366.0921316,328.8008856,415.8289988,388.3679511,348.9499866,439.522748,22.27581949,20.14910101,23.69374919,167.1,167.1,167.1,133.49,133.49,133.49,0.161247599,0.062744677,0.271667913,0.644930597,0.596807743,0.687326853,3.839939466,2.988334266,4.833333333,0.560822539,0.128219252,1.223323883,0.693658361,0.158589126,1.51307906,0.044520006,0.00113695,0.169612832,55.00679466,20.30662347,101.6139685,57.71821539,20.24022543,107.1105678,167.1,167.1,167.1,133.49,133.49,133.49,0,0,0,1.043902115,0.983296602,1.085003301,0,0,0,7.274028854,3.889040306,10.60392309,8.996947496,4.810194205,13.11555689,2.905427726,1.553379256,4.235470157,60.50887108,26.01011253,107.2369767,60.88148113,21.30185948,113.6594888
MSM,CIP+CRO,0.7,0.125,0,303.6601977,301.8905063,306.0241407,304.9397174,302.8923395,307.4980254,368.096738,329.0146041,419.289837,396.3144616,351.1285169,451.5423353,28.21772359,22.11391277,32.25249834,167.1,167.1,167.1,133.49,133.49,133.49,0.16410548,0.063118832,0.269935247,0.626488138,0.585465623,0.670894953,4.619430536,3.666397849,5.646999517,0.565951529,0.126085227,1.268823735,0.700002199,0.155949638,1.569355958,0.052742545,0.001118027,0.170936455,56.0777127,20.00873991,105.2715858,58.72628591,19.74012532,110.5368639,167.1,167.1,167.1,133.49,133.49,133.49,0,0,0,1.043699581,0.98528025,1.085739028,0,0,0,8.956898359,4.554892402,12.94965517,11.07841966,5.633759311,16.01689655,3.577607589,1.819337115,5.172413793,63.13272108,26.80926207,110.0310872,62.69554352,20.91225442,116.7151979
MSM,CIP+CRO,0.7,0.15,0,303.6884798,301.9155702,306.0634034,305.2505094,303.0535638,307.7644387,368.7975944,330.1523877,420.8086156,403.2417612,356.2707048,458.8821223,34.44416678,26.11831712,38.07350662,167.1,167.1,167.1,133.49,133.49,133.49,0.163367924,0.064085028,0.273291868,0.609330799,0.561971734,0.654894507,5.435083665,4.418221102,6.464729918,0.595838332,0.133443521,1.261994411,0.736967958,0.16505081,1.560909049,0.068423642,0.001184632,0.222472973,56.00367958,20.41233832,103.1446,58.26139595,19.78844346,108.4278098,167.1,167.1,167.1,133.49,133.49,133.49,0,0,0,1.043781445,0.981209824,1.086807478,0,0,0,10.83347619,5.667124009,15.36820291,13.39948169,7.009432899,19.0082989,4.327159366,2.263590034,6.138441808,64.49161615,27.56360983,111.8752421,63.19351511,21.33864056,118.8380404
MSM,CIP+CRO+NDA,0.1,0,0,303.2716511,301.5858372,305.5604085,303.2762198,301.5770436,305.5151097,359.6801897,322.3197494,408.2132624,359.7096263,322.4299765,407.0339698,0.029436552,0.110227066,-1.179292655,167.1,167.1,167.1,133.49,133.49,133.49,0.483841374,0.188437009,0.780375497,0.119905744,0.096887095,0.143979419,0.107660844,0,0.276877999,0.070301471,0,0.285489517,0.086953001,0,0.353110256,0.002792752,0,0.055072274,53.78025205,19.20190865,99.05915566,57.95243685,20.86382049,106.3788349,167.1,167.1,167.1,133.49,133.49,133.49,0,0,0,1.045425457,0.985764478,1.086439027,0,0,0,0,0,0,0,0,0,0,0,0,53.69830459,18.81485651,97.11423893,57.75379276,20.48511306,105.279289
MSM,CIP+CRO+NDA,0.1,0.025,0,303.3859438,301.5074872,305.9163251,303.7064205,301.7666296,306.2028482,362.0910037,321.0132328,416.9248078,369.1801253,327.1325325,423.5398648,7.089121623,6.119299716,6.615056996,167.1,167.1,167.1,133.49,133.49,133.49,0.483587367,0.190643491,0.790496974,0.117109916,0.09420588,0.139208417,0.244190326,0.054288817,0.492450041,0.07790879,0,0.287126592,0.096362182,0,0.355135088,0.006777119,0,0.057238324,55.89502949,17.5613391,106.8331125,60.16187673,19.18877636,114.8314492,167.1,167.1,167.1,133.49,133.49,133.49,0,0,0,1.044682078,0.977426902,1.086038132,0,0,0,1.804448233,0.696198681,3.146075046,2.231847898,0.86109955,3.891250993,0.720741426,0.278079038,1.256620485,57.56173399,18.75381004,107.5640646,60.92276641,19.03653162,116.6850391
MSM,CIP+CRO+NDA,0.1,0.05,0,303.3206748,301.5766898,305.7678777,303.9735804,302.1469758,306.4322508,360.7817516,322.7217896,413.6643496,375.036075,335.3519371,428.5016607,14.25432336,12.63014753,14.83731115,167.1,167.1,167.1,133.49,133.49,133.49,0.478613454,0.186576561,0.78195835,0.113432341,0.091768522,0.136695808,0.368210652,0.110610322,0.646317481,0.076843568,0,0.289433526,0.095044653,0,0.357988439,0.012018487,0,0.058621819,54.46407973,18.84045071,103.9841278,58.69260552,20.1577843,111.9320123,167.1,167.1,167.1,133.49,133.49,133.49,0,0,0,1.042550751,0.984817543,1.083515533,0,0,0,3.563056866,1.66347559,5.516456007,4.406998678,2.057484627,6.823077836,1.423173377,0.664433452,2.203409493,58.0438247,22.84670832,105.1757545,60.51238455,20.66659993,115.6564601
MSM,CIP+CRO+NDA,0.1,0.075,0,303.3380514,301.5329159,305.8209387,304.3039446,302.4659946,306.8957859,361.095434,321.4020563,415.9968964,382.3733428,340.9029231,439.1368114,21.27790885,19.50086686,23.13991505,167.1,167.1,167.1,133.49,133.49,133.49,0.495088389,0.193451721,0.788170711,0.111100192,0.088950339,0.131215964,0.495912588,0.213213939,0.823339132,0.078275279,0,0.376196884,0.096815477,0,0.465302473,0.015512197,0,0.107112753,54.66923478,17.74407606,105.6835831,58.81438257,19.22561128,113.2009352,167.1,167.1,167.1,133.49,133.49,133.49,0,0,0,1.043585234,0.986522039,1.087659015,0,0,0,5.450334817,2.874127183,8.192532377,6.741295252,3.554889852,10.13300677,2.176999048,1.147997756,3.272300837,59.85801274,23.64781579,109.2685234,61.29279553,20.16812016,115.8121948
MSM,CIP+CRO+NDA,0.1,0.1,0,303.3413216,301.6211236,305.6789421,304.6142371,302.6979658,307.074458,361.0981814,323.6444844,412.3713549,389.0370941,347.5996542,444.2704189,27.93891271,23.9551698,31.89906405,167.1,167.1,167.1,133.49,133.49,133.49,0.474476496,0.189738815,0.784978265,0.107500017,0.086071801,0.132152265,0.635029674,0.283109712,1.02711057,0.081375606,0,0.293893132,0.100650144,0,0.363504342,0.01835651,0,0.110866264,54.56082617,19.82699205,102.4078954,58.66413472,20.97296724,110.3553445,167.1,167.1,167.1,133.49,133.49,133.49,0,0,0,1.043109521,0.982115944,1.086647542,0,0,0,7.169251802,3.697119923,10.50444489,8.867353064,4.572815767,12.9925164,2.86357717,1.47672149,4.195736097,61.23933366,25.5606388,109.3523457,62.03987182,21.95252875,116.0970598
MSM,CIP+CRO+NDA,0.1,0.125,0,303.2928045,301.582804,305.7777303,304.8734268,302.9627206,307.5854123,360.0245681,321.9388262,415.1996088,394.9464431,352.6277068,454.2719525,34.92187499,30.68888061,39.07234365,167.1,167.1,167.1,133.49,133.49,133.49,0.486654888,0.190064303,0.787781685,0.104612511,0.08249161,0.124985456,0.762079064,0.385876917,1.1879147,0.084170601,0,0.395732248,0.104107159,0,0.489464962,0.024411141,0,0.113639596,53.40895181,18.36291171,104.0581055,57.38518639,19.2481013,112.875876,167.1,167.1,167.1,133.49,133.49,133.49,0,0,0,1.043264077,0.985952786,1.086339346,0,0,0,9.007510585,4.830600345,12.77390935,11.14101984,5.974771141,15.79952376,3.597823369,1.929461713,5.102216547,61.82095696,25.30865835,112.1474118,61.48015186,20.13981574,119.4947303
MSM,CIP+CRO+NDA,0.1,0.15,0,303.3571268,301.6659245,305.7631751,305.26309,303.1806834,307.8693382,361.4598552,323.9797566,413.5171144,403.6229877,358.3405873,459.4273884,42.16313249,34.3608307,45.91027398,167.1,167.1,167.1,133.49,133.49,133.49,0.490842425,0.195273126,0.777890867,0.102401528,0.082453447,0.124282236,0.895409268,0.476682304,1.344479687,0.083417043,0,0.294558543,0.103175113,0,0.364327363,0.027844832,0,0.11587678,54.63812719,20.30054764,102.0357577,58.64609815,21.36050315,111.1393074,167.1,167.1,167.1,133.49,133.49,133.49,0,0,0,1.044082449,0.983746872,1.086471059,0,0,0,10.81277472,5.907799622,15.4045916,13.3738769,7.307114679,19.05330657,4.318890686,2.359721849,6.152976352,64.89678823,29.25827459,112.6597988,63.74612312,23.62385812,121.0362198
MSM,CIP+CRO+NDA,0.3,0,0,303.3291032,301.5281992,305.6281167,303.2997246,301.5236574,305.6347803,360.9439669,321.272568,411.129561,360.3226047,320.8360055,410.4911117,-0.621362208,-0.436562502,-0.638449312,167.1,167.1,167.1,133.49,133.49,133.49,0.37931089,0.15164921,0.610354288,0.318842455,0.284325631,0.356066353,0.284482524,0.055928412,0.5624614,0.226532419,0,0.645933485,0.280188644,0,0.798928595,0.008646267,0,0.058612492,54.36551054,18.03636121,101.0798139,58.40275019,19.04425169,108.2998751,167.1,167.1,167.1,133.49,133.49,133.49,0,0,0,1.043617629,0.980055789,1.087851825,0,0,0,0,0,0,0,0,0,0,0,0,54.20561941,17.90444034,101.7459858,58.37642333,18.90878521,108.5343314
MSM,CIP+CRO+NDA,0.3,0.025,0,303.3590916,301.5862177,305.9839756,303.6398984,301.8083514,306.2458003,361.5736243,322.528809,418.2436294,367.6328058,327.2754287,425.7791294,6.059181452,4.746619715,7.535500003,167.1,167.1,167.1,133.49,133.49,133.49,0.3754214,0.148483748,0.613943788,0.310045258,0.273195886,0.345204013,0.630647223,0.316682616,1.013542079,0.217802305,0,0.672378614,0.269390724,0,0.831637489,0.019351139,0,0.110638323,54.4812871,18.55044354,106.5894998,58.61246836,19.28529483,114.6973811,167.1,167.1,167.1,133.49,133.49,133.49,0,0,0,1.042014622,0.974121253,1.084983582,0,0,0,1.776346159,0.646545568,3.050527203,2.197089597,0.799685655,3.773071792,0.709516759,0.258246352,1.218456304,56.03226891,19.49695111,109.2014836,59.4303287,19.32324047,116.3907424
MSM,CIP+CRO+NDA,0.3,0.05,0,303.3736337,301.5811561,305.9070319,303.949303,302.0334614,306.6721873,361.9693745,322.1491606,415.4633475,374.5700762,333.9476442,431.4576715,12.60070171,11.79848357,15.994324,167.1,167.1,167.1,133.49,133.49,133.49,0.373206214,0.149624915,0.610452923,0.302197542,0.264446336,0.335191099,0.978407711,0.553082066,1.447833556,0.217784936,0,0.681103512,0.269369241,0,0.842428956,0.03216905,0,0.117640317,54.66801005,17.54041819,107.5154542,58.52941159,18.32170447,112.8764916,167.1,167.1,167.1,133.49,133.49,133.49,0,0,0,1.045079282,0.985832684,1.086522219,0,0,0,3.548194095,1.597148541,5.55130212,4.388615527,1.975447425,6.866177562,1.417236817,0.637940782,2.217327896,57.77918259,21.55883685,111.3085371,60.0675024,18.91002165,117.8031482
MSM,CIP+CRO+NDA,0.3,0.075,0,303.3810314,301.6828917,305.5406755,304.2604006,302.4780344,306.6955195,362.0672223,324.4382493,409.1929988,381.4463942,341.951387,432.2541143,19.37917195,17.5131377,23.06111557,167.1,167.1,167.1,133.49,133.49,133.49,0.3661305,0.146631646,0.613213284,0.29529668,0.262001551,0.32993867,1.333213684,0.803657036,1.87683862,0.232157538,0,0.683315613,0.287146122,0,0.845165013,0.044615549,0,0.165750749,54.35284915,19.86195766,98.17348706,58.13328802,20.78271655,105.4938261,167.1,167.1,167.1,133.49,133.49,133.49,0,0,0,1.042999697,0.98651214,1.087064556,0,0,0,5.367543034,2.826225946,8.094132981,6.638893497,3.49564278,10.0113006,2.143929954,1.128864813,3.232997676,59.09241597,24.44193416,103.2958025,60.61364574,21.30661707,110.2560882
MSM,CIP+CRO+NDA,0.3,0.1,0,303.4636952,301.6645876,305.8939773,304.6236219,302.674241,307.170858,363.7872252,324.1332658,415.9305892,389.4949311,346.3918278,445.1426525,25.70770586,22.25856196,29.21206332,167.1,167.1,167.1,133.49,133.49,133.49,0.383743988,0.153291054,0.61398672,0.285235851,0.250414843,0.320698416,1.680303,1.123342309,2.255239828,0.245246496,0,0.683371866,0.303335317,0,0.84523459,0.051420939,0,0.170001417,55.49725614,19.34023964,104.1597765,59.34314103,19.58308621,112.5958028,167.1,167.1,167.1,133.49,133.49,133.49,0,0,0,1.041230322,0.982754294,1.085878407,0,0,0,7.041442594,3.592164214,10.15870447,8.709271105,4.443000361,12.56488427,2.812526999,1.434799574,4.057638786,61.83406107,24.8682113,110.9580898,62.76157267,21.30404368,119.057816
MSM,CIP+CRO+NDA,0.3,0.125,0,303.4096093,301.686206,305.7351527,304.8748393,302.8550692,307.3196933,362.6119321,324.6466128,413.5154968,395.0956295,351.3833707,452.0043264,32.48369736,26.73675794,38.48882956,167.1,167.1,167.1,133.49,133.49,133.49,0.376898868,0.15003035,0.619544449,0.278683037,0.245571979,0.312039929,2.010749531,1.393645863,2.665653715,0.237940797,0,0.690934695,0.294299198,0,0.854588743,0.063592651,0,0.216317916,54.21832819,19.22310444,100.3646137,57.73701925,19.80704618,108.411727,167.1,167.1,167.1,133.49,133.49,133.49,0,0,0,1.042919626,0.985635736,1.085447482,0,0,0,8.818226189,4.538552967,12.83569202,10.90690175,5.613549735,15.87594021,3.522218481,1.812810739,5.126894082,62.26299973,27.51274205,110.0387192,62.00954632,21.33488462,117.9194871
MSM,CIP+CRO+NDA,0.3,0.15,0,303.4201961,301.7407685,305.7135241,305.1971382,303.1166514,307.7131793,362.9257258,325.7081904,413.5690286,402.0202816,356.3763762,457.0813583,39.09455572,30.66818586,43.51232965,167.1,167.1,167.1,133.49,133.49,133.49,0.380979413,0.147670654,0.621946379,0.270865652,0.235562972,0.305286695,2.384368029,1.686490848,3.114404836,0.256214417,0,0.719425287,0.316901088,0,0.889827586,0.077986577,0,0.227287232,54.21797925,19.79400869,100.681991,57.53921781,20.12741036,109.5074914,167.1,167.1,167.1,133.49,133.49,133.49,0,0,0,1.044030501,0.979839576,1.088687432,0,0,0,10.6995602,5.908372963,15.20766356,13.2338465,7.307823821,18.80973437,4.273669993,2.359950856,6.074318404,63.66319892,28.00789,110.0941736,62.52819354,22.25380647,117.1983878
MSM,CIP+CRO+NDA,0.5,0,0,303.375304,301.6069988,305.7892769,303.3043486,301.5275833,305.7051111,361.9317297,322.8829484,415.7418097,360.2969808,321.1626707,413.4186799,-1.634748866,-1.720277623,-2.323129844,167.1,167.1,167.1,133.49,133.49,133.49,0.27064892,0.107667297,0.444889344,0.517100418,0.471675572,0.559937931,0.466403313,0.162333275,0.815306389,0.358632509,0,0.881549296,0.443577819,0,1.090352113,0.013421109,0,0.062017055,54.65179941,18.97423507,103.1432543,58.63537967,19.58148812,112.8180176,167.1,167.1,167.1,133.49,133.49,133.49,0,0,0,1.043758497,0.985190541,1.086279372,0,0,0,0,0,0,0,0,0,0,0,0,54.2000508,18.51091273,102.6062711,58.35232519,19.24593301,111.6473162
MSM,CIP+CRO+NDA,0.5,0.025,0,303.3838895,301.6190951,305.732268,303.6070834,301.8231542,306.0188417,361.9678737,323.6830218,412.8616973,367.0069996,327.9019193,419.0004608,5.03912598,4.218897484,6.138763427,167.1,167.1,167.1,133.49,133.49,133.49,0.276722054,0.106955238,0.442676923,0.505194272,0.461088905,0.547052761,1.017970308,0.58336281,1.473773923,0.362609328,0,0.930261794,0.448496583,0,1.1506026,0.032048195,0,0.11793417,54.24166064,19.09370337,101.7895404,57.90279732,19.98930946,109.0983452,167.1,167.1,167.1,133.49,133.49,133.49,0,0,0,1.044321978,0.980342788,1.088876561,0,0,0,1.839231756,0.792236782,3.238028937,2.27487021,0.979885133,4.004984984,0.734634828,0.316439041,1.293349152,55.44871627,20.13343521,103.0724053,58.64062912,20.02729943,110.9498924
MSM,CIP+CRO+NDA,0.5,0.05,0,303.4704536,301.7855659,305.8089529,303.9791369,302.2096743,306.5137068,364.0109611,327.2254823,413.6486987,375.1229413,336.0500573,426.4470833,11.1119802,8.824574995,12.79838463,167.1,167.1,167.1,133.49,133.49,133.49,0.277810895,0.104915652,0.443423094,0.490446105,0.444477384,0.532115578,1.592636065,1.028000189,2.171794045,0.381160581,0,0.945341019,0.471441865,0,1.169253475,0.048247882,0,0.169991146,55.42970874,21.10163372,101.6796707,59.15109128,22.15981554,109.0820785,167.1,167.1,167.1,133.49,133.49,133.49,0,0,0,1.043041074,0.982303579,1.087649616,0,0,0,3.53739159,1.610148959,5.677418981,4.375254353,1.991527107,7.022166328,1.412922028,0.643133471,2.267702102,58.1700362,24.38449537,104.8946698,60.70153373,22.82196635,113.8716877
MSM,CIP+CRO+NDA,0.5,0.075,0,303.3794832,301.6784052,305.8236736,304.1792843,302.374925,306.7647545,361.9145364,324.1862435,414.7458367,379.4880534,339.8668599,436.3605127,17.57351701,15.6806164,21.61467599,167.1,167.1,167.1,133.49,133.49,133.49,0.273517364,0.107971711,0.446056253,0.478298349,0.434237828,0.516145655,2.159318696,1.464310754,2.862306695,0.382732329,0,0.939337395,0.473385896,0,1.161827839,0.069887373,0,0.21979235,53.04208109,18.25525974,102.9978404,56.31215814,18.79286017,109.903038,167.1,167.1,167.1,133.49,133.49,133.49,0,0,0,1.043075957,0.984579432,1.085676977,0,0,0,5.388476424,2.784640522,8.102312206,6.664785147,3.444207477,10.02141715,2.15229127,1.112254562,3.236264661,57.36269034,22.08637166,107.2802554,58.65963418,20.16768303,115.3522229
MSM,CIP+CRO+NDA,0.5,0.1,0,303.5669211,301.767398,306.075174,304.6746434,302.7567701,307.2998326,366.0013529,326.1941209,422.356626,390.5044104,348.4866122,448.2769353,24.50305752,22.29249131,25.92030927,167.1,167.1,167.1,133.49,133.49,133.49,0.270126338,0.107354264,0.442927443,0.464982082,0.423295101,0.505781052,2.720913952,2.014801521,3.4394731,0.398015124,0,0.954636025,0.492288558,0,1.180750086,0.084194294,0.001166621,0.229274376,56.18746542,19.51837817,108.5794247,59.6023404,19.61023068,116.0669581,167.1,167.1,167.1,133.49,133.49,133.49,0,0,0,1.042939136,0.987308518,1.086424815,0,0,0,7.247750709,3.768595985,10.41978368,8.964445138,4.661221571,12.88780242,2.894931582,1.505270804,4.161920305,62.3104748,25.381148,113.4945526,63.03936019,20.98781977,122.2233323
MSM,CIP+CRO+NDA,0.5,0.125,0,303.5641032,301.7226258,306.0615248,304.9374169,302.8693812,307.4733269,365.9892318,325.9913818,420.747696,396.2630763,351.0471471,452.6001665,30.2738445,25.05576528,31.85247049,167.1,167.1,167.1,133.49,133.49,133.49,0.267241981,0.106275146,0.439107882,0.451985548,0.412643411,0.492938548,3.302676458,2.529507489,4.099799309,0.402337335,0,0.942291285,0.497634523,0,1.165481384,0.104481536,0.001190923,0.268101678,55.68922308,18.68047962,106.2447297,58.83510059,18.8037122,114.2725937,167.1,167.1,167.1,133.49,133.49,133.49,0,0,0,1.043458534,0.980476291,1.085515888,0,0,0,8.944527041,4.772765471,13.01301032,11.06311808,5.903237561,16.09525793,3.572666177,1.906361029,5.197719411,63.08643354,26.5697569,113.0882011,62.92923858,19.91242749,120.7225037
MSM,CIP+CRO+NDA,0.5,0.15,0,303.5985055,301.8220713,306.0752729,305.2458911,303.2542629,308.0125826,366.7323545,327.8091701,420.1874398,403.1191126,358.4930197,462.1069927,36.38675811,30.68384955,41.91955286,167.1,167.1,167.1,133.49,133.49,133.49,0.268449988,0.104613135,0.443123394,0.438116275,0.392496225,0.478935854,3.85145451,2.98902904,4.724994349,0.421008149,0,0.990152295,0.520727685,0,1.224678701,0.121255498,0.001194833,0.315989336,55.81694797,20.58322242,105.1621093,58.83513682,20.10456202,111.884209,167.1,167.1,167.1,133.49,133.49,133.49,0,0,0,1.043099765,0.977234047,1.08655461,0,0,0,10.68005451,5.763949277,15.11998415,13.20972072,7.129192096,18.70128731,4.265878937,2.30226445,6.03929707,64.71908356,28.14448769,113.2369219,63.71163312,21.933915,122.152557
MSM,CIP+CRO+NDA,0.7,0,0,303.4576958,301.7485364,306.0125016,303.349811,301.6472069,305.8183278,363.6984784,326.1856625,418.17973,361.3126717,324.3215561,416.4622613,-2.385806657,-1.864106479,-1.717468668,167.1,167.1,167.1,133.49,133.49,133.49,0.166198923,0.064374517,0.271514721,0.714375183,0.665745774,0.759631976,0.634973645,0.280875285,1.031026099,0.499433027,0,1.116494923,0.617728196,0,1.380946709,0.018149063,0,0.107327001,55.69244187,20.64470063,107.7502915,59.63833304,21.96771989,114.0986021,167.1,167.1,167.1,133.49,133.49,133.49,0,0,0,1.043305099,0.98508042,1.085236535,0,0,0,0,0,0,0,0,0,0,0,0,55.14917816,20.58172553,106.4119646,59.36972969,22.37262078,114.481839
MSM,CIP+CRO+NDA,0.7,0.025,0,303.4426055,301.5901937,305.7437573,303.6156999,301.7416416,306.0043368,363.4322254,322.7158389,414.0356304,367.1977694,326.5733479,419.6822214,3.765544013,3.857509072,5.646590989,167.1,167.1,167.1,133.49,133.49,133.49,0.169218926,0.06559054,0.272365643,0.695636007,0.64336364,0.74176611,1.419181511,0.920590315,1.98019802,0.498949744,0,1.112897808,0.617130443,0,1.376497584,0.043208238,0.001194833,0.157046392,54.63286855,17.47508739,103.1258434,58.31067667,17.90795195,110.0345264,167.1,167.1,167.1,133.49,133.49,133.49,0,0,0,1.042436561,0.982473337,1.086113797,0,0,0,1.780590279,0.700876257,2.977496238,2.202338976,0.866885052,3.682742791,0.711211967,0.279947378,1.189285924,55.61732971,18.98858965,104.4451632,58.98562783,17.94839258,112.0221032
MSM,CIP+CRO+NDA,0.7,0.05,0,303.5663569,301.7235745,306.006669,304.0125422,302.1170002,306.5666694,366.1091145,325.5366259,420.1690588,375.8467208,333.4184901,430.5211238,9.737606291,7.881864178,10.352065,167.1,167.1,167.1,133.49,133.49,133.49,0.167389968,0.0654046,0.273186665,0.679494481,0.628988855,0.725124928,2.205060239,1.538441145,2.9180804,0.519091697,0,1.160450804,0.642043197,0,1.435313932,0.068305982,0.001161058,0.222006693,56.41409508,18.94071084,107.2240481,59.91061641,19.39461618,113.7572662,167.1,167.1,167.1,133.49,133.49,133.49,0,0,0,1.043020725,0.985043964,1.085232469,0,0,0,3.570136819,1.676517857,5.576353753,4.415755581,2.073616071,6.897162898,1.426001286,0.669642857,2.22733414,58.80457849,22.10035742,108.6084814,61.32145379,19.62701595,117.1942282
MSM,CIP+CRO+NDA,0.7,0.075,0,303.5593385,301.747262,306.0755665,304.2850824,302.3082874,306.8470655,365.9943092,326.0120869,420.9482333,381.9660088,339.4177741,437.4490035,15.97169968,13.40568722,16.50077021,167.1,167.1,167.1,133.49,133.49,133.49,0.16364858,0.063300171,0.27413626,0.662497044,0.615637427,0.707705189,2.966787355,2.209236614,3.753127696,0.557350704,0.12997283,1.246539245,0.689364191,0.160758054,1.541793189,0.095663034,0.002341343,0.266667968,55.62740566,18.94938436,106.5618344,58.69702393,19.03606722,113.5921598,167.1,167.1,167.1,133.49,133.49,133.49,0,0,0,1.044689117,0.99045,1.086206893,0,0,0,5.393342991,2.925211641,8.048457258,6.670804404,3.618074121,9.954806178,2.154235098,1.168402157,3.214753658,59.6156474,21.84074381,110.8841222,61.0609334,19.66771992,118.1614886
MSM,CIP+CRO+NDA,0.7,0.1,0,303.6450885,301.8211869,305.8777224,304.6533518,302.6531042,307.0283484,367.781019,327.4099489,416.474781,390.0400353,346.5358865,442.656559,22.25901626,19.12593759,26.18177799,167.1,167.1,167.1,133.49,133.49,133.49,0.164504677,0.065065169,0.2718266,0.644649197,0.595360744,0.690074031,3.770715587,2.894244941,4.757103462,0.573825712,0.13259543,1.235396823,0.709741452,0.164001841,1.528011584,0.119707947,0.002331088,0.321341208,56.44958104,19.85369566,101.7575359,59.34409579,18.90105345,109.1909049,167.1,167.1,167.1,133.49,133.49,133.49,0,0,0,1.044464459,0.980281092,1.08747181,0,0,0,7.243357064,3.94381705,10.40998942,8.959010818,4.87794531,12.87568831,2.893176651,1.575258448,4.158008238,62.01596759,25.21370092,107.0112991,62.49752563,20.99753179,112.4968148
MSM,CIP+CRO+NDA,0.7,0.125,0,303.5907864,301.8722438,305.9816711,304.8438327,302.9503957,307.31202,366.4942323,328.8570028,417.1593107,394.2822445,353.2521779,447.7989811,27.78801213,24.39517503,30.63967032,167.1,167.1,167.1,133.49,133.49,133.49,0.162447375,0.063104891,0.270303018,0.627169502,0.579994015,0.670476938,4.541449756,3.625401855,5.555555556,0.538010633,0,1.214427781,0.665443252,0,1.502075837,0.141062646,0.002431411,0.33806427,54.74134384,20.19824393,102.7594989,57.15931038,19.74187848,107.6282475,167.1,167.1,167.1,133.49,133.49,133.49,0,0,0,1.044610506,0.990015628,1.086598392,0,0,0,8.867735299,4.586128087,12.80305443,10.96813753,5.672393448,15.83557211,3.541993649,1.831813424,5.113857815,61.53714964,26.82343294,110.1847392,61.24121236,21.16130777,115.9651945
MSM,CIP+CRO+NDA,0.7,0.15,0,303.7245273,301.9830137,306.1237298,305.2808632,303.3155191,307.9167438,369.4541082,331.4354216,421.8336238,403.9446196,360.0342104,461.8684329,34.49051147,28.59878874,40.03480913,167.1,167.1,167.1,133.49,133.49,133.49,0.166978471,0.065960731,0.274130135,0.608065388,0.560291795,0.65074148,5.31834004,4.270070891,6.464136132,0.57986571,0.133011115,1.229934498,0.717212078,0.164515985,1.521255459,0.171258764,0.003704116,0.386281295,56.59398228,21.68085972,103.6037818,59.01825996,20.71006961,112.1159017,167.1,167.1,167.1,133.49,133.49,133.49,0,0,0,1.04364255,0.986366718,1.086878152,0,0,0,10.86874658,6.263581516,15.48233794,13.44310619,7.747166688,19.14946783,4.341247235,2.501829971,6.184030171,65.03681959,28.93524127,113.0617864,63.8685154,22.12430021,120.506404
MSW,CIP,0.1,0,0,306.953308,302.5706844,313.7460566,306.9764911,302.4233956,313.4733233,560.9481966,380.3518447,840.1315994,562.2082232,376.9431653,855.4290829,1.260026558,-3.408679355,15.29748352,167.1,167.1,167.1,133.49,133.49,133.49,0.475559033,0.190902921,0.779330876,0.121732216,0.09081303,0.153025791,0,0,0,0.085826203,0,0.502756212,0.106154905,0,0.621838507,7.61E-04,0,0.004458056,254.9374131,76.86271588,534.8174995,259.3136631,78.79435732,538.8554825,167.1,167.1,167.1,133.49,133.49,133.49,0,0,0,1.043066999,0.976596257,1.089820212,0,0,0,0,0,0,0,0,0,0,0,0,256.0440594,71.42196914,548.0671954,260.2639938,75.12884269,553.4186892
MSW,CIP,0.1,0.025,0,307.0463621,302.5070877,314.2728379,307.2530168,302.7630594,314.5320284,566.1276106,379.422191,859.911328,574.2520898,388.6668999,870.0126231,8.124479199,9.244708873,10.10129509,167.1,167.1,167.1,133.49,133.49,133.49,0.489864511,0.191625399,0.788049085,0.122831516,0.09172057,0.154177103,0,0,0,0.327513182,0,1.017723577,0.405087601,0,1.258780488,0.098464435,0,0.325468804,259.7408684,74.63436231,556.9596916,263.611849,78.08099551,556.062724,167.1,167.1,167.1,133.49,133.49,133.49,0,0,0,1.044714614,0.977453115,1.089619424,0,0,0,2.073493803,0.727616084,3.855845153,2.564619312,0.899958446,4.769136484,0.828204906,0.290627929,1.540120288,262.3785976,76.7961882,556.7332087,264.8613745,78.60543356,559.4855454
MSW,CIP,0.1,0.05,0,307.1832502,302.7027454,313.5996895,307.4585612,302.9721845,314.1509315,570.7537451,387.3006413,838.4300138,582.7651774,399.5148488,848.5692813,12.01143225,12.21420747,10.13926755,167.1,167.1,167.1,133.49,133.49,133.49,0.483862491,0.190808815,0.790810614,0.122651727,0.092134387,0.155980253,0,0,0,0.586877785,0,1.496175299,0.725885025,0,1.850557769,0.201729388,0,0.525359255,263.4152855,80.59858442,531.0316621,267.3470717,83.49476865,534.7095044,167.1,167.1,167.1,133.49,133.49,133.49,0,0,0,1.044702682,0.985116723,1.087165155,0,0,0,4.097227084,1.690599213,6.732930821,5.067691878,2.091032722,8.327685565,1.636534224,0.6752673,2.689299737,264.7522472,82.88045253,530.876392,266.179387,81.50786953,531.1440629
MSW,CIP,0.1,0.075,0,307.2567114,302.5839862,314.5770232,307.8000066,303.2136543,314.6222086,573.5341116,380.9949894,861.098466,596.3007725,411.1774433,871.9156264,22.76666097,30.18245396,10.81716042,167.1,167.1,167.1,133.49,133.49,133.49,0.499392722,0.192031293,0.782873231,0.122903211,0.092698214,0.156207227,0,0,0,0.82331971,0,1.868861538,1.01833033,0,2.31151807,0.296057447,0,0.68337686,265.5446627,75.30301273,554.2005656,269.2687641,76.99665772,555.2357357,167.1,167.1,167.1,133.49,133.49,133.49,0,0,0,1.044074845,0.979535323,1.087766437,0,0,0,6.162101592,2.954892704,9.423020233,7.621650339,3.654785408,11.65494666,2.46129637,1.180257511,3.763788238,272.3742496,84.63568791,547.8252433,272.4824422,85.07421416,547.0496529
MSW,CIP,0.1,0.1,0,307.1524265,302.6804396,314.4300559,307.8442753,303.4198643,314.7124636,569.0605798,387.2645493,846.0951652,597.8915019,418.7967918,871.7548336,28.83092209,31.53224259,25.65966838,167.1,167.1,167.1,133.49,133.49,133.49,0.495215472,0.188546258,0.793550741,0.121630686,0.092302905,0.154166667,0,0,0,1.03181243,0,2.299460066,1.276206412,0,2.844107701,0.381187019,0,0.856640197,260.3160564,77.61307145,539.8714299,264.0501805,82.05178274,540.5850835,167.1,167.1,167.1,133.49,133.49,133.49,0,0,0,1.043706752,0.979122755,1.086431176,0,0,0,8.293541756,4.2215101,12.25408085,10.25794113,5.221412437,15.15656925,3.312646491,1.686175947,4.894584139,267.6777322,84.68008161,539.1147668,266.4120713,85.2541675,540.1115675
MSW,CIP,0.1,0.125,0,307.4246842,302.6249671,314.2645293,308.1930393,303.5297703,314.6302223,580.6782754,386.1825896,860.012479,611.7827017,421.2895626,870.9330252,31.10442636,35.10697299,10.9205462,167.1,167.1,167.1,133.49,133.49,133.49,0.483876639,0.193971502,0.787279561,0.121714121,0.09109053,0.154506461,0,0,0,1.28392261,0.255417673,2.581567525,1.588031137,0.315915628,3.193034829,0.482759018,0.1,1.002271894,271.1599255,75.80298463,549.6886259,274.7598058,77.8914064,553.3830297,167.1,167.1,167.1,133.49,133.49,133.49,0,0,0,1.043280599,0.98125442,1.087701142,0,0,0,10.19204968,4.995840748,14.83431853,12.60612759,6.179150208,18.34795924,4.070957694,1.995462833,5.92519513,275.8911797,89.67415388,531.5442123,273.4618993,86.26254724,529.7516028
MSW,CIP,0.1,0.15,0,307.0182294,302.5293273,314.0804177,308.1388117,303.5941533,315.108496,563.6784981,378.8202685,856.3560833,609.8812838,422.4173851,897.8666538,46.20278563,43.59711657,41.51057054,167.1,167.1,167.1,133.49,133.49,133.49,0.486825287,0.188641936,0.791918667,0.12225728,0.091977099,0.155331913,0,0,0,1.522873914,0.268471741,2.97419981,1.883580189,0.332061668,3.678665574,0.579569277,0.103867706,1.139077154,253.7107997,68.79607768,547.1420018,256.8313449,70.4479184,549.943997,167.1,167.1,167.1,133.49,133.49,133.49,0,0,0,1.044868507,0.984856652,1.090715215,0,0,0,12.35112999,6.473381123,17.417017,15.27660533,8.006659205,21.54239289,4.933347974,2.585629143,6.956789024,268.1355326,79.72247037,550.9045276,263.6509318,72.66959951,547.2797556
MSW,CIP,0.3,0,0,306.8225119,302.4511259,313.2977295,306.9046389,302.5421256,312.6781669,556.4172304,376.9936949,826.6798793,559.5138234,381.4596283,806.6701302,3.096593024,4.465933421,-20.00974907,167.1,167.1,167.1,133.49,133.49,133.49,0.3747891,0.15237883,0.619199582,0.323156039,0.275424012,0.369272681,0,0,0,0.243745153,0,0.794338487,0.301478367,0,0.982484646,0.002161345,0,0.007043583,249.8853343,70.70409011,521.9988272,254.1696182,75.28133364,523.7828572,167.1,167.1,167.1,133.49,133.49,133.49,0,0,0,1.042571842,0.975983183,1.087983733,0,0,0,0,0,0,0,0,0,0,0,0,253.2644072,75.31283875,500.0429737,257.5709039,79.60342742,504.7166558
MSW,CIP,0.3,0.025,0,307.0642797,302.751083,313.352664,307.2514655,302.7039921,314.2744314,566.1164004,388.3687727,810.8933882,573.2503952,388.606842,863.0444259,7.133994792,0.238069274,52.15103777,167.1,167.1,167.1,133.49,133.49,133.49,0.375807608,0.147090793,0.617213524,0.32389586,0.274681998,0.368483838,0,0,0,0.876327667,0,1.959957678,1.083893694,0,2.424191143,0.255134447,0,0.619316564,257.8926462,79.11260825,504.6437817,261.6477963,82.67886928,507.216034,167.1,167.1,167.1,133.49,133.49,133.49,0,0,0,1.043771004,0.979516321,1.089457832,0,0,0,2.134589306,0.584055316,3.816504988,2.64018583,0.72239403,4.72047825,0.852607967,0.233286194,1.524406849,260.9547406,76.43418051,554.9801605,263.7076429,80.00411192,554.2290324
MSW,CIP,0.3,0.05,0,307.3891654,302.6352846,314.5799275,307.6004875,302.8709658,314.4145121,579.2378996,384.1922125,864.4816415,587.9691686,394.4108612,870.1357286,8.731269048,10.2186487,5.654087163,167.1,167.1,167.1,133.49,133.49,133.49,0.37993185,0.148562257,0.616921027,0.323585528,0.277486581,0.368483761,0,0,0,1.500055905,0.266894118,2.925997674,1.855357531,0.330110372,3.619046332,0.509440149,0.101419878,1.059840058,269.1951144,74.76199488,554.5432318,272.4800221,78.89755814,554.8216648,167.1,167.1,167.1,133.49,133.49,133.49,0,0,0,1.042646668,0.97343194,1.087018634,0,0,0,4.085400698,1.73090011,6.796530901,5.053064308,2.140879246,8.406349892,1.631810472,0.691364479,2.714703188,270.0397145,77.1917939,550.6526392,271.5192923,78.67982354,551.7048614
MSW,CIP,0.3,0.075,0,307.1910427,302.8715733,313.7380395,307.611804,303.1721389,313.5801451,571.3699559,393.0679955,839.1467132,588.8474039,404.7460726,840.6647878,17.47744808,11.6780771,1.518074616,167.1,167.1,167.1,133.49,133.49,133.49,0.374825329,0.144556132,0.610962625,0.323698481,0.275801929,0.372996872,0,0,0,2.148575426,0.771089859,3.953891921,2.657484687,0.953729372,4.890406504,0.768425765,0.227041142,1.420401052,259.2658322,80.74766068,523.9257991,262.3239927,82.34843627,525.8228783,167.1,167.1,167.1,133.49,133.49,133.49,0,0,0,1.041073955,0.977326369,1.087214327,0,0,0,6.300413433,2.941796444,9.666458384,7.792722574,3.638587182,11.95604531,2.516541553,1.175026539,3.86102348,264.3183344,84.58170182,512.3889698,264.4871142,83.66027641,521.3014204
MSW,CIP,0.3,0.1,0,307.3011609,302.8406338,313.8659697,307.7870359,303.3232916,313.9731071,575.8250272,391.832473,852.8700619,595.7530927,413.006194,859.6182219,19.92806551,21.17372095,6.748160018,167.1,167.1,167.1,133.49,133.49,133.49,0.378802265,0.146530753,0.609738751,0.325343828,0.278034091,0.371501281,0,0,0,2.813478652,0.977408844,4.965720316,3.479876175,1.208916851,6.141895482,1.040955921,0.309262441,1.892524712,261.9549278,79.34166877,537.8746026,264.3713521,81.39244254,539.3990709,167.1,167.1,167.1,133.49,133.49,133.49,0,0,0,1.043084757,0.973640248,1.089101509,0,0,0,8.257096021,4.137446091,12.03292506,10.21286289,5.117437117,14.88303073,3.29808916,1.652598694,4.806249026,265.6712492,81.62200183,528.7559828,264.388877,80.37589525,527.9394689
MSW,CIP,0.3,0.125,0,307.2442842,302.8082822,313.7112714,307.8893434,303.6586395,314.6515705,573.6493881,393.0371827,836.2851042,600.2510695,421.9163683,869.5502126,26.60168131,28.87918567,33.26510836,167.1,167.1,167.1,133.49,133.49,133.49,0.385514006,0.150342322,0.619320192,0.324934553,0.27522298,0.373986333,0,0,0,3.467733602,1.472207384,5.749544765,4.289097248,1.82091284,7.111375747,1.30260993,0.507053194,2.16964346,257.8566889,76.88881227,517.9897092,259.8285378,77.99229491,524.5570036,167.1,167.1,167.1,133.49,133.49,133.49,0,0,0,1.043149629,0.978808518,1.089360568,0,0,0,10.32500596,5.295443421,14.56274838,12.77057575,6.549716447,18.01206527,4.124063731,2.115131579,5.816723269,264.2793672,86.93625684,533.7698623,261.7975436,81.78734867,532.7127464
MSW,CIP,0.3,0.15,0,307.3670633,302.9746036,314.2889096,308.1931391,303.8524525,314.6525913,578.8198708,396.4496228,856.0724085,611.9782246,431.8996086,876.5805549,33.15835374,35.44998581,20.50814643,167.1,167.1,167.1,133.49,133.49,133.49,0.38158249,0.148495689,0.620171258,0.32293958,0.278069605,0.37155038,0,0,0,4.062659634,1.58389947,6.714755204,5.02493682,1.959060192,8.305204891,1.543262968,0.612182678,2.56935513,261.3171388,80.35619826,540.912305,262.8242674,82.41243734,539.9509642,167.1,167.1,167.1,133.49,133.49,133.49,0,0,0,1.044775565,0.985462041,1.087319679,0,0,0,12.54204441,6.832501043,17.8847718,15.51273954,8.450839883,22.12093958,5.009603933,2.729070556,7.143621903,269.5366499,92.07025297,528.787595,265.5179343,85.32519903,527.4080967
MSW,CIP,0.5,0,0,307.0187945,302.5255654,313.8679333,306.9879476,302.6272403,314.2204528,564.0168348,381.852699,846.8949697,562.8900823,383.7849367,848.9475553,-1.126752491,1.932237738,2.052585582,167.1,167.1,167.1,133.49,133.49,133.49,0.266382811,0.110176925,0.447755175,0.525901134,0.469531389,0.577938662,0,0,0,0.41227554,0,1.109177493,0.509926681,0,1.371896079,0.003655743,0,0.009835333,256.9237045,75.04688944,543.0110256,261.1009622,78.54581997,545.3613137,167.1,167.1,167.1,133.49,133.49,133.49,0,0,0,1.042968852,0.982953008,1.088093543,0,0,0,0,0,0,0,0,0,0,0,0,256.6165024,78.09431214,543.4195963,260.9411214,81.96824843,547.0279567
MSW,CIP,0.5,0.025,0,307.1985091,302.7221499,313.4442146,307.2716619,302.7193793,313.8503685,570.6176908,386.0214061,835.3329645,574.2851321,385.741743,849.2048621,3.667441307,-0.279663063,13.87189759,167.1,167.1,167.1,133.49,133.49,133.49,0.274697837,0.106166366,0.44575382,0.528297392,0.470088047,0.582156203,0,0,0,1.407023955,0.262431866,2.862788948,1.740290134,0.324591195,3.540866055,0.412221711,0.095361765,0.895114583,260.7899113,79.98879899,524.1685835,264.0780012,80.97755113,527.5209299,167.1,167.1,167.1,133.49,133.49,133.49,0,0,0,1.045221482,0.985254443,1.089955481,0,0,0,2.06207173,0.708058494,3.881738812,2.55049182,0.875768466,4.801163287,0.823642647,0.282816142,1.550462858,262.276527,74.900235,538.6080875,265.0192374,77.15325805,539.2176962
MSW,CIP,0.5,0.05,0,307.18039,302.6575961,314.1100077,307.305176,302.910004,313.9893124,570.7160289,383.8111879,857.1764176,576.2350027,395.7299958,853.9996783,5.51897388,11.91880795,-3.176739329,167.1,167.1,167.1,133.49,133.49,133.49,0.27224352,0.105399113,0.447993923,0.52646727,0.474084408,0.579154139,0,0,0,2.497233893,0.75855241,4.511170569,3.088726024,0.938222317,5.579681572,0.841584587,0.210168009,1.520060823,257.6905837,71.3223415,546.0583747,260.337859,73.24897599,551.3038331,167.1,167.1,167.1,133.49,133.49,133.49,0,0,0,1.043714776,0.98008157,1.08914405,0,0,0,4.170103636,1.769692216,6.633158322,5.157829893,2.188859608,8.20428106,1.665642929,0.706859009,2.649448124,258.0058518,78.50217425,534.2315658,259.3922032,78.35479318,534.7347241
MSW,CIP,0.5,0.075,0,307.3269135,302.9431134,314.4507644,307.5677296,303.1713798,314.6515083,576.7498908,398.0735224,855.1918127,585.9967671,405.6191488,871.5014024,9.246876363,7.545626325,16.30958975,167.1,167.1,167.1,133.49,133.49,133.49,0.269372113,0.104029701,0.447734884,0.526458141,0.466137673,0.583347689,0,0,0,3.582668836,1.411561451,5.925076279,4.431255918,1.745902376,7.328483466,1.281455466,0.500978549,2.18351899,260.6127887,83.65939632,544.2365786,262.5897151,85.84179003,542.0933168,167.1,167.1,167.1,133.49,133.49,133.49,0,0,0,1.042291341,0.974569746,1.087312234,0,0,0,6.187906214,2.967509584,9.415279386,7.653567016,3.670390708,11.64537232,2.471603377,1.185297006,3.760696352,261.8704549,78.74320892,544.3391483,262.0208041,78.45199195,548.3960238
MSW,CIP,0.5,0.1,0,307.5144575,302.8696681,314.1082613,307.9030567,303.3363854,314.3951537,584.0635742,394.883143,863.4976347,600.0203107,414.4019767,866.7972249,15.95673645,19.51883375,3.299590195,167.1,167.1,167.1,133.49,133.49,133.49,0.268989061,0.107579165,0.446484665,0.527555351,0.472817357,0.582158243,0,0,0,4.629991961,1.950937913,7.675596243,5.726646871,2.413034967,9.493629704,1.705853549,0.714318586,2.830886443,264.8100865,77.05303283,541.0964266,266.2312867,77.89581701,546.6710555,167.1,167.1,167.1,133.49,133.49,133.49,0,0,0,1.04248838,0.982237966,1.0879962,0,0,0,8.298337585,4.323171157,12.30927676,10.26387289,5.347152822,15.22483879,3.314562065,1.726781897,4.916630754,269.8260287,84.54626326,536.3994645,268.5935138,80.15200886,536.2451265
MSW,CIP,0.5,0.125,0,307.5415637,303.1626228,314.6259962,308.0015684,303.4903926,315.0129709,585.1067343,407.2019333,867.2216029,604.3378412,423.0412229,897.6986499,19.23110691,15.83928965,30.47704699,167.1,167.1,167.1,133.49,133.49,133.49,0.270988026,0.102743015,0.450766484,0.526021823,0.471038358,0.581858151,0,0,0,5.632734566,2.443649856,8.851696565,6.96689801,3.02245013,10.94829988,2.113076315,0.88746567,3.322320423,263.0502788,84.76290298,545.5519464,263.5525,84.43946958,544.0412005,167.1,167.1,167.1,133.49,133.49,133.49,0,0,0,1.042947644,0.976696999,1.09018053,0,0,0,10.36083673,5.055152016,15.15843891,12.81489336,6.252509879,18.74885043,4.138375432,2.019153226,6.05465686,268.2276096,88.13902975,562.0195052,265.4317026,81.90214278,557.619543
MSW,CIP,0.5,0.15,0,307.882747,303.182878,315.1692074,308.4140927,303.7485411,315.3224368,599.5237142,407.3715388,884.5250408,621.0340771,431.1855879,901.2748104,21.51036287,23.81404907,16.74976966,167.1,167.1,167.1,133.49,133.49,133.49,0.272941983,0.105435429,0.449726899,0.526788081,0.471788067,0.580023281,0,0,0,6.765929606,3.215764844,10.39097259,8.368500406,3.977447442,12.85216717,2.569633864,1.224416091,3.947172843,274.3549644,82.24466496,564.6169311,274.0166447,83.90115902,561.7029981,167.1,167.1,167.1,133.49,133.49,133.49,0,0,0,1.043107305,0.976788065,1.090335612,0,0,0,12.48751759,6.452385659,17.81222149,15.44529756,7.980690778,22.03120509,4.98782457,2.577243034,7.114643509,278.8573691,92.9303209,557.575879,274.7550718,85.47228315,553.0236315
MSW,CIP,0.7,0,0,307.2431152,302.5310763,314.2304517,307.1980713,302.57431,314.5958767,572.8779639,379.2911849,861.6931297,571.7912753,381.5907814,869.2779257,-1.086688608,2.29959645,7.584795983,167.1,167.1,167.1,133.49,133.49,133.49,0.165859989,0.065771337,0.275004333,0.72882575,0.666426083,0.78424236,0,0,0,0.580598563,0,1.571545171,0.718118513,0,1.943779667,0.005148302,0,0.013935254,265.4412689,72.07768448,556.2509336,269.3493961,76.02492463,557.6063217,167.1,167.1,167.1,133.49,133.49,133.49,0,0,0,1.042401719,0.977973322,1.088024001,0,0,0,0,0,0,0,0,0,0,0,0,265.6253841,74.47686509,562.4081691,269.843291,79.79456163,567.3302496
MSW,CIP,0.7,0.025,0,306.9533228,302.7615084,313.3196484,307.0410597,302.7546454,313.4251112,561.8968079,390.8038761,821.2716992,564.9199278,389.8906031,832.579165,3.023119849,-0.913272989,11.30746578,167.1,167.1,167.1,133.49,133.49,133.49,0.167201818,0.06446485,0.280987304,0.728597501,0.66854039,0.782160478,0,0,0,2.031651094,0.524781722,3.801204895,2.512865784,0.649080955,4.701554193,0.592775267,0.109632308,1.187467272,250.2294816,78.60005607,507.7096831,253.1654058,80.47358147,511.7835356,167.1,167.1,167.1,133.49,133.49,133.49,0,0,0,1.043043771,0.979119089,1.088522633,0,0,0,2.065479781,0.730138254,3.887804541,2.554707098,0.903078014,4.808665738,0.825003907,0.291635347,1.552885661,252.8503053,78.71846368,521.0276247,255.6141317,81.65496506,524.4351665
MSW,CIP,0.7,0.05,0,307.3184763,302.9215988,314.0522794,307.4011809,302.9811501,314.5378841,575.9918769,395.9605411,857.2985605,579.6751151,400.3411282,869.3378631,3.683238153,4.38058706,12.03930263,167.1,167.1,167.1,133.49,133.49,133.49,0.166565196,0.064538309,0.274294512,0.728675929,0.664627382,0.786357231,0,0,0,3.520640969,1.581138005,5.750300464,4.354536197,1.955644651,7.11231044,1.192529828,0.498146361,2.02316751,260.1358069,80.02033621,544.5822173,261.990838,81.64152079,545.3142368,167.1,167.1,167.1,133.49,133.49,133.49,0,0,0,1.044917693,0.979811855,1.089818182,0,0,0,4.192225924,1.844468445,6.752799092,5.185192043,2.281347255,8.352259813,1.67447912,0.736726492,2.697235617,261.590174,84.32118194,551.0131328,262.9691916,84.99208519,555.1192733
MSW,CIP,0.7,0.075,0,307.5108332,303.0265665,314.3447026,307.6481501,303.1586011,313.8386511,584.1775103,400.8969003,863.0339546,589.3418104,406.3042412,853.6297209,5.164300104,5.407340885,-9.40423367,167.1,167.1,167.1,133.49,133.49,133.49,0.164827649,0.064022903,0.27455021,0.727976523,0.669283082,0.782005655,0,0,0,4.938170787,2.213182246,7.970625319,6.107820602,2.73739421,9.858539048,1.771180851,0.78487457,2.873565162,264.0725686,80.94918726,541.363024,265.2149283,81.30494749,544.9389201,167.1,167.1,167.1,133.49,133.49,133.49,0,0,0,1.041643387,0.978117686,1.084827327,0,0,0,6.23320179,2.973130289,9.49948743,7.709591254,3.677342728,11.74952579,2.489695554,1.187542055,3.794331135,265.0489111,82.41350716,528.4704987,265.1204176,79.72547242,530.7118129
MSW,CIP,0.7,0.1,0,307.7881307,303.3775737,314.315475,307.9364496,303.4233899,314.7108719,595.1829057,415.6012314,864.0078958,601.8762448,413.8459028,873.882753,6.693339116,-1.75532866,9.874857193,167.1,167.1,167.1,133.49,133.49,133.49,0.170077577,0.066684647,0.282832663,0.729224447,0.668177829,0.787604338,0,0,0,6.385735179,2.838409752,9.876797706,7.898253537,3.510712429,12.21620538,2.340982502,1.040051091,3.655819937,270.9725237,91.22399942,544.8684477,270.8085928,89.03213978,544.5773653,167.1,167.1,167.1,133.49,133.49,133.49,0,0,0,1.045715897,0.988263772,1.089483386,0,0,0,8.271932981,3.927182952,12.37555261,10.23121412,4.857371277,15.30681267,3.30401541,1.568614376,4.943102975,271.8815133,81.0368051,549.1477432,270.3172789,82.05874143,555.6008776
MSW,CIP,0.7,0.125,0,307.6084827,303.2988558,314.1079905,307.8848663,303.5635481,314.2751189,587.7376242,410.7578656,846.8870091,599.4877547,424.2113158,855.2362335,11.75013048,13.45345017,8.349224476,167.1,167.1,167.1,133.49,133.49,133.49,0.166929617,0.063338162,0.277665826,0.728602506,0.667395107,0.783420914,0,0,0,7.806673907,3.978072723,11.62833507,9.655754282,4.920314745,14.38261,2.927186933,1.496491836,4.413475424,259.2944243,82.79685093,522.5165134,258.4610178,79.77543136,526.1908187,167.1,167.1,167.1,133.49,133.49,133.49,0,0,0,1.042269366,0.976776199,1.088322421,0,0,0,10.25720952,5.24859803,15.18981925,12.68672112,6.491775308,18.78766347,4.096984149,2.096420367,6.067190943,263.5214584,87.2473903,516.2619161,260.9646497,85.89636456,512.8292496
MSW,CIP,0.7,0.15,0,307.9013866,303.3231642,314.9061162,308.182209,303.8023583,314.8345362,600.1338177,409.6520545,882.7481089,611.5068835,434.322064,889.1111578,11.37306577,24.67000947,6.36304887,167.1,167.1,167.1,133.49,133.49,133.49,0.167096736,0.064326409,0.274242594,0.728664485,0.665988833,0.784738911,0,0,0,9.339826429,4.408562345,13.88312472,11.55204766,5.452769674,17.17146669,3.536737878,1.685366371,5.207119194,267.3757244,79.08207751,551.013909,265.4583287,77.06221587,547.9505586,167.1,167.1,167.1,133.49,133.49,133.49,0,0,0,1.042288027,0.974525949,1.087705582,0,0,0,12.4226627,5.984503873,17.80465334,15.36508121,7.401987016,22.02184436,4.961919914,2.390359432,7.111620603,269.4619898,92.64844709,547.7165406,265.4351555,86.70011687,541.83331
MSW,CIP+CRO,0.1,0,0,307.097952,302.7244755,313.7270906,307.0720221,302.6451122,313.9528725,567.2090787,387.7134983,846.4951608,566.8861183,385.4920659,840.0501864,-0.322960329,-2.221432406,-6.444974365,167.1,167.1,167.1,133.49,133.49,133.49,0.489637459,0.189539654,0.784496971,0.119736299,0.089231635,0.153192861,0.111863332,0,0.384746589,0.080501355,0,0.506905048,0.099568819,0,0.626970032,7.14E-04,0,0.004494844,261.1466269,83.31093352,540.9317264,265.4427569,86.02055034,545.2812122,167.1,167.1,167.1,133.49,133.49,133.49,0,0,0,1.044224819,0.979915511,1.087346939,0,0,0,0,0,0,0,0,0,0,0,0,260.7425117,78.92736022,536.7187699,264.9372952,83.63680087,538.0644956
MSW,CIP+CRO,0.1,0.025,0,306.9466297,302.6977895,313.6924734,307.1236567,302.7673777,313.9580488,560.648201,387.3917153,824.7917231,567.9173798,387.050236,837.2549908,7.26917875,-0.341479354,12.46326761,167.1,167.1,167.1,133.49,133.49,133.49,0.482178037,0.195347901,0.787324518,0.116356259,0.087016219,0.148007269,0.239300768,0,0.587112927,0.086266488,0,0.509924182,0.106699475,0,0.630704275,0.002479391,0,0.004983948,254.4552788,80.11273139,520.2483661,258.7077794,85.66974356,523.1038045,167.1,167.1,167.1,133.49,133.49,133.49,0,0,0,1.043447457,0.97939799,1.089363734,0,0,0,2.073290606,0.73520239,3.89584563,2.564367986,0.909341636,4.81861143,0.828123744,0.293658088,1.556097472,255.7825188,76.74650603,525.4512124,258.6553444,79.15292553,527.0691423
MSW,CIP+CRO,0.1,0.05,0,307.0961864,302.5568532,313.8403151,307.4463959,302.9903354,314.130908,566.5817206,379.8831078,827.6788892,581.214132,400.2350996,854.4122352,14.63241146,20.35199181,26.733346,167.1,167.1,167.1,133.49,133.49,133.49,0.486234147,0.19479036,0.786471153,0.113618397,0.083853764,0.144016992,0.371928781,0,0.793849604,0.094039053,0,0.502781602,0.116313042,0,0.621869911,0.004657029,0,0.101832994,260.2420844,72.4034944,524.0837771,264.4364481,77.77738044,525.7937721,167.1,167.1,167.1,133.49,133.49,133.49,0,0,0,1.043682182,0.983250336,1.087411545,0,0,0,4.04774101,1.571215062,6.793347419,5.006484587,1.943371369,8.402412373,1.616768258,0.627582306,2.713431626,263.2935158,85.29899605,532.4836697,264.8985493,83.47442501,538.7019074
MSW,CIP+CRO,0.1,0.075,0,306.8433878,302.661052,313.2855205,307.393326,302.9474214,314.2582036,556.0264076,386.7985928,820.6488759,579.1311273,398.0562944,849.7040638,23.10471969,11.25770157,29.05518787,167.1,167.1,167.1,133.49,133.49,133.49,0.478667407,0.193261356,0.785315617,0.110777048,0.082900273,0.141759565,0.510109122,0.102870117,1.016311907,0.091495511,0,0.520553292,0.113167039,0,0.643850985,0.007385987,0,0.103316501,249.6387101,81.00267627,515.7501626,253.7104923,84.81565311,519.3150628,167.1,167.1,167.1,133.49,133.49,133.49,0,0,0,1.044902266,0.981402818,1.088702745,0,0,0,6.11545879,2.917317634,9.334353036,7.563959773,3.608310347,11.54527784,2.442666077,1.165249095,3.728372358,255.3396129,77.13869369,523.5905233,255.479659,76.19616038,523.3669049
MSW,CIP+CRO,0.1,0.1,0,306.8204777,302.6030912,313.3477231,307.6150929,303.2822742,314.3154658,555.5919746,384.2142067,833.1272376,588.7349157,412.0384546,861.5704333,33.14294112,27.82424789,28.4431957,167.1,167.1,167.1,133.49,133.49,133.49,0.485253249,0.190837091,0.783586102,0.107421734,0.08115992,0.138162182,0.634762523,0.198010018,1.190654405,0.087124309,0,0.515170587,0.107760479,0,0.637193337,0.006774414,0,0.104389593,249.1044456,78.12952556,526.8408489,253.1375426,81.43827881,531.5420196,167.1,167.1,167.1,133.49,133.49,133.49,0,0,0,1.044484902,0.983508414,1.086590932,0,0,0,8.220120481,4.144853103,12.06562671,10.16712937,5.126598546,14.92347806,3.283320211,1.655557239,4.819310876,258.8096361,81.57327266,529.0715872,257.4352069,79.61336783,532.5483085
MSW,CIP+CRO,0.1,0.125,0,306.9893501,302.5760927,313.9595611,307.9389975,303.4319406,314.8905829,562.8074048,382.4659181,845.4440925,602.8634427,416.1959196,888.438494,40.05603795,33.7300015,42.99440155,167.1,167.1,167.1,133.49,133.49,133.49,0.490264079,0.190528534,0.782918225,0.105010631,0.077081285,0.137078241,0.769532495,0.28957529,1.332075605,0.101000521,0,0.519446084,0.124923395,0,0.642481524,0.011101109,0,0.105499035,256.1430886,76.54601279,537.1755049,260.1247267,79.94567613,541.8956828,167.1,167.1,167.1,133.49,133.49,133.49,0,0,0,1.042331956,0.980092505,1.088140283,0,0,0,10.26138774,4.973307245,14.94686567,12.69188899,6.151279443,18.48716418,4.098653037,1.986462392,5.970149254,267.0032971,82.55228275,542.017727,264.2058983,75.44161222,550.1714873
MSW,CIP+CRO,0.1,0.15,0,307.021229,302.5664531,313.3922685,308.174891,303.7316298,314.6849773,563.8804019,380.5955791,828.7676761,610.8012789,433.7382768,875.7927874,46.92087696,53.14269772,47.02511131,167.1,167.1,167.1,133.49,133.49,133.49,0.48240531,0.186942961,0.786432506,0.102845544,0.075366501,0.133766409,0.924691246,0.399201597,1.578065499,0.100812097,0,0.52491898,0.124690342,0,0.649250725,0.011027392,0,0.105714095,256.9132656,73.57485522,523.5858772,261.0011434,77.91356812,526.6599121,167.1,167.1,167.1,133.49,133.49,133.49,0,0,0,1.042962227,0.981999661,1.087265305,0,0,0,12.53483213,6.637796707,17.99223051,15.50381897,8.210018087,22.25385085,5.006723169,2.65130081,7.18654358,268.4205687,89.94302796,528.2011519,264.2815978,82.18690245,526.5191639
MSW,CIP+CRO,0.3,0,0,307.0164222,302.4204143,313.9963527,306.9198753,302.5605836,313.2084941,564.0880766,376.8276767,852.2546426,560.5489136,381.7801339,824.8158124,-3.53916295,4.952457198,-27.43883022,167.1,167.1,167.1,133.49,133.49,133.49,0.386431835,0.147174942,0.618727489,0.317482346,0.267686034,0.366961451,0.305150334,0,0.693172853,0.25818211,0,0.799063868,0.319334847,0,0.988329276,0.00228936,0,0.007085484,257.2149475,72.25282902,543.1220019,261.3573332,73.10254693,550.0183952,167.1,167.1,167.1,133.49,133.49,133.49,0,0,0,1.042492665,0.974621508,1.0878,0,0,0,0,0,0,0,0,0,0,0,0,254.2812647,75.5180238,517.8875049,258.600322,79.84135694,522.9095477
MSW,CIP+CRO,0.3,0.025,0,307.0222419,302.4295338,313.4951749,307.1810677,302.6616654,313.7206005,564.4131777,374.5336768,826.1177406,570.7756578,384.3072056,837.392106,6.362480095,9.773528801,11.27436545,167.1,167.1,167.1,133.49,133.49,133.49,0.379231287,0.145952883,0.622186303,0.311165435,0.265699194,0.359143039,0.656680794,0.207017993,1.185888387,0.263058828,0,0.812945497,0.325366659,0,1.005498892,0.006306593,0,0.101425032,257.2032446,70.78964356,519.9022751,261.2772865,72.25541996,522.496618,167.1,167.1,167.1,133.49,133.49,133.49,0,0,0,1.044166685,0.983650579,1.087674236,0,0,0,2.089706014,0.688007997,3.793525304,2.58467153,0.85096883,4.692055622,0.834680466,0.274807476,1.515228193,258.5402677,72.47403167,527.6597345,261.4106407,74.1617643,527.7928502
MSW,CIP+CRO,0.3,0.05,0,307.0951522,302.6296755,313.9420821,307.3996688,302.9335431,314.1818158,567.7649926,384.6568861,861.9351138,579.9912015,398.9540834,850.9776839,12.22620898,14.29719734,-10.95742994,167.1,167.1,167.1,133.49,133.49,133.49,0.388459988,0.148332974,0.62230429,0.302792868,0.252959989,0.348189474,0.984880202,0.398250137,1.637599327,0.267884163,0,0.829052475,0.331334917,0,1.025420951,0.013638389,0,0.109942193,260.1338571,76.17538746,554.3279448,264.1374978,81.16182229,557.9795343,167.1,167.1,167.1,133.49,133.49,133.49,0,0,0,1.042125723,0.987100839,1.088023047,0,0,0,4.106970752,1.632257035,6.467412184,5.079743422,2.018871678,7.99927647,1.640426087,0.651963986,2.583245001,261.8320689,79.53323873,529.9829361,263.1971831,82.08703425,532.7974361
MSW,CIP+CRO,0.3,0.075,0,307.2240967,302.7625479,314.0839864,307.8383502,303.154632,314.5045905,572.1687169,389.1156738,850.0142555,597.3443819,406.4840694,866.394508,25.17566497,17.36839558,16.38025246,167.1,167.1,167.1,133.49,133.49,133.49,0.370962518,0.148373443,0.61244526,0.294936036,0.250559624,0.345341447,1.365196077,0.680900797,2.113104591,0.272002935,0,1.005563204,0.336429257,0,1.243739822,0.015738265,0,0.110633632,264.4267008,79.50825822,539.6894334,268.0671135,84.76866075,546.6181177,167.1,167.1,167.1,133.49,133.49,133.49,0,0,0,1.044080174,0.982709138,1.088492509,0,0,0,6.20722924,3.05947691,9.671105973,7.677466874,3.784141316,11.96179372,2.479321473,1.222031039,3.862879842,273.3850427,83.99837478,541.3198122,273.3724434,82.46902671,544.005353
MSW,CIP+CRO,0.3,0.1,0,307.0246679,302.5855698,313.7346504,307.7009443,303.278173,314.0766752,563.746763,382.2401049,837.1412208,591.8095228,411.8100521,856.0192125,28.0627598,29.56994718,18.87799171,167.1,167.1,167.1,133.49,133.49,133.49,0.378502369,0.149081254,0.611860461,0.286771114,0.241496283,0.333012171,1.740647319,0.988093568,2.524517875,0.269427916,0,0.947231212,0.333244322,0,1.171591377,0.02359726,0,0.112544841,255.6162843,75.62158534,525.6064439,259.1711506,78.09570558,531.5180682,167.1,167.1,167.1,133.49,133.49,133.49,0,0,0,1.044347058,0.979643378,1.086337209,0,0,0,8.370089782,4.153656635,12.36123007,10.35262023,5.137487272,15.28909771,3.343221674,1.659073588,4.937382196,261.5881605,82.93667885,525.2870378,260.0771211,78.18835566,528.4870745
MSW,CIP+CRO,0.3,0.125,0,307.1514463,302.7078381,313.739364,307.9708909,303.5343884,314.8416956,569.8548214,387.3743801,838.4916591,602.9192273,419.9444118,873.0487123,33.06440597,32.57003166,34.5570532,167.1,167.1,167.1,133.49,133.49,133.49,0.378983135,0.148917677,0.608891536,0.278521075,0.235285134,0.322832763,2.080715119,1.241606088,2.988243308,0.271612048,0,0.805879828,0.335945785,0,0.996759657,0.027842127,0,0.197238659,261.4360005,80.25295073,525.7630815,264.8557571,83.58494053,532.9424274,167.1,167.1,167.1,133.49,133.49,133.49,0,0,0,1.045361435,0.986394889,1.089111125,0,0,0,10.39750073,5.054671802,14.89126931,12.86024156,6.251915922,18.41839932,4.153019943,2.018961416,5.947942686,266.8546389,84.19309865,536.8606427,264.0561838,79.94197502,534.6314042
MSW,CIP+CRO,0.3,0.15,0,307.2314662,302.5503847,313.5158097,308.2876776,303.7358622,314.9799094,572.3383448,380.4459608,836.5010993,615.9842112,430.2240302,891.2941281,43.64586647,49.77806941,54.79302878,167.1,167.1,167.1,133.49,133.49,133.49,0.381950317,0.146100879,0.616405477,0.271090682,0.228656735,0.31126055,2.420287727,1.536806673,3.361344538,0.285447095,0,0.816391304,0.353057787,0,1.00976087,0.031846618,0,0.205370628,263.4031119,69.88653571,526.9751491,266.8091224,74.66902869,531.8397369,167.1,167.1,167.1,133.49,133.49,133.49,0,0,0,1.043205204,0.980082136,1.088283551,0,0,0,12.40134402,6.968770677,17.957299,15.338713,8.619386195,22.21064551,4.953404703,2.783500031,7.172591069,273.9379239,88.65495959,546.551936,269.6780391,82.12969987,548.6869161
MSW,CIP+CRO,0.5,0,0,307.1933581,302.5057025,313.742488,307.1146803,302.6439018,313.5708594,570.7995917,382.2491421,842.6666764,568.302978,384.0149387,838.0054616,-2.496613724,1.765796672,-4.661214786,167.1,167.1,167.1,133.49,133.49,133.49,0.266017548,0.104362717,0.4468176,0.517560554,0.461260202,0.572251912,0.461613979,0.102244272,0.909136916,0.416379892,0,1.172528911,0.515003184,0,1.450252846,0.003692137,0,0.010397085,263.3511897,75.54061937,535.4497603,267.2924327,77.93207021,540.2047905,167.1,167.1,167.1,133.49,133.49,133.49,0,0,0,1.043068099,0.981353384,1.088830362,0,0,0,0,0,0,0,0,0,0,0,0,262.0677148,79.96686677,533.1582894,266.3549466,81.98096372,536.1322543
MSW,CIP+CRO,0.5,0.025,0,306.9633671,302.6091816,313.5607442,307.0665746,302.6953906,313.5090394,561.8795373,385.0420618,834.1677108,566.5566188,388.283698,825.0740064,4.677081522,3.241636249,-9.093704422,167.1,167.1,167.1,133.49,133.49,133.49,0.271368251,0.104389239,0.448772835,0.50188158,0.445282379,0.553911217,1.044832608,0.428129711,1.738241309,0.418794695,0,1.174857762,0.517989956,0,1.453133307,0.011687561,0,0.107314662,253.6088505,76.29517359,522.6387115,257.6194433,81.17181266,530.624874,167.1,167.1,167.1,133.49,133.49,133.49,0,0,0,1.041163622,0.97490497,1.086444168,0,0,0,2.051334922,0.746380378,3.74150552,2.537211902,0.92316723,4.627714489,0.819354099,0.298122854,1.4944502,254.1748598,74.41438056,515.0424904,257.3358348,77.80106143,518.4228848
MSW,CIP+CRO,0.5,0.05,0,307.1518869,302.5733967,314.0278792,307.4298835,303.0933495,314.0070389,569.2824451,383.4678869,842.726753,581.4003559,402.9127781,852.6955948,12.1179108,19.44489114,9.968841843,167.1,167.1,167.1,133.49,133.49,133.49,0.280654867,0.105020563,0.446929524,0.49001039,0.436067416,0.544828939,1.639641067,0.923746119,2.436924553,0.428617095,0,1.267068298,0.530138878,0,1.567184731,0.018734948,0,0.113536945,260.6469364,74.01639682,537.0440379,264.2135883,77.57028065,538.9997317,167.1,167.1,167.1,133.49,133.49,133.49,0,0,0,1.043381665,0.980368347,1.089904402,0,0,0,4.150672423,1.731710629,6.819143969,5.133796223,2.141881744,8.434319066,1.65788162,0.691688221,2.723735409,263.2141123,87.06091013,535.111504,264.7543462,86.43919333,536.5025927
MSW,CIP+CRO,0.5,0.075,0,307.2757552,302.7604765,314.2344043,307.7498715,303.1636851,314.543591,574.0825891,388.132449,854.9659477,594.0550187,407.3345968,867.7919652,19.97242959,19.20214776,12.82601756,167.1,167.1,167.1,133.49,133.49,133.49,0.273735347,0.106630398,0.447103606,0.477778545,0.424475096,0.531922046,2.176493755,1.292198422,3.048935721,0.436359307,0,1.259419612,0.539714903,0,1.557724386,0.028845149,0,0.192960649,264.9825755,79.49181304,547.0610786,268.2918613,82.74490796,549.8068888,167.1,167.1,167.1,133.49,133.49,133.49,0,0,0,1.043474264,0.974077979,1.087769631,0,0,0,6.164569122,2.791566003,9.472182572,7.624702326,3.45277332,11.71575354,2.462281963,1.115020771,3.783424897,270.1739492,85.23896958,543.6056961,270.2713638,80.74347239,545.9255344
MSW,CIP+CRO,0.5,0.1,0,306.9332358,302.7326556,313.5160483,307.6229139,303.3300951,313.6845346,560.5679644,388.077373,819.474681,588.646816,414.5261663,835.9865401,28.07885159,26.4487934,16.51185909,167.1,167.1,167.1,133.49,133.49,133.49,0.264839617,0.105304621,0.442613672,0.465016371,0.411346895,0.51889199,2.768180527,1.851761781,3.83025749,0.458716075,0,1.267393497,0.56736707,0,1.567586955,0.034894975,0,0.204215249,250.7260048,76.51722666,511.0587484,254.0014765,82.04372246,514.8564892,167.1,167.1,167.1,133.49,133.49,133.49,0,0,0,1.043521806,0.978102312,1.086112608,0,0,0,8.406993166,4.045612851,12.40770925,10.39826451,5.003852355,15.3465859,3.357961801,1.615918218,4.955947137,258.1626783,82.82793924,506.3966802,256.9643273,79.77600768,508.8605417
MSW,CIP+CRO,0.5,0.125,0,307.1318575,302.7225369,314.0599543,308.0299635,303.533808,315.3168535,569.1873805,389.2058,852.1769904,605.2766182,422.1115358,902.5406387,36.08923767,32.90573581,50.36364833,167.1,167.1,167.1,133.49,133.49,133.49,0.268301277,0.105186369,0.443734964,0.453231409,0.396420347,0.511772156,3.347654531,2.315476311,4.574876842,0.473701564,0,1.285348102,0.585902007,0,1.58979427,0.045643364,0,0.216081855,258.799291,79.0333141,543.8426312,261.8049006,81.97254935,546.0152695,167.1,167.1,167.1,133.49,133.49,133.49,0,0,0,1.044964785,0.981746005,1.087216601,0,0,0,10.29248061,5.385208581,15.23488844,12.73034648,6.660743286,18.84340771,4.111072298,2.150986012,6.085192698,269.4614154,87.96365209,561.683677,266.8361829,86.62892622,565.2665415
MSW,CIP+CRO,0.5,0.15,0,307.142237,302.6675151,313.8683954,308.1581498,303.6921013,314.9518698,568.4296198,386.6027162,840.6905163,611.2526407,429.1461464,881.527963,42.82302088,42.54343013,40.8374467,167.1,167.1,167.1,133.49,133.49,133.49,0.273243784,0.107508281,0.448157901,0.439601068,0.387472768,0.492124968,3.916594709,2.788969238,5.138828791,0.45307004,0,1.272219245,0.560383721,0,1.573555726,0.050657857,0,0.216534129,257.4946099,73.79406093,530.31699,260.3854794,77.68310309,532.2425059,167.1,167.1,167.1,133.49,133.49,133.49,0,0,0,1.041983197,0.975573812,1.08892516,0,0,0,12.31658684,6.06924978,17.6574965,15.23388033,7.506805747,21.83983211,4.919550583,2.424209051,7.052842507,269.3747057,83.63304894,536.3524593,265.2690351,74.86597825,533.1743278
MSW,CIP+CRO,0.7,0,0,307.0555452,302.5474576,313.6335336,306.9341728,302.4032397,313.052363,564.7451671,380.0560747,837.8209625,560.6272448,377.3922282,818.6402842,-4.117922309,-2.663846425,-19.18067831,167.1,167.1,167.1,133.49,133.49,133.49,0.166528586,0.06534189,0.276354974,0.715526701,0.655115779,0.769635806,0.651168437,0.204040321,1.222278912,0.597119942,0,1.558338252,0.738553129,0,1.927444572,0.005294801,0,0.013818146,256.730092,74.69433251,526.9432018,260.3108892,75.4170681,532.9530491,167.1,167.1,167.1,133.49,133.49,133.49,0,0,0,1.043061031,0.980105777,1.087071978,0,0,0,0,0,0,0,0,0,0,0,0,254.5513873,69.00652192,514.1080506,258.6771965,75.27679092,516.6146894
MSW,CIP+CRO,0.7,0.025,0,307.2955761,302.7471802,313.7655254,307.3634927,302.8759337,313.7628828,575.3955447,389.9687314,836.7944633,578.7025448,395.3640222,846.7564531,3.307000121,5.395290766,9.96198977,167.1,167.1,167.1,133.49,133.49,133.49,0.167645144,0.064346357,0.275515763,0.697269355,0.638426838,0.752309623,1.47129954,0.775087081,2.258197265,0.608040477,0,1.502310819,0.752060289,0,1.858146542,0.015539196,0,0.112583305,266.5022749,81.60824379,531.3014486,269.9022597,85.26062488,533.3179723,167.1,167.1,167.1,133.49,133.49,133.49,0,0,0,1.043891864,0.982201527,1.090449227,0,0,0,2.088196158,0.534760175,3.859299931,2.582804051,0.661422895,4.773409557,0.834077392,0.213596491,1.541500212,266.600836,81.40691195,535.0839089,269.408348,87.65371064,539.0641328
MSW,CIP+CRO,0.7,0.05,0,307.1255622,302.7862063,313.8045532,307.3515945,302.9821479,313.5603002,568.6950777,391.3099855,847.170191,577.9179147,398.6701177,831.2456044,9.222837088,7.36013226,-15.92458665,167.1,167.1,167.1,133.49,133.49,133.49,0.167297236,0.064390207,0.270667556,0.680148552,0.62277949,0.735435518,2.24565505,1.345755694,3.244429889,0.603324553,0,1.536029606,0.746227357,0,1.899851925,0.025408487,0,0.117878104,259.0048687,80.35779657,539.5127446,262.1796909,83.07898053,541.9488295,167.1,167.1,167.1,133.49,133.49,133.49,0,0,0,1.044122905,0.982583848,1.087666868,0,0,0,4.151148272,1.762995366,6.780098185,5.134384782,2.180576549,8.38602494,1.658071686,0.704184121,2.708139553,259.769555,81.72139857,515.217513,261.1885973,82.70967814,517.9278574
MSW,CIP+CRO,0.7,0.075,0,307.1562908,302.5555266,313.9633922,307.7294765,303.1338606,314.5477864,569.621427,382.4044079,840.4096771,592.717451,402.7101117,866.0241425,23.09602398,20.30570384,25.61446541,167.1,167.1,167.1,133.49,133.49,133.49,0.165825957,0.06492327,0.276121236,0.659939409,0.601145656,0.715931628,3.018518861,2.043594624,4.142195978,0.606268331,0,1.467096944,0.749868396,0,1.814591946,0.036493935,0,0.202229279,259.0339368,72.70964644,526.9617961,262.1565076,75.61888424,531.9436757,167.1,167.1,167.1,133.49,133.49,133.49,0,0,0,1.042344934,0.976890244,1.087210881,0,0,0,6.147668241,2.850596363,9.552440266,7.60379832,3.525785548,11.81502098,2.455531331,1.138598963,3.815481813,268.653878,80.73023472,541.1719865,268.9185718,81.09169346,544.8335286
MSW,CIP+CRO,0.7,0.1,0,307.2114264,302.8283558,313.918666,307.8888783,303.3543488,314.9683635,572.0039406,391.6364303,857.1928051,599.6540824,415.3183254,888.2390817,27.6501418,23.68189511,31.04627659,167.1,167.1,167.1,133.49,133.49,133.49,0.166900226,0.064989642,0.271875523,0.644062526,0.584073118,0.695940582,3.869754143,2.777629709,5.083175307,0.638508314,0,1.605392857,0.789744706,0,1.985644481,0.050651029,0,0.217500955,260.5702912,78.87394795,543.2514529,263.2911059,83.31356963,547.3581977,167.1,167.1,167.1,133.49,133.49,133.49,0,0,0,1.043860726,0.979900236,1.0878,0,0,0,8.31906313,3.836882391,12.29706329,10.28950746,4.745682223,15.20973246,3.322840362,1.53254609,4.911752391,269.5128696,85.68691203,561.1792212,268.2078379,81.84377968,563.5401054
MSW,CIP+CRO,0.7,0.125,0,307.1436664,302.8074323,313.6453652,307.9682711,303.5192768,314.8090244,568.8663038,394.1988746,835.7969863,602.7636425,419.5344198,868.5026879,33.8973387,25.33554522,32.70570163,167.1,167.1,167.1,133.49,133.49,133.49,0.165500676,0.065549127,0.275263091,0.627636668,0.570724026,0.682547261,4.603092472,3.319566157,5.992150652,0.644293282,0,1.608568315,0.796899895,0,1.989572074,0.057148824,0,0.218048982,256.6796617,80.40690677,521.6179097,259.2600985,84.26959868,525.9381625,167.1,167.1,167.1,133.49,133.49,133.49,0,0,0,1.044685377,0.984580344,1.089148368,0,0,0,10.42523239,5.360456299,15.16555803,12.89454171,6.630128206,18.75765577,4.164096658,2.141099337,6.057500409,266.5029123,83.35685358,532.4216734,263.5746598,80.70607018,531.5260028
MSW,CIP+CRO,0.7,0.15,0,307.4154311,303.0458517,314.3717606,308.3066467,303.919639,314.5297741,580.6591364,403.4106165,853.2818031,616.6605779,439.5118862,860.1457584,36.00144145,36.10126971,6.863955322,167.1,167.1,167.1,133.49,133.49,133.49,0.165946013,0.064343062,0.278422112,0.608780658,0.554972194,0.666492371,5.423153526,4.064834512,6.827845269,0.654176425,0,1.581812321,0.809123948,0,1.956478684,0.075776149,0,0.303444006,267.7399382,88.50534373,541.1613902,269.9278676,92.57526282,542.0744228,167.1,167.1,167.1,133.49,133.49,133.49,0,0,0,1.043607317,0.976883733,1.08940549,0,0,0,12.39325306,6.368528467,17.52584526,15.32870563,7.876971261,21.67699809,4.950172974,2.543748389,7.000257732,274.790591,97.5934213,519.0047171,270.7876237,92.08735034,520.2870161
MSW,CIP+CRO+NDA,0.1,0,0,307.0456162,302.6624588,313.5533786,307.1496623,302.5751036,313.9473851,565.910784,384.3406139,831.8088345,568.7337946,380.3911289,848.1611914,2.823010567,-3.949484956,16.35235697,167.1,167.1,167.1,133.49,133.49,133.49,0.489049798,0.194774511,0.787117273,0.120137173,0.091012242,0.150774442,0.102951002,0,0.324692932,0.083681627,0,0.510964897,0.103502367,0,0.631991492,0.003320693,0,0.010959182,259.9161896,79.19805017,523.2187733,264.1428188,82.92778283,530.1839842,167.1,167.1,167.1,133.49,133.49,133.49,0,0,0,1.045005412,0.979903581,1.088706087,0,0,0,0,0,0,0,0,0,0,0,0,262.6316731,75.11514151,543.820494,266.7872922,78.33894398,546.1657481
MSW,CIP+CRO+NDA,0.1,0.025,0,306.9128931,302.499286,313.32147,307.1511823,302.8447693,314.0996461,559.4610387,381.1778873,823.621666,569.4650155,393.2930022,844.0976509,10.00397685,12.11511487,20.47598493,167.1,167.1,167.1,133.49,133.49,133.49,0.492660296,0.190285094,0.793805996,0.116209921,0.084357833,0.147856561,0.239119285,0,0.553314855,0.087590073,0,0.516259623,0.108336563,0,0.638540321,0.007261427,0,0.104521504,253.1804199,74.65836144,517.336736,257.4620317,77.9623363,522.1824686,167.1,167.1,167.1,133.49,133.49,133.49,0,0,0,1.040882739,0.980072221,1.084630832,0,0,0,2.082226478,0.752435551,3.903945524,2.5754204,0.930656625,4.828629856,0.831692953,0.300541441,1.55933277,257.1554271,79.30934988,536.1012212,260.1102402,85.27379304,539.0859615
MSW,CIP+CRO+NDA,0.1,0.05,0,306.900397,302.7193481,313.9884215,307.2908372,302.8959841,314.1554868,559.3945149,390.0446819,848.4799181,574.382373,396.518844,842.7476205,14.98785814,6.474162188,-5.732297674,167.1,167.1,167.1,133.49,133.49,133.49,0.486324073,0.186207364,0.777799706,0.113211302,0.083725195,0.144991636,0.373395857,0.095602294,0.776221356,0.093853638,0,0.517272727,0.11608371,0,0.639793388,0.013527381,0,0.108288298,253.0289926,82.53676818,544.6587366,257.2348499,88.54665205,546.2441611,167.1,167.1,167.1,133.49,133.49,133.49,0,0,0,1.043025928,0.981327103,1.088031053,0,0,0,4.112853456,1.788013663,6.687006517,5.087019496,2.211520653,8.27088368,1.642775785,0.71417705,2.67095643,256.321558,77.95718584,521.7864005,257.7148142,81.17178162,522.1039968
MSW,CIP+CRO+NDA,0.1,0.075,0,306.9982736,302.4856226,313.6786273,307.5404593,303.0673629,314.3530937,563.0719009,377.2238364,831.151692,585.0964255,402.5574426,856.8728312,22.02452457,25.33360617,25.72113919,167.1,167.1,167.1,133.49,133.49,133.49,0.47877197,0.188634647,0.785210651,0.110058509,0.081785178,0.140544951,0.497582519,0.100603622,0.972900102,0.090641761,0,0.507855419,0.112111071,0,0.628145507,0.016576045,0,0.107836957,256.6030578,69.80118877,525.5550077,260.7864721,74.94730807,529.2973908,167.1,167.1,167.1,133.49,133.49,133.49,0,0,0,1.04322479,0.981347956,1.086854229,0,0,0,6.136941929,2.652557937,9.648762677,7.590531386,3.280839954,11.93415822,2.451246976,1.059497498,3.853955375,261.1482248,83.05742129,535.4283925,261.2004503,83.19072954,535.0630357
MSW,CIP+CRO+NDA,0.1,0.1,0,307.026405,302.5249314,313.5709493,307.8188906,303.3202853,314.5301164,564.5002437,381.2614289,828.8179969,596.2769428,413.8005858,862.816827,31.77669912,32.53915695,33.99883005,167.1,167.1,167.1,133.49,133.49,133.49,0.488678945,0.192874357,0.787162222,0.108538442,0.081005917,0.136165385,0.630719547,0.199163819,1.141197701,0.091496772,0,0.51837057,0.113168599,0,0.641151265,0.02216248,0,0.11211246,257.9575292,74.82981228,523.8926794,262.0031905,78.05153127,526.6366061,167.1,167.1,167.1,133.49,133.49,133.49,0,0,0,1.044549107,0.980765977,1.090463471,0,0,0,8.292894832,4.243073474,12.31367998,10.25714097,5.248083288,15.23028496,3.312388094,1.694788894,4.918389511,266.2021473,86.7440661,528.0949866,265.0519477,85.34177036,534.1221395
MSW,CIP+CRO+NDA,0.1,0.125,0,307.1904873,302.5774446,314.0997247,308.1116005,303.4716141,314.7503201,569.7556159,382.9215091,858.1927446,608.6775597,418.8658808,884.2187022,38.92194382,35.94437168,26.0259576,167.1,167.1,167.1,133.49,133.49,133.49,0.487863438,0.195215332,0.78838005,0.105212758,0.079815225,0.135931346,0.765527276,0.303015029,1.341255048,0.089611409,0,0.507829615,0.110836671,0,0.62811359,0.022091445,0,0.109919901,263.066485,74.56459612,549.5156282,267.1019108,80.57277465,555.8518235,167.1,167.1,167.1,133.49,133.49,133.49,0,0,0,1.044119574,0.978719643,1.088880607,0,0,0,10.42272345,5.37781158,15.27302991,12.89143851,6.651594239,18.89058333,4.163094525,2.148031467,6.10042735,272.5219368,83.68619345,551.1514004,269.938615,81.04779328,548.2049702
MSW,CIP+CRO+NDA,0.1,0.15,0,307.1773159,302.776707,313.6287911,308.3322335,303.769629,315.0118737,570.3138205,393.2716853,830.9797053,617.2102807,432.3411465,892.9753313,46.89646017,39.06946114,61.99562599,167.1,167.1,167.1,133.49,133.49,133.49,0.485604502,0.185746523,0.789026702,0.101374804,0.074288042,0.128264834,0.89832209,0.378577441,1.528562388,0.085048111,0,0.512009869,0.105192514,0,0.633283975,0.028500135,0,0.195855549,263.6005635,83.41996456,523.7212943,267.5021997,90.22191112,528.1425937,167.1,167.1,167.1,133.49,133.49,133.49,0,0,0,1.04364421,0.988378497,1.088320548,0,0,0,12.43454936,6.430262501,17.84970926,15.37978333,7.953327553,22.07757218,4.966667742,2.568406495,7.129617056,275.2411058,93.76127567,550.6055837,271.126108,88.66585849,544.5005232
MSW,CIP+CRO+NDA,0.3,0,0,307.0556894,302.5193522,314.1974506,306.9808658,302.5099691,313.8340146,566.1471732,383.1721659,863.0693764,561.9058041,382.7891728,833.8447369,-4.24136907,-0.382993149,-29.22463953,167.1,167.1,167.1,133.49,133.49,133.49,0.381151386,0.147491594,0.622658643,0.318414187,0.273214833,0.370772939,0.292995035,0,0.677294227,0.248499709,0,0.812945497,0.307359083,0,1.005498892,0.007506831,0,0.105271558,259.5206518,74.66463328,558.3718282,263.5033408,79.98638284,560.4479571,167.1,167.1,167.1,133.49,133.49,133.49,0,0,0,1.043991459,0.98217535,1.086483051,0,0,0,0,0,0,0,0,0,0,0,0,255.8530623,76.30457488,528.2099357,259.9608089,80.7247648,532.0412823
MSW,CIP+CRO+NDA,0.3,0.025,0,307.1282546,302.6489436,313.8400256,307.2670846,302.6972941,314.0440101,568.6239877,384.8744709,836.5016483,574.3779815,389.804241,849.360692,5.753993769,4.929770179,12.85904369,167.1,167.1,167.1,133.49,133.49,133.49,0.387518759,0.149873631,0.615296629,0.311307534,0.265529816,0.35529782,0.626384617,0.204488544,1.143690861,0.249805028,0,0.814664663,0.308973578,0,1.007625258,0.01985813,0,0.110628092,261.6867451,77.91039992,528.5073613,265.498691,81.73547476,533.0260637,167.1,167.1,167.1,133.49,133.49,133.49,0,0,0,1.044061391,0.978535244,1.088490219,0,0,0,2.021411875,0.694457045,3.674559687,2.500201315,0.858945393,4.544911937,0.807402091,0.277383386,1.467710372,262.5752758,76.58567175,536.1686994,265.2579407,78.94156598,540.0277706
MSW,CIP+CRO+NDA,0.3,0.05,0,306.9848672,302.6066584,313.5552471,307.3129018,303.0024116,314.0932147,562.6755094,386.4006549,825.6129468,576.0829812,397.711187,840.0998268,13.40747182,11.31053214,14.48687992,167.1,167.1,167.1,133.49,133.49,133.49,0.366892933,0.149054986,0.612583727,0.302231538,0.2568981,0.348334547,0.995810306,0.435275015,1.622800508,0.271281611,0,0.976205917,0.335537081,0,1.207428999,0.034217298,0,0.203283206,255.2980608,76.68676226,518.263774,259.0480645,82.07606956,522.9319981,167.1,167.1,167.1,133.49,133.49,133.49,0,0,0,1.04317354,0.980216042,1.086110085,0,0,0,4.103380622,1.681880998,6.870687771,5.075302938,2.08024952,8.498071478,1.6389921,0.671785029,2.744323283,258.0706672,79.52097492,520.7367446,259.5783981,79.89334466,523.8640749
MSW,CIP+CRO+NDA,0.3,0.075,0,307.0031486,302.4493444,313.7247111,307.5080272,302.9498415,314.608415,563.4046667,376.3471151,841.2959017,584.2088216,400.549606,874.501331,20.80415489,24.20249091,33.20542934,167.1,167.1,167.1,133.49,133.49,133.49,0.379405909,0.150689329,0.616589361,0.294756479,0.249948671,0.342255162,1.335513754,0.71853946,2.115804904,0.268482011,0,0.811278222,0.332074371,0,1.003436709,0.043311759,0,0.212556022,255.6577689,67.35000855,533.763211,259.2982169,70.83630816,535.9930044,167.1,167.1,167.1,133.49,133.49,133.49,0,0,0,1.044786078,0.986168068,1.087758834,0,0,0,6.192352925,2.798315786,9.668866263,7.65906697,3.46112185,11.95902351,2.473379503,1.117716802,3.861985247,260.2191528,76.98310075,548.9450102,260.3252484,71.83206176,544.9693052
MSW,CIP+CRO+NDA,0.3,0.1,0,307.1208733,302.3925986,314.3206806,307.7969077,303.299206,314.9163954,567.5439227,377.1986,858.6237846,596.1786956,413.4770333,882.8388527,28.63477289,36.27843332,24.21506814,167.1,167.1,167.1,133.49,133.49,133.49,0.380720633,0.150647262,0.619548827,0.287615562,0.242115062,0.333034119,1.6733825,0.914134098,2.519399381,0.28470604,0,1.003497268,0.352141206,0,1.24118455,0.057279312,0,0.221267263,259.4215261,70.45014168,553.0461493,262.9517146,72.54535934,555.3212195,167.1,167.1,167.1,133.49,133.49,133.49,0,0,0,1.044660086,0.981090876,1.089283357,0,0,0,8.242693166,4.021391823,12.20683102,10.19504859,4.97389436,15.09812787,3.292336302,1.606243738,4.875711385,266.3063747,82.71137474,552.7096012,265.0881088,79.77485802,558.4504696
MSW,CIP+CRO+NDA,0.3,0.125,0,306.9012496,302.7735078,313.1292962,307.7914802,303.4823126,314.3308014,559.3416016,391.0304649,814.8751904,596.2313133,422.4299402,859.3098321,36.8897117,31.39947527,44.43464162,167.1,167.1,167.1,133.49,133.49,133.49,0.37752283,0.148077546,0.619004242,0.278741183,0.237338463,0.322332853,2.035112123,1.198191958,2.929820575,0.284279052,0,0.95946564,0.351613082,0,1.186723638,0.06812202,0,0.285726258,250.7190518,83.05533747,508.7973283,254.3008011,86.39947168,509.1655401,167.1,167.1,167.1,133.49,133.49,133.49,0,0,0,1.044476031,0.979275729,1.087853017,0,0,0,10.2154345,5.247030174,15.22886905,12.63505131,6.489836091,18.83596257,4.08029817,2.095794126,6.082788404,260.3781088,85.87123156,520.7441215,257.9588723,81.32572999,525.5651748
MSW,CIP+CRO+NDA,0.3,0.15,0,307.0488545,302.5801092,313.691543,308.0916532,303.6729937,314.4550703,565.4123918,382.9939362,850.6345739,607.8644357,428.2082769,869.4152011,42.45204396,45.2143407,18.78062714,167.1,167.1,167.1,133.49,133.49,133.49,0.379801255,0.145558617,0.621207067,0.270627543,0.223370421,0.314253858,2.368627527,1.456175234,3.326413498,0.284345531,0,0.825362637,0.351695307,0,1.020857143,0.080426514,0,0.295728782,256.5952359,75.89489183,540.3888099,259.9268911,78.1635283,544.9329289,167.1,167.1,167.1,133.49,133.49,133.49,0,0,0,1.043771938,0.979525728,1.086976865,0,0,0,12.37856446,6.601973185,17.35762127,15.31053791,8.165709444,21.46892875,4.944305983,2.636992005,6.933064893,266.0706627,86.86607836,525.9040948,261.8313565,81.5287292,526.7320049
MSW,CIP+CRO+NDA,0.5,0,0,307.0541131,302.6304451,314.3073035,306.982008,302.532593,313.606494,565.7880573,383.2894807,864.2355957,562.8246575,378.1268189,830.62399,-2.963399759,-5.162661858,-33.61160567,167.1,167.1,167.1,133.49,133.49,133.49,0.275745523,0.104446798,0.449767369,0.515498703,0.456923077,0.570509778,0.474457046,0.102040816,0.935648592,0.414739774,0,1.254308617,0.51297459,0,1.551402806,0.013968556,0,0.109246862,258.29018,74.1036049,555.4581326,262.2087227,78.73650477,560.151162,167.1,167.1,167.1,133.49,133.49,133.49,0,0,0,1.043414089,0.981399107,1.088335531,0,0,0,0,0,0,0,0,0,0,0,0,256.6473635,73.50694743,523.416379,260.8775703,76.23527828,528.6488203
MSW,CIP+CRO+NDA,0.5,0.025,0,307.1589623,302.5740403,313.659469,307.292607,302.8336447,313.9207967,569.5644993,384.4289585,833.1445755,575.1358197,392.5744608,840.7524628,5.571320388,8.145502358,7.607887278,167.1,167.1,167.1,133.49,133.49,133.49,0.26873685,0.106180688,0.447145331,0.503978713,0.449230934,0.557336465,1.032863904,0.445311657,1.724231027,0.426053163,0,1.20151751,0.526967656,0,1.486107653,0.032034373,0,0.200464513,261.4943953,75.02433104,526.7928406,265.2852969,79.49168323,527.9321317,167.1,167.1,167.1,133.49,133.49,133.49,0,0,0,1.042626746,0.981164151,1.087415898,0,0,0,2.070046696,0.539453673,4.104684544,2.560355727,0.667228089,5.076915705,0.826828046,0.215471191,1.639512919,262.8917521,80.83757821,526.7307928,265.874081,83.94745203,531.2777611
MSW,CIP+CRO+NDA,0.5,0.05,0,307.0647239,302.4816326,314.2505207,307.3575831,302.9347791,314.2240277,565.0330525,378.9650501,858.4154789,577.6187259,394.020176,852.2233626,12.5856734,15.05512595,-6.192116216,167.1,167.1,167.1,133.49,133.49,133.49,0.269268277,0.104073443,0.440463909,0.488260599,0.431651157,0.543144778,1.590824352,0.853684344,2.366377116,0.449627586,0,1.295926426,0.556125892,0,1.602878164,0.058588452,0,0.215201771,256.1266211,70.88601302,549.8232241,259.9460141,73.85435359,551.6848418,167.1,167.1,167.1,133.49,133.49,133.49,0,0,0,1.040219315,0.974963543,1.084763312,0,0,0,4.22006835,1.855996551,6.856048156,5.219629196,2.295605896,8.479964339,1.685600076,0.741331104,2.738475857,259.0461742,78.36933955,537.0456428,260.8337999,79.80780077,537.4287234
MSW,CIP+CRO+NDA,0.5,0.075,0,307.0516788,302.5713096,314.0738359,307.5366903,303.129462,314.3743234,565.0544324,380.5123655,845.7359643,585.2637066,405.4090013,868.8332149,20.20927425,24.89663586,23.09725062,167.1,167.1,167.1,133.49,133.49,133.49,0.273910868,0.10680708,0.451554619,0.477116374,0.422155134,0.530229992,2.129855476,1.262379769,3.075604416,0.439727747,0,1.210755836,0.543881187,0,1.497534159,0.066227932,0,0.220264317,255.719861,70.58639181,533.6845246,259.2623055,74.37149513,539.9391588,167.1,167.1,167.1,133.49,133.49,133.49,0,0,0,1.041931424,0.982649247,1.087115752,0,0,0,6.209079663,2.909362071,9.802368672,7.679755586,3.598470439,12.12414716,2.480060578,1.162071446,3.915309423,260.9984169,81.41642847,544.5497664,260.9514762,76.55970942,546.5497437
MSW,CIP+CRO+NDA,0.5,0.1,0,307.1581456,302.6308204,314.0583223,307.7731208,303.2995809,314.5817735,569.1173546,386.5796795,849.2977716,594.7763278,410.3520028,869.0310277,25.65897317,23.77232332,19.73325603,167.1,167.1,167.1,133.49,133.49,133.49,0.274974755,0.104788656,0.446142294,0.466244403,0.413781708,0.518854722,2.716224831,1.724050677,3.854545266,0.460396315,0,1.309760266,0.56944529,0,1.619988672,0.099728719,0,0.318134455,259.5033626,77.07142359,542.2117624,262.4495713,79.39760786,543.5174019,167.1,167.1,167.1,133.49,133.49,133.49,0,0,0,1.044200152,0.979825827,1.08649881,0,0,0,8.299133548,3.673493567,12.47123736,10.26485738,4.543593298,15.42516121,3.314879992,1.467284537,4.981321839,264.7930246,80.07688758,540.6084418,263.3461344,79.54489503,541.5227145
MSW,CIP+CRO+NDA,0.5,0.125,0,307.2335575,302.7722589,313.7677657,308.1188499,303.7531655,314.5037664,572.9922534,387.8468927,843.1922179,609.1862676,430.6068964,873.3171995,36.19401424,42.76000376,30.12498164,167.1,167.1,167.1,133.49,133.49,133.49,0.273094911,0.105321774,0.447520294,0.452627106,0.397964102,0.510738759,3.291507347,2.257850122,4.457586006,0.454256067,0,1.24693743,0.56185067,0,1.542285687,0.106671916,0,0.324184976,262.5302189,78.7118609,532.9350996,265.6293554,80.91508175,535.5202852,167.1,167.1,167.1,133.49,133.49,133.49,0,0,0,1.042209769,0.979145264,1.087665996,0,0,0,10.30351601,5.232757325,14.97912375,12.74399572,6.47218259,18.52706287,4.115480112,2.090093196,5.983033932,273.098408,92.23300177,536.5578931,270.2870686,86.70870971,531.2899589
MSW,CIP+CRO+NDA,0.5,0.15,0,307.1174237,302.5150033,314.294283,308.0732324,303.7044174,315.3379867,567.6080551,380.5811818,850.4677203,606.7848032,428.3023521,900.3440782,39.17674816,47.72117026,49.87635781,167.1,167.1,167.1,133.49,133.49,133.49,0.274811657,0.103722178,0.449499464,0.439328467,0.387096522,0.491577174,3.855801914,2.754213955,5.141156605,0.491539448,0,1.285281718,0.607964953,0,1.589712161,0.136735036,0,0.424492016,256.6182986,71.87281841,540.3767746,259.40117,72.39193832,543.5236466,167.1,167.1,167.1,133.49,133.49,133.49,0,0,0,1.043012633,0.979672276,1.089210303,0,0,0,12.32430038,6.163549285,17.81394099,15.24342089,7.623440931,22.03333187,4.922631561,2.461874614,7.115330322,265.08315,89.48056971,558.1820371,260.8654844,80.06985875,552.9530682
MSW,CIP+CRO+NDA,0.7,0,0,307.0553412,302.6003264,313.6180666,307.0594805,302.6255113,313.3995067,565.2741098,382.4778882,844.7469532,565.0811441,384.2329077,819.6962653,-0.192965652,1.75501955,-25.05068796,167.1,167.1,167.1,133.49,133.49,133.49,0.165023279,0.064013982,0.278806993,0.713228093,0.653353739,0.767981656,0.662038807,0.203252033,1.20269789,0.582519403,0,1.523488844,0.720494321,0,1.884340771,0.020944901,0,0.114019151,256.988542,73.68384021,538.5885373,260.8525033,78.30459711,540.1184665,167.1,167.1,167.1,133.49,133.49,133.49,0,0,0,1.043341545,0.985844086,1.085775009,0,0,0,0,0,0,0,0,0,0,0,0,258.8047887,77.72092675,513.928225,263.137626,82.19303882,517.5725374
MSW,CIP+CRO+NDA,0.7,0.025,0,307.1252053,302.6384926,314.2449801,307.2515557,302.9489032,313.9283034,568.6986188,384.6826568,856.9053128,573.3166378,396.5700777,845.1021624,4.618018965,11.88742093,-11.80315045,167.1,167.1,167.1,133.49,133.49,133.49,0.164298833,0.063779461,0.273410769,0.696281515,0.639925092,0.752007998,1.444263095,0.724600252,2.200379747,0.602262935,0,1.536029606,0.744914285,0,1.899851925,0.04242595,0,0.207193363,259.7691271,77.07600052,549.2090593,263.1772681,78.42897853,550.8335243,167.1,167.1,167.1,133.49,133.49,133.49,0,0,0,1.043069293,0.978492295,1.08665824,0,0,0,2.03259865,0.524808944,3.824501243,2.514037778,0.649114626,4.730368489,0.811870367,0.209621722,1.527600752,261.3073086,86.14247871,533.8276936,264.1630563,87.13793936,539.5332989
MSW,CIP+CRO+NDA,0.7,0.05,0,307.2245975,302.7291086,314.2430077,307.5200229,302.7555175,314.3444076,571.6989485,388.291556,863.478802,584.4615631,392.8878598,853.5674046,12.76261457,4.596303841,-9.911397386,167.1,167.1,167.1,133.49,133.49,133.49,0.167593108,0.064812468,0.274716924,0.678354639,0.617463024,0.732373465,2.173840137,1.293794744,3.137781955,0.634199853,0,1.574756941,0.784415747,0,1.947752175,0.076202546,0,0.304662779,261.8128753,78.41605898,551.2897694,265.1365263,79.56695398,557.9931379,167.1,167.1,167.1,133.49,133.49,133.49,0,0,0,1.043640189,0.979527209,1.088026254,0,0,0,4.0997508,1.932366474,6.510672371,5.070813359,2.390064716,8.052783218,1.637542259,0.771835147,2.600524194,266.3693572,74.01066116,538.017021,267.8088217,73.25627204,541.3096724
MSW,CIP+CRO+NDA,0.7,0.075,0,307.2607896,302.745614,314.8791653,307.6862188,303.2477271,314.8218313,573.7928014,387.1846272,874.7396465,591.3524095,409.9100713,887.2923512,17.55960812,22.72544408,12.55270478,167.1,167.1,167.1,133.49,133.49,133.49,0.165681619,0.064938363,0.272893418,0.662378581,0.599446925,0.718771494,2.983060335,2,4.068681669,0.620140594,0,1.529929598,0.767026427,0,1.892307074,0.101967598,0,0.320497033,263.3481046,75.66083021,566.5805179,266.1402152,78.6682559,566.4317595,167.1,167.1,167.1,133.49,133.49,133.49,0,0,0,1.044573517,0.976972474,1.089326229,0,0,0,6.163543832,2.775849006,9.530543391,7.623434187,3.433333613,11.78793764,2.461872437,1.108743013,3.806735657,267.5510086,88.42089409,567.6675913,267.5561229,89.19662457,568.3585032
MSW,CIP+CRO+NDA,0.7,0.1,0,307.0451741,302.7793919,313.3259178,307.6022148,303.3503179,313.8645595,564.7044556,391.1167523,825.9934241,588.3096583,412.3016235,840.6069283,23.60520276,21.18487128,14.61350422,167.1,167.1,167.1,133.49,133.49,133.49,0.167861823,0.065279375,0.276227933,0.644189986,0.588175676,0.698020898,3.798397351,2.647534048,5.051573521,0.646611387,0,1.56475,0.799767063,0,1.935375,0.125892027,0,0.394194591,253.3580881,78.66005537,513.9056128,255.9403909,82.5469022,516.0557986,167.1,167.1,167.1,133.49,133.49,133.49,0,0,0,1.04409513,0.985407575,1.088793997,0,0,0,8.293164447,4.044944326,12.16011178,10.25747445,5.003025484,15.04034276,3.312495785,1.615651193,4.857050557,258.2430541,84.12372333,505.7376045,256.8594741,81.30603874,508.1242903
MSW,CIP+CRO+NDA,0.7,0.125,0,307.178895,302.8310015,313.4826852,307.8917518,303.5510924,314.0768012,569.9718417,391.3517275,820.7553036,599.659412,423.6488807,857.1808575,29.68757036,32.29715322,36.42555393,167.1,167.1,167.1,133.49,133.49,133.49,0.163150737,0.064779569,0.27411542,0.626691231,0.560688856,0.68327692,4.553080119,3.231675472,5.894880214,0.620195771,0,1.529694501,0.767094673,0,1.892016293,0.156090788,0,0.471229831,257.6866478,78.74189385,508.1372667,260.3116159,81.77458817,509.963684,167.1,167.1,167.1,133.49,133.49,133.49,0,0,0,1.043982461,0.980699849,1.086788063,0,0,0,10.27546336,5.513589634,14.7855693,12.70929855,6.819532537,18.28766332,4.104275189,2.202264593,5.905723478,263.668921,84.62958107,520.6567407,261.3081798,83.94844108,518.6987562
MSW,CIP+CRO+NDA,0.7,0.15,0,307.2893751,302.8221275,314.2742751,308.1958759,303.9466106,314.4684245,574.5238139,394.8420218,849.7700144,612.0305816,438.6053771,878.491837,37.50676769,43.76335532,28.72182262,167.1,167.1,167.1,133.49,133.49,133.49,0.167061618,0.064458633,0.275362122,0.610449284,0.551727241,0.66510144,5.345585685,4.040809745,6.716636118,0.675596075,0,1.584640712,0.835617034,0,1.959977005,0.180849969,0,0.487605221,261.4359069,81.83500889,538.8825078,263.6416834,82.97077823,539.297593,167.1,167.1,167.1,133.49,133.49,133.49,0,0,0,1.043782792,0.978436567,1.088472138,0,0,0,12.55233633,6.522078689,17.8837585,15.5254692,8.066891224,22.11968628,5.013714784,2.60508016,7.143217166,269.5013727,96.23934728,531.5469038,265.7521925,94.05689291,529.2885375
WSM,CIP,0.1,0,0,605.7223073,603.6553087,608.6352629,605.7227173,603.6680358,608.6617718,916.611551,719.1311085,1202.135886,915.5463552,717.2218361,1220.059403,-1.065195815,-1.909272379,17.9235175,167.1,167.1,167.1,435.39,435.39,435.39,0.501591378,0.191131033,0.819950975,0.125012309,0.075146515,0.175263158,0,0,0,0.044178201,0,0.629124651,0.174919982,0,2.490967743,3.92E-04,0,0.005578594,53.77934526,16.88486283,105.6541769,313.0277378,115.7981652,598.6395639,167.1,167.1,167.1,435.39,435.39,435.39,0,0,0,1.063842316,0.870569924,1.11,0,0,0,0,0,0,0,0,0,0,0,0,54.07887424,17.0419647,104.6092207,311.6772617,113.1907809,616.1981554
WSM,CIP,0.1,0.025,0,605.6955004,603.5110713,608.7463411,605.7712296,603.6468703,608.9802181,913.995797,703.310869,1209.970262,920.6703843,712.8777232,1237.666935,6.674587318,9.566854211,27.6966726,167.1,167.1,167.1,435.39,435.39,435.39,0.486083463,0.186123558,0.813615395,0.124128885,0.075136195,0.176112004,0,0,0,0.155872407,0,1.117678571,0.617164081,0,4.425357143,0.047601369,0,0.27777189,53.57877013,18.40389117,100.4306348,309.6522924,100.3128696,606.3980741,167.1,167.1,167.1,435.39,435.39,435.39,0,0,0,1.066267069,0.88897738,1.11,0,0,0,1.089638488,0,2.995460208,4.314334718,0,11.86028038,0.435228666,0,1.196461179,55.61922394,20.69187989,101.6589072,309.0861744,104.0897095,625.3204674
WSM,CIP,0.1,0.05,0,605.6645415,603.5609536,608.883545,605.8174472,603.7719853,608.9355818,911.0666007,709.1349536,1223.559969,926.0360356,730.7699867,1223.143335,14.9694349,21.63503312,-0.416634575,167.1,167.1,167.1,435.39,435.39,435.39,0.4854129,0.189132755,0.815531987,0.123472015,0.0763696,0.175006579,0,0,0,0.289504698,0,1.304129009,1.146270238,0,5.163592441,0.098930041,0,0.497526597,54.33198592,19.66845532,102.9603675,305.7446332,105.9683572,620.4602944,167.1,167.1,167.1,435.39,435.39,435.39,0,0,0,1.062622211,0.876275406,1.11,0,0,0,2.171472587,0,4.920685136,8.597768596,0,19.48305145,0.867340065,0,1.965443815,57.84224494,22.66255994,107.3154786,306.8701339,110.736961,612.563336
WSM,CIP,0.1,0.075,0,605.7257104,603.624905,609.3124627,605.9479471,603.8300115,609.0763548,915.8427478,713.1545639,1248.953862,938.7059839,734.9099596,1243.79843,22.86323608,21.7553957,-5.155432437,167.1,167.1,167.1,435.39,435.39,435.39,0.488635,0.190603405,0.814080799,0.124612971,0.074345215,0.173276633,0,0,0,0.428402651,0,1.814202899,1.696225355,0,7.183188406,0.156452678,0,0.691651813,54.56747654,19.22695021,107.121332,309.580821,104.4079099,641.1675659,167.1,167.1,167.1,435.39,435.39,435.39,0,0,0,1.06546491,0.906303086,1.11,0,0,0,3.296133588,0.576800205,6.753276912,13.0507721,2.283793367,26.73904912,1.316557592,0.230388323,2.697426471,59.83684549,22.94971186,111.252852,311.6026516,105.6024438,627.7198385
WSM,CIP,0.1,0.1,0,605.7348255,603.6194662,608.7773817,606.0053276,603.9377207,609.4366849,916.5444834,709.240861,1206.023437,943.4980947,748.5232042,1258.159326,26.95361129,39.28234325,52.13588857,167.1,167.1,167.1,435.39,435.39,435.39,0.495496162,0.189340416,0.808765701,0.124583667,0.075425971,0.176484278,0,0,0,0.56406482,0,2.063979762,2.233368649,0,8.172159524,0.209985789,0,0.793970814,54.44971128,18.73397933,103.6373655,309.3261742,100.2694273,598.2210821,167.1,167.1,167.1,435.39,435.39,435.39,0,0,0,1.062005572,0.892945621,1.11,0,0,0,4.390935705,1.174990936,8.421568117,17.38555179,4.652280777,33.34451207,1.75384874,0.469320553,3.363783399,61.54447775,25.23183898,112.5192761,308.7112508,104.5507701,622.4273159
WSM,CIP,0.1,0.125,0,605.7772398,603.5428728,609.2583347,606.1096731,603.9683958,609.6245648,922.1631172,705.9255081,1243.455408,952.3284311,740.3056423,1274.746703,30.16531393,34.38013417,31.2912944,167.1,167.1,167.1,435.39,435.39,435.39,0.501588529,0.19404125,0.816646034,0.124908113,0.077995093,0.172799381,0,0,0,0.703787667,0,2.105694995,2.786589865,0,8.337327585,0.266263491,0,0.833420502,54.11802307,19.05703985,104.2347157,313.9746323,97.72036801,637.2003496,167.1,167.1,167.1,435.39,435.39,435.39,0,0,0,1.064737245,0.89532128,1.11,0,0,0,5.456983179,1.257933191,10.28282184,21.60647981,4.980683869,40.7139944,2.179654569,0.502449749,4.107214349,62.72523535,27.74532558,112.1019575,310.1809017,96.60282412,645.0091916
WSM,CIP,0.1,0.15,0,605.7819017,603.6325367,609.288706,606.1804838,604.0591571,609.3010428,922.5977315,714.8156898,1251.351616,961.3270916,758.1726398,1265.512912,38.72936012,43.35694996,14.16129651,167.1,167.1,167.1,435.39,435.39,435.39,0.503572612,0.197305209,0.817206552,0.125072817,0.079672081,0.172818825,0,0,0,0.800026644,0,2.466906258,3.167640246,0,9.76751412,0.303978817,0,0.975609756,55.30632309,21.42225659,101.971893,313.585011,105.9170394,644.8207534,167.1,167.1,167.1,435.39,435.39,435.39,0,0,0,1.067284837,0.901642558,1.11,0,0,0,6.523230903,1.868126977,12.01308194,25.82820071,7.396696394,47.56481812,2.605540383,0.746176297,4.79832319,66.18764174,31.41606997,110.9427605,311.0876501,102.2541994,624.2696016
WSM,CIP,0.3,0,0,605.7964863,603.6460658,609.1737622,605.7973939,603.6206005,608.9265464,922.7031659,716.8055495,1234.109081,922.3667502,715.9306302,1225.064394,-0.336415727,-0.874919297,-9.044686557,167.1,167.1,167.1,435.39,435.39,435.39,0.389399259,0.147100407,0.654124696,0.331926867,0.254155653,0.410662196,0,0,0,0.145243444,0,1.052847497,0.57507957,0,4.168663792,0.001287907,0,0.009335842,54.90184119,18.03256021,103.6664565,318.3504152,112.9267812,630.7064712,167.1,167.1,167.1,435.39,435.39,435.39,0,0,0,1.0646418,0.884431436,1.11,0,0,0,0,0,0,0,0,0,0,0,0,54.83155369,18.04428508,104.7187973,318.4925008,112.0910512,621.2430053
WSM,CIP,0.3,0.025,0,605.6758186,603.6091697,608.7585409,605.7923907,603.6651439,609.093396,912.4825553,711.0804273,1224.352222,923.2009281,716.5905412,1238.181273,10.71837279,5.510113875,13.82905057,167.1,167.1,167.1,435.39,435.39,435.39,0.373041716,0.147426592,0.631931668,0.331873376,0.246666667,0.405617973,0,0,0,0.44598418,0,1.859340143,1.765837983,0,7.361905645,0.132066863,0,0.56609136,53.57961273,17.50340595,100.3437856,306.0363976,103.5798157,616.443282,167.1,167.1,167.1,435.39,435.39,435.39,0,0,0,1.06523949,0.882557496,1.11,0,0,0,1.063058688,0,3.083632822,4.209094171,0,12.20939265,0.424612034,0,1.23167951,54.99863718,19.25632557,103.8369805,311.7007569,107.7067162,632.7264418
WSM,CIP,0.3,0.05,0,605.6809047,603.6241826,609.0143292,605.8447287,603.7462143,609.1361086,911.7509483,714.2620934,1220.690115,927.4971376,726.996143,1226.727192,15.74618924,12.73404956,6.037076559,167.1,167.1,167.1,435.39,435.39,435.39,0.385080455,0.152780845,0.639070434,0.332076838,0.250457353,0.405096752,0,0,0,0.830390224,0,2.607916667,3.287862361,0,10.32583333,0.282432057,0,0.930232558,55.20706053,18.66649516,102.6359401,302.6296712,103.4981246,617.2982185,167.1,167.1,167.1,435.39,435.39,435.39,0,0,0,1.065178717,0.899681442,1.11,0,0,0,2.204024048,0,5.097828054,8.726653453,0,20.18443439,0.880341927,0,2.036199095,57.83204074,21.61618135,104.1373011,308.2389355,103.7663199,610.4836372
WSM,CIP,0.3,0.075,0,605.8832828,603.7313298,609.0813464,606.0085154,603.8451881,609.4431531,932.1869612,724.6032526,1237.413274,943.0508064,733.3686555,1266.362637,10.86384521,8.765402922,28.94936355,167.1,167.1,167.1,435.39,435.39,435.39,0.381717381,0.148779231,0.639149728,0.332508574,0.256533333,0.40700984,0,0,0,1.188999747,0,3.06823137,4.707747521,0,12.14841185,0.418976953,0,1.162926538,54.98697662,20.41675901,98.72108571,320.4097482,114.02916,623.9876734,167.1,167.1,167.1,435.39,435.39,435.39,0,0,0,1.064984666,0.895683997,1.11,0,0,0,3.224432805,0.61048665,6.891363584,12.7668787,2.417172099,27.28579203,1.287918519,0.243843525,2.752581716,58.94471624,24.16636744,102.6624335,316.1678724,101.5651607,644.6771577
WSM,CIP,0.3,0.1,0,605.8679887,603.7055853,609.1492586,606.0525512,603.8734919,609.3638123,930.5615629,720.4392122,1227.646005,947.6204798,738.5338011,1234.740071,17.0589169,18.09458895,7.094066928,167.1,167.1,167.1,435.39,435.39,435.39,0.391329468,0.147288016,0.648501042,0.328437665,0.251961538,0.40414098,0,0,0,1.498407966,0,3.664253874,5.932824128,0,14.50831435,0.54733601,0,1.345595844,55.95945364,20.86335314,106.1402384,316.6032344,107.6822967,616.3217839,167.1,167.1,167.1,435.39,435.39,435.39,0,0,0,1.06252339,0.892224603,1.11,0,0,0,4.405897813,1.227105237,8.775847471,17.44479303,4.858623099,34.74725228,1.759824977,0.490136298,3.505291369,61.42758341,24.41684919,112.4217651,312.6688859,103.3587132,608.0126525
WSM,CIP,0.3,0.125,0,605.8178952,603.6210202,609.2158258,606.0763911,604.0032364,609.2991323,924.4673745,711.4956297,1240.753541,950.2011789,748.2870452,1263.70513,25.73380438,36.79141552,22.95158852,167.1,167.1,167.1,435.39,435.39,435.39,0.386818153,0.148732646,0.649680383,0.332071926,0.249180911,0.41046875,0,0,0,1.854501592,0,4.359842436,7.342747796,0,17.26244053,0.692293196,0,1.646211857,56.50270663,20.32323858,108.4832164,308.0846583,101.5306824,630.3045931,167.1,167.1,167.1,435.39,435.39,435.39,0,0,0,1.065061638,0.88910256,1.11,0,0,0,5.469412117,1.331179208,10.53604152,21.65569118,5.2706955,41.71659706,2.184618996,0.531706027,4.208356575,63.2068814,26.25905459,112.6053317,307.8761733,103.2699336,626.1104888
WSM,CIP,0.3,0.15,0,605.8470807,603.7214277,608.7516719,606.1205039,603.9726645,609.3216779,927.7660476,719.5161678,1216.347096,954.3468259,754.1026912,1263.650183,26.58077831,34.58652333,47.30308715,167.1,167.1,167.1,435.39,435.39,435.39,0.385391631,0.153737726,0.636970956,0.332260415,0.252900839,0.403662642,0,0,0,2.230653696,0,5.058419628,8.832091373,0,20.02839994,0.845976038,0,1.961575214,58.52789562,21.52945713,107.188052,308.6188299,101.4641945,595.3039531,167.1,167.1,167.1,435.39,435.39,435.39,0,0,0,1.065833377,0.914405286,1.11,0,0,0,6.428230905,2.007704015,11.67503485,25.45205597,7.949340294,46.22634826,2.567595025,0.801926831,4.663298791,65.91109926,29.65224624,116.1959844,305.4908441,102.7542192,621.0888158
WSM,CIP,0.5,0,0,605.7083384,603.5914916,609.1249284,605.7225655,603.4689583,609.0660264,913.6042288,707.7256951,1235.307334,915.783906,696.8557328,1227.010576,2.179677193,-10.86996228,-8.296758659,167.1,167.1,167.1,435.39,435.39,435.39,0.27447607,0.104503052,0.45960038,0.536946368,0.421140266,0.630688457,0,0,0,0.236195401,0,1.245885097,0.935196427,0,4.932980425,0.002094399,0,0.011047551,55.1079167,17.48495145,105.1876739,308.563519,103.9600449,630.4348917,167.1,167.1,167.1,435.39,435.39,435.39,0,0,0,1.0600667,0.864958333,1.11,0,0,0,0,0,0,0,0,0,0,0,0,54.89292101,17.30899324,103.2815927,311.9146134,93.15464893,623.3057854
WSM,CIP,0.5,0.025,0,605.8385398,603.5394183,609.1683839,605.8882715,603.6369069,609.4406064,927.3516922,705.8937264,1234.640996,930.6020471,715.5864531,1259.34008,3.250354881,9.692726722,24.69908337,167.1,167.1,167.1,435.39,435.39,435.39,0.275498451,0.104522623,0.468321834,0.537955652,0.424193353,0.62715,0,0,0,0.7950843,0,2.542708514,3.148071436,0,10.06764697,0.23704124,0,0.793756332,54.62612465,19.41038769,98.24759386,318.4164184,96.83523712,628.2276572,167.1,167.1,167.1,435.39,435.39,435.39,0,0,0,1.061828254,0.890961883,1.11,0,0,0,1.072819885,0,3.023671498,4.247742832,0,11.97198068,0.428510898,0,1.207729469,55.61257633,19.84037573,101.1080167,319.1137795,108.5209645,647.0793492
WSM,CIP,0.5,0.05,0,605.8892404,603.7816202,608.9552184,605.9091835,603.8147763,608.9992665,933.2511307,729.4165558,1222.338886,932.957815,731.5762963,1226.475897,-0.293315656,2.159740538,4.137011403,167.1,167.1,167.1,435.39,435.39,435.39,0.276918141,0.109800365,0.472164762,0.538860921,0.438100544,0.625115753,0,0,0,1.294281561,0,3.385192116,5.124602277,0,13.40339208,0.443119214,0,1.231833444,56.14719822,21.06746439,106.1692295,320.5837151,118.4632272,610.9268913,167.1,167.1,167.1,435.39,435.39,435.39,0,0,0,1.068554699,0.916003331,1.11,0,0,0,2.190662341,0,5.162209851,8.673748863,0,20.43934886,0.875004929,0,2.061914783,57.74607779,21.41263336,108.6977032,313.69057,108.3267701,608.2713275
WSM,CIP,0.5,0.075,0,605.825616,603.6569456,609.024768,605.9723939,603.8175801,609.0352378,926.0168003,720.6174844,1207.506193,941.33199,728.5800014,1247.998328,15.31518971,7.96251702,40.4921356,167.1,167.1,167.1,435.39,435.39,435.39,0.275333705,0.105962281,0.462191081,0.537897519,0.435502392,0.622816845,0,0,0,1.816927215,0,4.426117174,7.193975115,0,17.52484995,0.65102395,0,1.659164607,56.82152116,22.07395323,105.6156568,309.7260165,101.4563308,595.4469774,167.1,167.1,167.1,435.39,435.39,435.39,0,0,0,1.067154511,0.894455048,1.11,0,0,0,3.305911368,0.613478512,6.730602388,13.08948642,2.429018132,26.64927119,1.32046308,0.245038549,2.688369703,59.70111367,24.50755583,110.3554683,314.1637098,104.5148476,627.1314921
WSM,CIP,0.5,0.1,0,605.9073952,603.7828339,609.2422303,606.0377934,603.905482,609.1984101,934.1130069,724.0926822,1233.562828,947.1357339,742.9253371,1247.795696,13.02272706,18.83265493,14.23286764,167.1,167.1,167.1,435.39,435.39,435.39,0.286830672,0.109859027,0.472024502,0.539812499,0.426158212,0.62866781,0,0,0,2.438432561,0,5.298624339,9.654774841,0,20.9794709,0.898281205,0,2.030456853,58.14214035,20.94726401,105.5792415,313.332108,101.2654283,616.054231,167.1,167.1,167.1,435.39,435.39,435.39,0,0,0,1.06774356,0.901546902,1.11,0,0,0,4.355371689,1.127496018,8.633103448,17.24473897,4.464228523,34.18206897,1.739643589,0.450349903,3.448275862,61.80137464,25.15545209,110.3727002,312.5881901,104.721831,621.948907
WSM,CIP,0.5,0.125,0,605.9361028,603.7631168,609.2208778,606.1518747,604.0215471,609.1734522,936.933301,727.6229518,1256.205686,957.0396296,751.8740503,1250.562271,20.10632862,24.25109854,-5.64341533,167.1,167.1,167.1,435.39,435.39,435.39,0.280979563,0.109481796,0.472057189,0.537664192,0.434569781,0.622692505,0,0,0,2.918951158,0.574220183,6.38718028,11.55734903,2.273577982,25.28951936,1.093000657,0.225130712,2.381524725,57.64636739,23.79457624,106.8495366,312.796835,97.45373444,636.4609869,167.1,167.1,167.1,435.39,435.39,435.39,0,0,0,1.065846473,0.898334755,1.11,0,0,0,5.510995338,1.74649551,10.43295135,21.82033655,6.915106525,41.30841995,2.201228367,0.697593669,4.167179803,62.45989619,26.52438916,111.8369914,314.2601799,110.8690328,616.9701445
WSM,CIP,0.5,0.15,0,605.9807792,603.8561741,608.7797302,606.2032079,604.1383878,609.3095704,940.1388149,737.5108909,1207.046139,962.7379347,765.9375992,1269.347867,22.59911983,28.4267083,62.30172728,167.1,167.1,167.1,435.39,435.39,435.39,0.276867426,0.104664751,0.467856671,0.537251169,0.426913755,0.623439041,0,0,0,3.47613031,0.62278607,7.019588475,13.76345444,2.465870647,27.79348803,1.320831953,0.246275234,2.764976959,60.73946378,22.9130397,112.2964142,312.0013572,107.8125097,580.2129943,167.1,167.1,167.1,435.39,435.39,435.39,0,0,0,1.065481549,0.888,1.11,0,0,0,6.535564654,1.976011595,11.31602623,25.87703519,7.823856743,44.80488289,2.610466789,0.789268092,4.519901833,66.48102089,27.94428869,117.8288607,312.648582,111.5357353,622.4894902
WSM,CIP,0.7,0,0,605.6764058,603.6294807,608.7529777,605.6988709,603.5576945,609.002883,911.4501073,714.9912088,1203.293395,914.6104505,706.8493542,1221.909871,3.160343218,-8.141854567,18.61647651,167.1,167.1,167.1,435.39,435.39,435.39,0.168976135,0.064440829,0.297213795,0.742720632,0.60828,0.8325,0,0,0,0.32658064,0,1.303958333,1.293069409,0,5.162916667,0.002895866,0,0.0115625,53.19670816,18.08576746,103.1306052,305.6482302,106.9017958,599.735415,167.1,167.1,167.1,435.39,435.39,435.39,0,0,0,1.067488321,0.888,1.11,0,0,0,0,0,0,0,0,0,0,0,0,52.65273508,17.49735631,102.984899,310.7289578,103.0900504,617.9959958
WSM,CIP,0.7,0.025,0,605.8145154,603.6868549,608.8890089,605.8098761,603.6242878,609.1952279,926.6033429,722.4304166,1229.760446,923.8129147,710.8994771,1240.255541,-2.790428147,-11.53093944,10.49509566,167.1,167.1,167.1,435.39,435.39,435.39,0.170394891,0.06551599,0.290291768,0.74380545,0.601455379,0.829725504,0,0,0,1.036048517,0,3.113930348,4.102149598,0,12.32935323,0.315852095,0,1.052770816,55.56574086,19.69901992,105.4355441,315.6487287,108.7645911,619.9555455,167.1,167.1,167.1,435.39,435.39,435.39,0,0,0,1.065713113,0.891198768,1.11,0,0,0,1.086005215,0,3.053170732,4.29994907,0,12.08878049,0.433777446,0,1.219512195,55.71914129,20.21537401,104.3114809,312.2219522,100.8990236,630.9536074
WSM,CIP,0.7,0.05,0,605.8452427,603.7465929,609.0693004,605.8836562,603.6810192,609.0690608,928.3028986,729.0868371,1220.848505,931.1470801,717.0670717,1222.960589,2.844181487,-12.01976539,2.112084087,167.1,167.1,167.1,435.39,435.39,435.39,0.169462306,0.063037712,0.307590458,0.741022908,0.620247479,0.825426471,0,0,0,1.81003355,0,4.381574518,7.166680208,0,17.34848693,0.612474177,0,1.50878396,57.24172243,20.67427329,109.2755509,312.0991274,110.8294599,608.2467841,167.1,167.1,167.1,435.39,435.39,435.39,0,0,0,1.064987395,0.904856231,1.11,0,0,0,2.169661691,0,4.885671832,8.590598501,0,19.34441913,0.866616748,0,1.951458632,58.03709918,21.18936973,109.4768791,311.9896956,97.50679921,608.0220428
WSM,CIP,0.7,0.075,0,605.8873455,603.8083458,609.007087,605.9769014,603.7949742,609.2327531,932.5966913,730.0881626,1238.281773,941.2070348,729.7499936,1236.800086,8.6103435,-0.338168988,-1.481687274,167.1,167.1,167.1,435.39,435.39,435.39,0.168869738,0.064778387,0.294536987,0.745622266,0.617937441,0.831105528,0,0,0,2.615857651,0,5.749917833,10.35727501,0,22.76633068,0.940598276,0,2.084441489,58.83539457,21.63268639,104.7334564,310.7306876,109.0283764,615.9931524,167.1,167.1,167.1,435.39,435.39,435.39,0,0,0,1.065551936,0.906132237,1.11,0,0,0,3.270586079,0.616650246,6.878021978,12.94961882,2.441576355,27.23296703,1.306353283,0.246305419,2.747252747,60.35199833,23.80267912,106.3815548,314.1412448,104.40635,613.1398014
WSM,CIP,0.7,0.1,0,605.9806358,603.8597321,609.0282914,606.0687578,603.8785777,609.6863559,941.782108,735.6809209,1247.318547,948.7671363,741.6574466,1272.647608,6.985028278,5.976525692,25.32906077,167.1,167.1,167.1,435.39,435.39,435.39,0.170416777,0.065600818,0.289494923,0.742849063,0.613974098,0.819949749,0,0,0,3.402881488,0.601683631,7.399164674,13.47343171,2.382317262,29.29638903,1.247357111,0.235821375,2.791234622,59.37269775,23.91420819,105.8872636,314.6306766,109.729515,622.0171639,167.1,167.1,167.1,435.39,435.39,435.39,0,0,0,1.065743286,0.893996053,1.11,0,0,0,4.265168669,1.164465116,8.590784314,16.88758746,4.610604651,34.0145098,1.703614263,0.465116279,3.431372549,61.32050001,25.18199373,107.7072934,314.8287144,104.1406636,644.7085611
WSM,CIP,0.7,0.125,0,606.0284716,603.8872648,609.1404872,606.1314407,603.9494065,609.2418883,946.0480804,738.185598,1245.808395,956.0480327,747.6173245,1263.736324,9.99995227,9.431726565,17.92792885,167.1,167.1,167.1,435.39,435.39,435.39,0.172347297,0.066697339,0.298220059,0.744893254,0.599676915,0.830991484,0,0,0,4.124635654,1.122690583,8.151255814,16.33115846,4.445201794,32.27423256,1.545628922,0.283905226,3.131852977,60.90459721,24.07996609,108.675146,313.4583369,104.4615404,615.3972721,167.1,167.1,167.1,435.39,435.39,435.39,0,0,0,1.063965178,0.87702685,1.11,0,0,0,5.390734942,1.381916863,10.38205264,21.34417532,5.471587105,41.10689065,2.153193378,0.551971905,4.146849593,63.16875757,26.23832441,110.4552989,314.3884706,102.58581,623.1594713
WSM,CIP,0.7,0.15,0,606.0714786,603.9270563,609.3151984,606.1898426,604.0886747,609.6531959,950.1299451,745.2174873,1263.895448,962.7923317,758.499084,1294.712416,12.6623866,13.28159669,30.81696763,167.1,167.1,167.1,435.39,435.39,435.39,0.166880042,0.064445809,0.29324121,0.745936888,0.615434816,0.828274112,0,0,0,4.944903763,1.270862944,9.630263948,19.57894313,5.031878173,38.13024464,1.869114852,0.498064658,3.59323429,62.78202513,27.55529557,109.7977154,311.6182726,102.4903351,631.0480079,167.1,167.1,167.1,435.39,435.39,435.39,0,0,0,1.067271763,0.89652867,1.11,0,0,0,6.6355156,1.955433392,12.19824674,26.27278281,7.742379027,48.29796304,2.650389679,0.781048647,4.872282609,65.77590728,30.5925872,112.8571443,312.0664686,107.1781573,658.6135777
WSM,CIP+CRO,0.1,0,0,605.6821276,603.5216384,608.7413525,605.7138754,603.5416017,608.8601212,911.8492217,702.1121191,1206.154297,915.1533982,705.0741192,1210.31065,3.304176558,2.962000131,4.156353187,167.1,167.1,167.1,435.39,435.39,435.39,0.50111449,0.197745732,0.816978526,0.122609767,0.073991814,0.172080457,0.113848736,0,0.507744371,0.047006534,0,0.62278607,0.186118538,0,2.465870647,4.17E-04,0,0.005522388,53.27444102,18.39300644,103.7310917,308.112344,98.51878179,602.5679132,167.1,167.1,167.1,435.39,435.39,435.39,0,0,0,1.066831638,0.885889068,1.11,0,0,0,0,0,0,0,0,0,0,0,0,53.32385343,18.41224245,104.1665216,311.2728769,101.4575127,606.2125379
WSM,CIP+CRO,0.1,0.025,0,605.6259039,603.5673467,608.5960684,605.7128357,603.643104,609.0154564,906.8534376,709.5128028,1184.28931,915.7427307,712.1174187,1228.5176,8.889293127,2.604615849,44.22828948,167.1,167.1,167.1,435.39,435.39,435.39,0.494939362,0.194154489,0.815789975,0.1181614,0.070310037,0.170001064,0.250788012,0,0.785548076,0.052763897,0,0.632302453,0.208914347,0,2.503549992,0.001402424,0,0.005634518,53.4580068,16.69612032,102.5188959,302.9010482,105.5297684,580.140183,167.1,167.1,167.1,435.39,435.39,435.39,0,0,0,1.065350628,0.868531659,1.11,0,0,0,1.067006265,0,3.11431959,4.224724277,0,12.3308944,0.426188794,0,1.243936567,55.60066643,19.2088319,103.8656563,304.1706937,101.7413159,619.7135032
WSM,CIP+CRO,0.1,0.05,0,605.6961593,603.5693288,608.9305134,605.8639138,603.6869939,609.1048416,913.7177604,715.3570405,1200.945398,928.8661102,715.5513624,1205.544908,15.14834983,0.19432188,4.599509711,167.1,167.1,167.1,435.39,435.39,435.39,0.502267238,0.197447119,0.808949793,0.116743275,0.071050936,0.167059206,0.380171168,0,1.041666667,0.044437425,0,0.629204882,0.175946361,0,2.491285412,0.002954166,0,0.00578125,54.0441914,18.26260526,103.946281,309.6212132,112.2921775,596.4736649,167.1,167.1,167.1,435.39,435.39,435.39,0,0,0,1.063266723,0.890883994,1.11,0,0,0,2.191554337,0,5.11026265,8.677280649,0,20.23366816,0.875361215,0,2.041165781,58.05740769,21.86948728,108.6776817,309.4905048,103.0531891,590.2496108
WSM,CIP+CRO,0.1,0.075,0,605.8038039,603.5813637,609.027889,606.0600129,603.8111839,609.3356837,923.0177209,712.6581421,1247.757114,948.12427,731.6535654,1257.41031,25.10654908,18.99542333,9.653196302,167.1,167.1,167.1,435.39,435.39,435.39,0.503236436,0.195972208,0.808856924,0.112715919,0.067942022,0.16004908,0.522521955,0,1.250315657,0.043589258,0,0.619857896,0.172588113,0,2.454276782,0.003186018,0,0.005751295,53.4770261,19.33938011,101.1564193,318.7550143,107.9128513,643.9088418,167.1,167.1,167.1,435.39,435.39,435.39,0,0,0,1.062874102,0.875619177,1.11,0,0,0,3.282047445,0.590402394,7.026082818,12.99499917,2.337650124,27.81920185,1.310931237,0.235821375,2.806391923,59.0855018,24.888959,105.6541096,321.1815646,99.46450193,639.6920637
WSM,CIP+CRO,0.1,0.1,0,605.7275403,603.6473173,608.7795164,606.0456433,603.9759441,609.3073965,915.6145459,720.1985779,1210.469957,947.1812853,746.2410569,1268.43226,31.56673943,26.04247904,57.9623032,167.1,167.1,167.1,435.39,435.39,435.39,0.495299443,0.190197994,0.811878655,0.111280047,0.066252334,0.156420059,0.670219723,0,1.591029981,0.040717963,0,0.610784549,0.161219452,0,2.418351604,0.003856098,0,0.005635236,53.07747177,18.25699505,97.84400512,311.1884489,115.6552347,605.8416568,167.1,167.1,167.1,435.39,435.39,435.39,0,0,0,1.067039512,0.879128458,1.11,0,0,0,4.420007866,1.117554385,8.85126022,17.50066064,4.424865437,35.04584291,1.765460883,0.446378968,3.535413093,60.98740372,25.79463164,107.8115971,312.1340913,109.8418532,632.230795
WSM,CIP+CRO,0.1,0.125,0,605.7174676,603.5865681,608.9407712,606.145053,603.9453946,609.1780617,916.6662916,713.2044946,1232.024738,956.4237129,749.9137669,1266.759412,39.75742129,36.70927225,34.73467443,167.1,167.1,167.1,435.39,435.39,435.39,0.503570614,0.192271318,0.817939323,0.106971444,0.062801101,0.152942873,0.812257695,0,1.715686275,0.0424693,0,0.619780048,0.168153728,0,2.453968548,0.003682606,0,0.005722391,54.73115754,19.94047255,104.7579731,312.0500403,108.6866124,628.4779231,167.1,167.1,167.1,435.39,435.39,435.39,0,0,0,1.066021187,0.904813786,1.11,0,0,0,5.413394838,1.771207182,10.33620058,21.43389533,7.012950372,40.92534316,2.162244303,0.707464124,4.128535143,64.34332536,28.08819873,111.7116959,314.2591977,104.7845499,638.6855354
WSM,CIP+CRO,0.1,0.15,0,605.7027432,603.589916,609.0175117,606.1590353,604.0405831,609.1687649,913.6863051,713.8273958,1224.602087,958.1053033,762.8859913,1249.317847,44.41899823,49.05859545,24.71576057,167.1,167.1,167.1,435.39,435.39,435.39,0.496926248,0.191799221,0.817783392,0.104166119,0.062342228,0.150816682,0.907572437,0.222173275,2,0.047384437,0,0.625978631,0.187614815,0,2.478511332,0.006571566,0,0.006260268,54.39016984,19.21558608,104.3325927,308.9278445,108.7959081,619.8337908,167.1,167.1,167.1,435.39,435.39,435.39,0,0,0,1.066093773,0.87944976,1.11,0,0,0,6.591197878,2.157361338,12.62807098,26.0973104,8.541896259,49.99981705,2.63268808,0.861703682,5.043965081,66.21061493,30.01214807,116.7817086,307.7412566,113.663707,602.8979634
WSM,CIP+CRO,0.3,0,0,605.7186593,603.6311256,608.8135337,605.6988807,603.5854013,608.7977185,914.7418712,713.9364387,1217.243312,913.5100674,713.3392041,1205.70106,-1.231803878,-0.597234585,-11.54225218,167.1,167.1,167.1,435.39,435.39,435.39,0.390330951,0.151761675,0.644521303,0.324831712,0.248680216,0.405551015,0.300760352,0,0.905394416,0.132934214,0,0.695444444,0.526342177,0,2.753555556,0.001178758,0,0.006166667,54.28260397,19.08748747,103.2059088,310.0640806,108.1947353,610.2107796,167.1,167.1,167.1,435.39,435.39,435.39,0,0,0,1.065205696,0.900812112,1.11,0,0,0,0,0,0,0,0,0,0,0,0,53.86585371,18.58488866,102.3046947,309.6305775,109.3966908,602.0939198
WSM,CIP+CRO,0.3,0.025,0,605.7991472,603.6304548,609.0789085,605.8583529,603.625136,609.0960186,922.589639,716.9795437,1229.677475,929.1684333,715.4720572,1238.574476,6.578794291,-1.507486475,8.897000612,167.1,167.1,167.1,435.39,435.39,435.39,0.391439943,0.152478435,0.634449753,0.315486686,0.232822822,0.389387435,0.656473699,0,1.515538033,0.130930154,0,0.676740585,0.518407267,0,2.679499148,0.003123524,0,0.006178668,54.29367592,18.39647964,102.059157,317.4926043,111.0406878,625.4964183,167.1,167.1,167.1,435.39,435.39,435.39,0,0,0,1.06417075,0.876593216,1.11,0,0,0,1.114916786,0,3.024038448,4.414422079,0,11.97343359,0.445325446,0,1.207876038,56.09105835,19.74903983,103.5373142,317.4308182,103.1864277,624.5528272
WSM,CIP+CRO,0.3,0.05,0,605.7522108,603.5567122,609.4759494,605.9156461,603.7252502,609.2374469,919.6713424,711.3557182,1262.818255,934.7470259,725.1007316,1251.479266,15.07568347,13.74501337,-11.33898875,167.1,167.1,167.1,435.39,435.39,435.39,0.386766997,0.151448993,0.64008939,0.310600535,0.230569826,0.385580319,1.018868836,0.226143791,2.112769208,0.14464519,0,0.719634423,0.572710832,0,2.849333801,0.007244801,0,0.023593056,54.99279172,17.114581,104.8459956,314.0239386,105.8629341,657.1188173,167.1,167.1,167.1,435.39,435.39,435.39,0,0,0,1.066306992,0.906851902,1.11,0,0,0,2.193574911,0,5.083451777,8.685280947,0,20.12751269,0.876168282,0,2.030456853,58.3532957,19.73458881,103.476381,315.5172518,104.3764172,631.1255111
WSM,CIP+CRO,0.3,0.075,0,605.6795895,603.6291962,609.0517136,605.882065,603.8162629,609.1981347,911.7056644,710.2626815,1268.030817,930.972054,731.5450228,1252.996467,19.26638958,21.28234127,-15.0343495,167.1,167.1,167.1,435.39,435.39,435.39,0.390965336,0.15220764,0.642219069,0.298862803,0.220746331,0.380401543,1.380863096,0.446428571,2.616348283,0.132547558,0,1.066545437,0.524811243,0,4.222899669,0.007434794,0,0.020132253,54.55576172,17.78835849,104.2066889,305.6264161,105.5224939,662.5104288,167.1,167.1,167.1,435.39,435.39,435.39,0,0,0,1.06138347,0.880310826,1.11,0,0,0,3.232617318,0.61970297,6.557831955,12.79928461,2.453663366,25.96520075,1.291187617,0.247524752,2.619360902,59.95675468,22.6322066,109.0406288,304.114821,106.2748216,630.0800812
WSM,CIP+CRO,0.3,0.1,0,605.6653513,603.6208545,608.5256016,605.9166067,603.8803812,609.0251929,910.1938127,713.6459508,1187.833841,935.3786761,740.1445163,1230.994583,25.18486339,26.49856544,43.16074127,167.1,167.1,167.1,435.39,435.39,435.39,0.384325411,0.147240133,0.643990926,0.294280929,0.220945854,0.368199851,1.705765729,0.517936449,3.03759073,0.135593833,0,1.060847458,0.536872724,0,4.200338983,0.010660623,0,0.235877001,52.91082613,18.83669932,101.2207865,303.686055,107.7630322,581.3939539,167.1,167.1,167.1,435.39,435.39,435.39,0,0,0,1.065328445,0.889975074,1.11,0,0,0,4.420980547,1.192190476,8.49638009,17.50451189,4.720380952,33.64072398,1.765849396,0.476190476,3.393665158,60.19499857,25.28286756,109.5997807,300.3182739,99.38897743,589.3655489
WSM,CIP+CRO,0.3,0.125,0,605.7600159,603.6241005,608.9870011,606.1385698,603.9287836,609.5142648,920.1608547,712.3996616,1247.194863,956.5127673,747.4765611,1265.239572,36.35191258,35.07689958,18.04470906,167.1,167.1,167.1,435.39,435.39,435.39,0.39251193,0.150774949,0.649441695,0.285398568,0.212205882,0.352389186,2.106233619,0.892562146,3.465346535,0.149062656,0,1.154001029,0.590201429,0,4.56917295,0.013961308,0,0.243918514,54.53635629,18.14556545,103.2093121,313.055284,104.7534801,634.2223393,167.1,167.1,167.1,435.39,435.39,435.39,0,0,0,1.065763487,0.880506191,1.11,0,0,0,5.42334,1.831025931,10.43166667,21.47327239,7.249797829,41.30333333,2.166216648,0.731357218,4.166666667,63.43177941,25.72421938,110.909905,314.4924064,101.2039306,626.1285392
WSM,CIP+CRO,0.3,0.15,0,605.6962751,603.5883613,609.0390259,606.1524216,604.0948454,609.1845661,913.650913,708.0664822,1235.269485,958.2455378,753.4794887,1263.469945,44.59462479,45.41300651,28.20045928,167.1,167.1,167.1,435.39,435.39,435.39,0.385368316,0.145888117,0.652318582,0.27709965,0.205757776,0.343337854,2.464870224,1.111111111,4.086834016,0.137850284,0,0.70753648,0.545806955,0,2.801432983,0.01314985,0,0.242748046,54.93896975,18.26502967,103.9925089,306.1630371,101.3841406,629.1324663,167.1,167.1,167.1,435.39,435.39,435.39,0,0,0,1.067604529,0.906100456,1.11,0,0,0,6.474372189,2.108616064,12.15448875,25.63474862,8.34889332,48.12470685,2.586025,0.842233609,4.854804581,65.75974879,28.8678491,115.3801557,308.6660014,104.4771759,618.9238192
WSM,CIP+CRO,0.5,0,0,605.7689713,603.6978467,608.8958812,605.786512,603.647048,609.1068803,921.8679166,718.663834,1246.643222,922.3260009,718.2472312,1235.179815,0.458084238,-0.416602776,-11.46340764,167.1,167.1,167.1,435.39,435.39,435.39,0.282168688,0.109864274,0.468358742,0.527583299,0.422197242,0.611332084,0.499018954,0,1.269035533,0.201731601,0,1.209468599,0.798739821,0,4.788792271,0.001788801,0,0.010724638,54.70467684,17.38457651,104.1565512,316.3969047,112.6665456,641.6911664,167.1,167.1,167.1,435.39,435.39,435.39,0,0,0,1.066036049,0.903614847,1.11,0,0,0,0,0,0,0,0,0,0,0,0,54.34982525,17.85532847,101.4211449,318.4520608,114.3340788,631.2975587
WSM,CIP+CRO,0.5,0.025,0,605.7573298,603.5777231,609.0254098,605.8673195,603.7310888,609.4069502,920.3705923,707.9392223,1219.836643,929.1256991,722.69719,1274.892578,8.755106772,14.75796773,55.05593483,167.1,167.1,167.1,435.39,435.39,435.39,0.277641732,0.110961591,0.468718668,0.516428963,0.424378825,0.596495327,1.068554747,0.239177759,2.217023119,0.219415796,0,1.215488018,0.868758948,0,4.812625669,0.005079418,0,0.011565543,52.84421328,18.09775885,102.601533,314.0669218,103.1635836,609.5106677,167.1,167.1,167.1,435.39,435.39,435.39,0,0,0,1.069639487,0.918164883,1.11,0,0,0,1.065915549,0,3.113930348,4.220405677,0,12.32935323,0.425753135,0,1.243781095,54.30989374,19.14810857,105.4373389,317.6165456,111.5811118,658.8537229
WSM,CIP+CRO,0.5,0.05,0,605.706739,603.6236885,608.6458308,605.8965178,603.7468001,608.9978355,916.2184592,715.1386034,1191.647873,932.83173,727.8364212,1238.718484,16.61327079,12.69781773,47.07061041,167.1,167.1,167.1,435.39,435.39,435.39,0.276722586,0.106945189,0.463522048,0.50144743,0.401992857,0.586671449,1.652153107,0.490196078,2.966101695,0.235538695,0,1.2518,0.932596251,0,4.9564,0.009422048,0,0.22423872,55.32606948,18.52209421,103.6135772,309.0414839,105.1266504,585.0717658,167.1,167.1,167.1,435.39,435.39,435.39,0,0,0,1.066011445,0.886889195,1.11,0,0,0,2.185723261,0,4.950796526,8.65419298,0,19.60227505,0.873032138,0,1.977471052,58.49262424,22.04637404,105.8560053,313.4685606,106.6002416,624.4502711
WSM,CIP+CRO,0.5,0.075,0,605.7356473,603.6613721,609.0613703,605.9366438,603.848144,609.2921119,917.1895877,717.7418884,1224.986817,937.5402177,739.750725,1270.323274,20.35063005,22.00883654,45.33645656,167.1,167.1,167.1,435.39,435.39,435.39,0.277845539,0.107776198,0.469085229,0.488890576,0.38463784,0.571331691,2.246163652,0.908886159,3.731990337,0.228140663,0,1.233453129,0.903304349,0,4.88375706,0.015087137,0,0.246335441,54.8265612,19.71449306,100.2330115,309.2943933,110.6453653,619.156459,167.1,167.1,167.1,435.39,435.39,435.39,0,0,0,1.065519717,0.894109443,1.11,0,0,0,3.301534513,0.587630874,6.955253101,13.07215662,2.326676517,27.53875736,1.318714856,0.234714361,2.778100775,60.21096505,23.52470822,108.5024614,310.4171213,112.4438073,622.8404334
WSM,CIP+CRO,0.5,0.1,0,605.7665254,603.5965307,609.0005305,606.0212517,603.8570748,609.1357638,919.7590664,712.8936239,1235.206853,946.0299904,734.6354419,1233.53187,26.27092398,21.74181797,-1.67498365,167.1,167.1,167.1,435.39,435.39,435.39,0.279579851,0.10606464,0.466228802,0.477137013,0.37525094,0.565787585,2.824514223,1.315503432,4.481283261,0.22906344,0,1.239715792,0.906958008,0,4.908553564,0.0198554,0,0.253807107,54.38751577,17.95979809,102.3025342,311.1323518,105.049628,625.1796225,167.1,167.1,167.1,435.39,435.39,435.39,0,0,0,1.067281753,0.89368875,1.11,0,0,0,4.303836243,1.16433034,8.388350515,17.04068857,4.610071016,33.21298969,1.719059052,0.465062446,3.350515464,61.17105612,25.0903542,109.4702969,311.66994,104.1756484,600.8058056
WSM,CIP+CRO,0.5,0.125,0,605.7455216,603.5817577,608.7097007,606.1323505,604.0444249,609.3454018,918.1383527,712.6060448,1203.719955,955.1666782,753.9292379,1253.126554,37.02832551,41.32319311,49.40659897,167.1,167.1,167.1,435.39,435.39,435.39,0.282133227,0.10658492,0.467987835,0.461850791,0.36287079,0.547536921,3.393038779,1.706904678,5.324900794,0.234009255,0,1.233300493,0.926540558,0,4.883152709,0.02721899,0,0.252569086,55.42841475,20.00953466,102.5318014,308.6799281,103.173706,593.7206533,167.1,167.1,167.1,435.39,435.39,435.39,0,0,0,1.068342099,0.88790177,1.11,0,0,0,5.543495635,1.714599658,10.38078049,21.94901882,6.788817497,41.10185366,2.214209792,0.684853674,4.146341463,63.89978896,27.33341713,110.7381568,312.4669389,109.6190422,620.5925111
WSM,CIP+CRO,0.5,0.15,0,605.7643023,603.7012567,608.7611366,606.1685935,604.0744754,609.4924901,919.0410567,720.9974349,1217.747312,959.2936765,762.1754955,1285.044545,40.2526198,41.17806066,67.29723255,167.1,167.1,167.1,435.39,435.39,435.39,0.282586816,0.107675371,0.473531561,0.447431578,0.3552,0.52583959,4.060929962,2.216275104,6.018809324,0.262119266,0,1.2518,1.037839854,0,4.9564,0.028977038,0,0.255134746,55.75837516,20.14625976,104.2384538,308.6015249,112.1239794,607.5349079,167.1,167.1,167.1,435.39,435.39,435.39,0,0,0,1.065304156,0.878714656,1.11,0,0,0,6.51845748,2.296358716,11.64585082,25.80930073,9.092245038,46.11079645,2.603633759,0.917222686,4.651641963,66.12573791,28.50064694,112.7622521,309.3625023,108.2511144,637.4647164
WSM,CIP+CRO,0.7,0,0,605.7782668,603.6031085,609.0517107,605.6570746,603.5018732,608.6872868,921.3731289,712.3940556,1243.562107,910.8852227,705.4117243,1208.957528,-10.48790622,-6.982331249,-34.60457817,167.1,167.1,167.1,435.39,435.39,435.39,0.16463223,0.064441534,0.291890665,0.729136603,0.59385,0.818443662,0.700234858,0,1.598541759,0.313059495,0,1.332799684,1.239533538,0,5.277111644,0.002775971,0,0.011818243,54.60980977,18.85482922,103.8118283,314.7753348,106.495213,636.6461218,167.1,167.1,167.1,435.39,435.39,435.39,0,0,0,1.06423063,0.893443706,1.11,0,0,0,0,0,0,0,0,0,0,0,0,53.83648132,18.37274371,102.2999342,307.0074232,101.5912584,605.1600821
WSM,CIP+CRO,0.7,0.025,0,605.7609395,603.6575209,609.1163304,605.8075822,603.7119799,609.1861471,918.3229423,717.4586048,1237.913985,924.9856492,725.149384,1243.794137,6.662706902,7.690779218,5.880151806,167.1,167.1,167.1,435.39,435.39,435.39,0.168221131,0.065077396,0.293254698,0.713004849,0.580846821,0.802227273,1.474340553,0.456569116,2.791083294,0.303006524,0,1.304129009,1.199729617,0,5.163592441,0.007863713,0,0.01852865,54.42199212,19.45132866,102.0712223,310.8328193,109.3232051,632.9404955,167.1,167.1,167.1,435.39,435.39,435.39,0,0,0,1.066090169,0.88794532,1.11,0,0,0,1.091235479,0,3.053544895,4.320657874,0,12.09026196,0.435866544,0,1.219661645,55.62242828,20.37673598,104.1779768,313.3869339,111.9146051,631.6412116
WSM,CIP+CRO,0.7,0.05,0,605.8158178,603.6961759,608.9026388,605.9005574,603.8053951,608.977471,926.26431,723.2893045,1225.488202,934.8617408,731.4442057,1243.726361,8.597430802,8.154901217,18.23815905,167.1,167.1,167.1,435.39,435.39,435.39,0.167348837,0.060212144,0.291209374,0.693037031,0.567141646,0.777,2.320163987,0.989856339,3.868374482,0.321563528,0,1.31078534,1.273204563,0,5.189947644,0.014399377,0,0.242239762,56.14444877,19.86650751,106.1979449,317.530289,112.0008989,617.3704083,167.1,167.1,167.1,435.39,435.39,435.39,0,0,0,1.065714929,0.892414202,1.11,0,0,0,2.13631487,0,4.89921918,8.458564486,0,19.39805875,0.8532972,0,1.956869779,58.94864844,22.75605253,108.1110508,315.7766729,109.4520648,624.8928805
WSM,CIP+CRO,0.7,0.075,0,605.7640383,603.6567675,609.1546279,605.9955616,603.7941062,609.041905,919.5593024,713.5696443,1219.55034,942.3362921,732.6594485,1252.335507,22.77698962,19.08980418,32.78516641,167.1,167.1,167.1,435.39,435.39,435.39,0.167095026,0.063456263,0.288060869,0.676783199,0.559900503,0.760444828,3.183128145,1.61271826,5.072657522,0.323106672,0,1.324656085,1.279314513,0,5.244867725,0.019389272,0,0.246305419,55.16996424,18.22813373,106.390944,309.7616357,104.7963129,610.8624165,167.1,167.1,167.1,435.39,435.39,435.39,0,0,0,1.068152853,0.886786048,1.11,0,0,0,3.30996462,0.61048665,7.438636774,13.10553494,2.417172099,29.45267559,1.32208205,0.243843525,2.971176216,59.85446114,21.16754201,108.6633115,315.0895404,100.4947034,624.7597254
WSM,CIP+CRO,0.7,0.1,0,605.8371832,603.6813792,609.0144087,606.0303143,603.8279689,609.332059,926.6581058,716.9190248,1236.58408,945.3253813,735.7012988,1248.314243,18.66727552,18.78227403,11.73016307,167.1,167.1,167.1,435.39,435.39,435.39,0.173455629,0.062955984,0.301279111,0.658035883,0.533413272,0.749253522,3.871903757,2.073259264,5.897727273,0.346031072,0,1.38359079,1.370081808,0,5.478214883,0.030108616,0,0.261125064,55.5833877,19.05985241,106.7220108,315.7844822,105.3797444,622.059815,167.1,167.1,167.1,435.39,435.39,435.39,0,0,0,1.066679492,0.900705646,1.11,0,0,0,4.389781805,1.15894054,9.204411765,17.38098302,4.588730543,36.44411765,1.753387844,0.462909626,3.676470588,61.83557543,24.66581735,112.9826463,310.6078776,98.25738401,619.9595958
WSM,CIP+CRO,0.7,0.125,0,605.7905007,603.5466731,609.1030591,606.1272934,603.9738479,609.3199889,922.2550912,709.4980292,1248.318286,956.3217979,747.2416557,1261.955456,34.06670674,37.74362642,13.63717039,167.1,167.1,167.1,435.39,435.39,435.39,0.166850028,0.063087875,0.290970997,0.638867103,0.525773769,0.730841584,4.75830547,2.843534576,6.937965178,0.357219831,0,1.368275356,1.414382787,0,5.417574671,0.032814978,0,0.255671667,55.16060289,21.07903691,103.6399832,310.1778258,98.66985051,634.8545836,167.1,167.1,167.1,435.39,435.39,435.39,0,0,0,1.064789378,0.88461477,1.11,0,0,0,5.420490269,1.796842105,10.03838248,21.46198911,7.114449761,39.74615669,2.165078395,0.717703349,4.009579199,63.19461985,27.76033901,111.0029811,314.1900278,99.33783092,632.7172436
WSM,CIP+CRO,0.7,0.15,0,605.8604157,603.7229437,609.111056,606.1991878,604.0977316,609.5235313,929.0062309,722.9000543,1254.1478,962.689805,760.7763578,1260.063325,33.68357407,37.87630347,5.91552484,167.1,167.1,167.1,435.39,435.39,435.39,0.170381206,0.064692753,0.297438681,0.619539757,0.51309307,0.705372934,5.571688465,3.482587065,7.848104551,0.361032944,0,1.399458452,1.429480495,0,5.541041596,0.04836108,0,0.266227461,56.43549592,20.72151127,103.0475133,315.8763277,108.8133783,640.8111552,167.1,167.1,167.1,435.39,435.39,435.39,0,0,0,1.065486694,0.901506511,1.11,0,0,0,6.598877992,2.418937198,12.19777209,26.12771919,9.577584541,48.29608372,2.635755708,0.966183575,4.872093023,66.1977071,29.75319846,113.203414,312.360262,105.0299533,625.1715488
WSM,CIP+CRO+NDA,0.1,0,0,605.7214522,603.555314,608.9842154,605.7845604,603.62682,609.1184824,915.113313,709.9899989,1226.589592,921.4817336,710.3660564,1220.033593,6.36842061,0.376057494,-6.555999068,167.1,167.1,167.1,435.39,435.39,435.39,0.492764505,0.19905832,0.820270039,0.121809358,0.075418759,0.172248816,0.114408935,0,0.495049505,0.050473463,0,0.616960121,0.199845559,0,2.442803277,0.002409486,0,0.005692308,54.42213051,18.5015857,105.149712,311.3601981,106.6218609,623.2298232,167.1,167.1,167.1,435.39,435.39,435.39,0,0,0,1.068632208,0.896260226,1.11,0,0,0,0,0,0,0,0,0,0,0,0,54.25087319,18.53472745,103.8150118,317.6073453,106.4800954,616.1671022
WSM,CIP+CRO+NDA,0.1,0.025,0,605.7871492,603.5965063,609.0783315,605.8792055,603.6625853,609.1397887,922.9962381,710.7514123,1235.717803,931.7845899,720.6707084,1237.107714,8.788351768,9.91929615,1.389910779,167.1,167.1,167.1,435.39,435.39,435.39,0.493311517,0.19353344,0.81903015,0.118505963,0.074985335,0.169160187,0.250425223,0,0.802355832,0.038782313,0,0.622863918,0.153555403,0,2.466178881,0.005855208,0,0.006101457,53.21853872,17.2549469,104.7220835,319.130547,107.0585658,631.7040317,167.1,167.1,167.1,435.39,435.39,435.39,0,0,0,1.065817977,0.895261367,1.11,0,0,0,1.052476955,0,3.03841102,4.167196659,0,12.03034061,0.420385427,0,1.2136168,55.11061068,19.33273757,106.9574698,320.4585128,112.1166191,629.8764914
WSM,CIP+CRO+NDA,0.1,0.05,0,605.6962539,603.5798537,609.0462339,605.8475894,603.685611,609.3064626,914.0108426,709.6382087,1234.890321,928.9743586,715.3825811,1252.446327,14.96351595,5.744372448,17.55600596,167.1,167.1,167.1,435.39,435.39,435.39,0.501421432,0.192476136,0.81610301,0.115754222,0.068386602,0.165432692,0.384230556,0,1.036404361,0.039477762,0,0.619780048,0.156308977,0,2.453968548,0.009078298,0,0.230441415,53.4840238,17.9226221,100.5936687,309.9533819,105.9602283,631.1120662,167.1,167.1,167.1,435.39,435.39,435.39,0,0,0,1.065981875,0.895861015,1.11,0,0,0,2.219673755,0,5.058419628,8.788617191,0,20.02839994,0.886592808,0,2.020458391,57.33057933,21.7591292,103.7131029,309.5267311,96.63126073,637.7369304
WSM,CIP+CRO+NDA,0.1,0.075,0,605.7324975,603.6131794,608.9030449,605.9460691,603.8073537,609.0974409,916.2486299,708.8756873,1238.533597,937.3193446,730.6359046,1238.538499,21.07071469,21.76021724,0.004901933,167.1,167.1,167.1,435.39,435.39,435.39,0.491496705,0.191070266,0.810503248,0.113170588,0.068386602,0.160211147,0.52044063,0,1.339405722,0.045592747,0,0.629124651,0.180520764,0,2.490967743,0.010276031,0,0.238095238,55.39695969,20.19673884,109.6566439,311.9863236,104.5824812,634.3584547,167.1,167.1,167.1,435.39,435.39,435.39,0,0,0,1.067909902,0.884667449,1.11,0,0,0,3.314961823,0.590471698,6.717454807,13.12532096,2.337924528,26.59721442,1.324078057,0.235849057,2.683118233,61.06398707,26.30595852,112.9968217,310.1929096,105.454468,620.9581712
WSM,CIP+CRO+NDA,0.1,0.1,0,605.6971267,603.5648381,608.5599674,606.0443029,603.8368483,608.9886304,913.1718966,706.2954425,1187.252208,946.123412,738.2184507,1232.095289,32.95151531,31.92300826,44.84308046,167.1,167.1,167.1,435.39,435.39,435.39,0.489041863,0.189093484,0.819361441,0.111490577,0.067261048,0.155612027,0.637335298,0,1.463414634,0.052552877,0,0.632222222,0.208078832,0,2.503232323,0.018151626,0,0.251256281,52.57982737,16.93577663,102.4629295,308.7048641,102.2234179,581.70326,167.1,167.1,167.1,435.39,435.39,435.39,0,0,0,1.065376655,0.88785,1.11,0,0,0,4.44281229,1.203653846,9.022272639,17.5909529,4.765769231,35.72295263,1.774569536,0.480769231,3.603719699,60.42678641,24.19458569,108.8342854,310.894697,99.78904169,597.0761202
WSM,CIP+CRO+NDA,0.1,0.125,0,605.6796805,603.6303262,608.6457081,606.1076201,604.0900767,609.0708455,912.9374948,713.3169782,1189.001771,952.4932046,757.7271923,1251.108644,39.55570986,44.41021404,62.10687305,167.1,167.1,167.1,435.39,435.39,435.39,0.498504437,0.195674475,0.825294798,0.106077775,0.061933898,0.160956976,0.790302519,0,1.750219849,0.044031256,0,0.632222222,0.174338165,0,2.503232323,0.018645681,0,0.25,54.73352645,19.11072075,103.5257987,308.3312685,108.9210387,584.8199568,167.1,167.1,167.1,435.39,435.39,435.39,0,0,0,1.061785007,0.854615505,1.11,0,0,0,5.524962137,1.779186661,10.48524672,21.87563695,7.04454447,41.51547919,2.206807052,0.710651327,4.188067871,64.19854073,28.35867033,111.1477885,309.860614,111.3769637,621.2509902
WSM,CIP+CRO+NDA,0.1,0.15,0,605.71593,603.6259228,609.0973017,606.1957829,604.0926957,609.6125211,914.4185091,713.2750634,1214.889129,963.2639877,763.4056103,1280.761036,48.84547865,50.13054682,65.87190728,167.1,167.1,167.1,435.39,435.39,435.39,0.499729039,0.192953831,0.808246377,0.104142543,0.061643657,0.152352941,0.889811577,0,1.951352068,0.049691215,0,0.6259,0.196748315,0,2.4782,0.024938483,0,0.255124,54.48897265,18.18947723,101.8158935,309.6204821,107.7254749,611.584161,167.1,167.1,167.1,435.39,435.39,435.39,0,0,0,1.068591451,0.911118725,1.11,0,0,0,6.548536044,2.328930233,12.19991967,25.92839435,9.221209302,48.30458689,2.615647885,0.930232558,4.87295082,65.97538522,30.15164902,112.2550375,313.1522832,113.0269882,640.3382419
WSM,CIP+CRO+NDA,0.3,0,0,605.7371072,603.741516,608.6792583,605.752855,603.6843741,608.9436617,917.0953911,725.6621297,1198.009438,920.2397133,722.3824468,1217.553671,3.144322142,-3.279682922,19.54423387,167.1,167.1,167.1,435.39,435.39,435.39,0.372797227,0.150129976,0.636532613,0.323767168,0.245416457,0.40084419,0.291513804,0,0.926142264,0.125655143,0,0.724122196,0.497521288,0,2.867102773,0.007768938,0,0.213744589,54.26083396,17.36770768,106.8890799,312.4902729,119.5202133,591.5924178,167.1,167.1,167.1,435.39,435.39,435.39,0,0,0,1.060835344,0.862642535,1.11,0,0,0,0,0,0,0,0,0,0,0,0,53.97613326,17.53301202,105.4373856,316.3715375,118.4594847,613.4212
WSM,CIP+CRO+NDA,0.3,0.025,0,605.6762277,603.576865,608.7972948,605.7727019,603.6724582,608.9816805,912.0938454,714.4137441,1216.692904,921.2128659,718.6191104,1225.511817,9.119020485,4.205366355,8.818913495,167.1,167.1,167.1,435.39,435.39,435.39,0.387194915,0.149540165,0.642486338,0.316850284,0.243355072,0.392787302,0.654728184,0,1.546592062,0.134114361,0,0.680419028,0.531014873,0,2.694063643,0.016093403,0,0.245098039,54.63814203,17.95648106,105.4461386,306.9568842,108.9051746,612.844733,167.1,167.1,167.1,435.39,435.39,435.39,0,0,0,1.067979034,0.892759058,1.11,0,0,0,1.094877152,0,3.17715736,4.335076781,0,12.57969543,0.437321118,0,1.269035533,56.40652459,19.40480579,105.4893498,309.554671,104.628916,619.3380144
WSM,CIP+CRO+NDA,0.3,0.05,0,605.7276118,603.665612,608.8901635,605.8598679,603.7323094,609.026816,916.1203049,714.0739474,1215.2843,930.6325595,726.6609729,1235.886995,14.5122546,12.58702552,20.60269479,167.1,167.1,167.1,435.39,435.39,435.39,0.381720432,0.149449105,0.639053474,0.307541904,0.229646187,0.383273543,1.011769286,0.209227468,2.112925193,0.120690161,0,0.673286577,0.477862849,0,2.665823286,0.02499368,0,0.25383948,55.49533367,17.81794594,103.1364863,310.5988451,109.633339,611.0098499,167.1,167.1,167.1,435.39,435.39,435.39,0,0,0,1.067079698,0.886881458,1.11,0,0,0,2.242601803,0,5.32712408,8.879398926,0,21.0923133,0.89575084,0,2.127785621,59.0166299,20.86461036,107.2814371,311.044843,107.5620348,617.032804
WSM,CIP+CRO+NDA,0.3,0.075,0,605.8010981,603.6150702,608.9680513,606.0374406,603.8268351,608.9008512,924.419927,709.5300276,1236.836276,946.7999009,731.2447923,1232.017272,22.37997391,21.71476468,-4.81900363,167.1,167.1,167.1,435.39,435.39,435.39,0.386451884,0.149551102,0.641655296,0.301493277,0.222966295,0.375569328,1.323588728,0.270233944,2.478354611,0.144383109,0,0.732154438,0.571673145,0,2.898905779,0.040822608,0,0.269031757,54.31552363,18.58187518,103.1266173,318.3324644,104.9737245,632.7156321,167.1,167.1,167.1,435.39,435.39,435.39,0,0,0,1.063505248,0.893495341,1.11,0,0,0,3.300208764,0.584953271,6.919569958,13.06690743,2.316074766,27.39747287,1.318185319,0.23364486,2.763848042,59.79099692,23.22244733,108.4635013,319.5155612,103.8227279,603.9415713
WSM,CIP+CRO+NDA,0.3,0.1,0,605.706754,603.6390625,608.8465496,606.0047319,603.9716804,609.0010349,915.2050601,717.3549891,1213.239097,942.6197357,748.6502317,1226.372621,27.41467565,31.29524259,13.13352353,167.1,167.1,167.1,435.39,435.39,435.39,0.384057522,0.148564586,0.643856701,0.293165492,0.223987894,0.364894223,1.711437791,0.669642857,2.97029703,0.145826432,0,0.711986501,0.577387865,0,2.819052481,0.049272405,0,0.27027027,54.67555974,17.85294114,99.60839886,308.610229,112.3035277,607.1712266,167.1,167.1,167.1,435.39,435.39,435.39,0,0,0,1.065735622,0.892002323,1.11,0,0,0,4.452252213,1.220541347,8.824992622,17.6283295,4.832633914,34.9418385,1.778340076,0.487514518,3.524921162,61.93213392,23.95068465,108.2397933,307.5208979,106.9705903,595.9529953
WSM,CIP+CRO+NDA,0.3,0.125,0,605.6821344,603.5990676,608.7957489,606.040519,604.0381937,609.1842518,912.7462408,714.2867351,1217.441807,946.3546172,755.7178935,1252.606682,33.60837644,41.43115838,35.1648744,167.1,167.1,167.1,435.39,435.39,435.39,0.392288519,0.15073665,0.639037113,0.285317472,0.211675866,0.353699142,2.037774058,0.765306122,3.521931079,0.161649765,0,1.108160185,0.640039061,0,4.387669868,0.062982354,0,0.462962963,55.38300356,18.05380556,105.6882594,305.5854536,107.2531813,611.788572,167.1,167.1,167.1,435.39,435.39,435.39,0,0,0,1.06450794,0.884419773,1.11,0,0,0,5.354217597,1.699084658,10.38078049,21.19958787,6.727387122,41.10185366,2.138607444,0.678656598,4.146341463,64.53181121,27.34932648,111.8787209,304.4873304,111.0357284,620.6571863
WSM,CIP+CRO+NDA,0.3,0.15,0,605.6724325,603.582594,608.7428118,606.129975,604.1212055,609.2246994,910.9967159,710.7254309,1202.145885,956.2307434,756.6896448,1250.237292,45.23402745,45.9642139,48.09140676,167.1,167.1,167.1,435.39,435.39,435.39,0.385699569,0.150026482,0.647045278,0.277216515,0.200390473,0.355436995,2.423027374,0.947867299,4.186075152,0.141816242,0,1.098191108,0.561509843,0,4.348198122,0.065534872,0,0.468136395,54.01506032,19.65904268,100.4299246,303.4986386,102.1690443,594.1005507,167.1,167.1,167.1,435.39,435.39,435.39,0,0,0,1.065936426,0.877804185,1.11,0,0,0,6.607495764,1.997288965,12.63313405,26.16184055,7.908102752,50.01986387,2.639197861,0.797766802,5.045987397,65.16403694,30.77191534,110.4227344,305.5870866,104.0383625,603.5930706
WSM,CIP+CRO+NDA,0.5,0,0,605.7203579,603.5164597,608.9213119,605.6837985,603.5455632,609.1004474,915.1307571,704.1914631,1229.501569,913.0142213,704.9173671,1232.576011,-2.116535874,0.725904094,3.074442269,167.1,167.1,167.1,435.39,435.39,435.39,0.275263872,0.104140356,0.464640483,0.526316043,0.41625,0.614479302,0.478290749,0,1.282051282,0.219197027,0,1.245572139,0.867892751,0,4.931741294,0.012077155,0,0.238095238,53.37791177,17.61803748,104.5485689,309.5497292,98.65712003,625.9206057,167.1,167.1,167.1,435.39,435.39,435.39,0,0,0,1.062937684,0.867753497,1.11,0,0,0,0,0,0,0,0,0,0,0,0,52.97726933,17.09753843,103.7460812,309.1430458,101.1553227,628.596095
WSM,CIP+CRO+NDA,0.5,0.025,0,605.847382,603.6749182,609.2852454,605.913308,603.7172103,609.3414549,928.0791343,717.7097673,1247.643348,934.1728795,717.602465,1273.66221,6.09374521,-0.107302336,26.01886192,167.1,167.1,167.1,435.39,435.39,435.39,0.277795288,0.107632018,0.464407041,0.513298628,0.406620261,0.604517382,1.05596619,0.23693888,2.153368835,0.221569073,0,1.245885097,0.877284673,0,4.932980425,0.028241036,0,0.260425383,55.15964115,19.1251508,104.1472425,321.7812968,111.5638715,642.8613063,167.1,167.1,167.1,435.39,435.39,435.39,0,0,0,1.066478377,0.894581846,1.11,0,0,0,1.074253439,0,3.023671498,4.253418874,0,11.97198068,0.429083495,0,1.207729469,56.69472365,20.71996198,103.3544349,322.6971695,101.8347462,658.0196713
WSM,CIP+CRO+NDA,0.5,0.05,0,605.7589213,603.6731929,609.1116918,605.8578788,603.7396658,609.3728081,919.1149226,716.1524297,1232.64846,929.8563883,723.6489481,1247.857252,10.74146572,7.496518436,15.20879186,167.1,167.1,167.1,435.39,435.39,435.39,0.276161015,0.110510949,0.463659309,0.5002687,0.400343198,0.583152956,1.648175667,0.517871702,3.023965498,0.230022016,0,1.233453129,0.910753411,0,4.88375706,0.04508977,0,0.271861702,54.338186,18.86226441,101.7970428,311.9512518,109.2269635,626.2591735,167.1,167.1,167.1,435.39,435.39,435.39,0,0,0,1.064262431,0.886827794,1.11,0,0,0,2.197499349,0,5.007919425,8.700819439,0,19.82844851,0.8777358,0,2.000287356,57.30410345,22.18709783,105.2328363,310.5851527,104.8327624,627.5371903
WSM,CIP+CRO+NDA,0.5,0.075,0,605.7295372,603.5786491,608.9642749,605.9109997,603.8516808,609.141904,916.0360603,712.2124449,1216.953627,933.7668135,740.1167561,1232.186909,17.73075321,27.90431113,15.23328221,167.1,167.1,167.1,435.39,435.39,435.39,0.275578322,0.105095755,0.460215239,0.488954435,0.392041026,0.577808219,2.228452473,0.921553291,3.773942253,0.244919063,0,1.252116111,0.969737055,0,4.957651616,0.056866752,0,0.280946429,55.73117329,18.94937955,104.8497307,308.0143495,103.5715086,608.2730354,167.1,167.1,167.1,435.39,435.39,435.39,0,0,0,1.06615574,0.884360203,1.11,0,0,0,3.27421101,0.61056004,6.85982113,12.96397144,2.417462681,27.16090226,1.30780117,0.243872839,2.739982877,60.68748491,22.56527545,107.8998012,306.7811807,111.3419793,611.3177577
WSM,CIP+CRO+NDA,0.5,0.1,0,605.76669,603.6372251,608.9264498,606.0913093,603.8345563,609.3909482,921.2848159,719.8656,1237.179411,950.0927851,735.7690026,1251.271191,28.80796919,15.90340263,14.09178057,167.1,167.1,167.1,435.39,435.39,435.39,0.283691961,0.109380938,0.470831172,0.476650827,0.381018657,0.559835108,2.777948935,1.401706151,4.439657167,0.261652698,0,1.258409765,1.035992518,0,4.982570824,0.075201208,0,0.471829009,54.43278974,19.3862712,103.721473,312.4201518,110.5875159,627.885075,167.1,167.1,167.1,435.39,435.39,435.39,0,0,0,1.069309183,0.905335322,1.11,0,0,0,4.31015282,1.153732719,8.30037919,17.06569854,4.568110599,32.8646744,1.72158205,0.460829493,3.315377532,61.09973639,25.09944275,108.3323135,315.7361735,101.1972464,629.7978756
WSM,CIP+CRO+NDA,0.5,0.125,0,605.711669,603.6169125,609.0790297,606.0368672,603.9215972,609.2835599,913.059346,710.80422,1232.399958,947.3369173,741.3808997,1271.218337,34.27757123,30.57667964,38.81837839,167.1,167.1,167.1,435.39,435.39,435.39,0.280869332,0.108526344,0.466074716,0.464052503,0.364552804,0.552101127,3.325265839,1.75,5.150382994,0.242093385,0,1.251957261,0.958549013,0,4.957022663,0.090016671,0,0.480786905,54.96929655,18.63786252,104.3883778,303.6369191,101.2701492,624.0872797,167.1,167.1,167.1,435.39,435.39,435.39,0,0,0,1.065199941,0.897759831,1.11,0,0,0,5.542134495,1.289863688,10.18244403,21.9436295,5.10711007,40.31655665,2.213666119,0.515203582,4.06712096,63.28360434,25.9756394,112.6225679,304.7138023,98.79175925,633.8450462
WSM,CIP+CRO+NDA,0.5,0.15,0,605.823802,603.6890143,608.885907,606.2197565,604.1658519,609.0446163,926.1374565,720.5151336,1221.673071,964.4938574,763.9798041,1237.091049,38.35640087,43.46467057,15.41797853,167.1,167.1,167.1,435.39,435.39,435.39,0.280612764,0.107082572,0.463666856,0.449585669,0.34963884,0.527713751,3.924671259,2.183168787,5.882699778,0.253736313,0,1.277346939,1.004648236,0,5.05755102,0.115728839,0,0.520850765,56.79704018,19.27704496,104.3641348,315.832419,110.6969068,611.4626257,167.1,167.1,167.1,435.39,435.39,435.39,0,0,0,1.062805727,0.886712629,1.11,0,0,0,6.592956687,1.96396606,11.92258214,26.10427426,7.776163429,47.20649156,2.633390592,0.784456806,4.762175325,66.91817409,28.63255083,115.7788273,314.2781838,109.8776767,591.9598269
WSM,CIP+CRO+NDA,0.7,0,0,605.7602244,603.6688644,609.0081045,605.6930465,603.6816577,608.6098296,920.2183578,720.2935407,1243.270936,913.7509152,718.4025299,1207.052233,-6.467442623,-1.891010859,-36.21870361,167.1,167.1,167.1,435.39,435.39,435.39,0.172019819,0.063779496,0.292186156,0.727917213,0.586624014,0.815422184,0.68860076,0,1.583800187,0.29309056,0,1.304129009,1.160468167,0,5.163592441,0.013302719,0,0.239292236,54.75796022,19.02403492,101.9472978,313.7486918,112.810028,637.7328966,167.1,167.1,167.1,435.39,435.39,435.39,0,0,0,1.064063951,0.895253154,1.11,0,0,0,0,0,0,0,0,0,0,0,0,54.11689673,18.65035769,103.1724061,309.8765908,114.4238708,603.0997253
WSM,CIP+CRO+NDA,0.7,0.025,0,605.7789491,603.5998247,608.942153,605.8378613,603.6800202,609.2428266,921.4246911,713.9038767,1240.109558,926.8173313,718.9928079,1258.588699,5.392640229,5.088931202,18.47914065,167.1,167.1,167.1,435.39,435.39,435.39,0.17106962,0.064325788,0.291736986,0.713659246,0.596321789,0.799007193,1.473666327,0.450349903,2.851375598,0.327667065,0,1.324832236,1.297371018,0,5.245565181,0.039837505,0,0.263157895,53.99337386,18.54227633,102.5896805,313.682076,105.4053355,634.0759492,167.1,167.1,167.1,435.39,435.39,435.39,0,0,0,1.067376491,0.915856568,1.11,0,0,0,1.05994309,0,2.953777894,4.196758212,0,11.69524265,0.423367587,0,1.179812228,55.01594111,19.43121603,105.2757952,315.3538711,109.3738919,646.4525587
WSM,CIP+CRO+NDA,0.7,0.05,0,605.7947575,603.7162406,609.2605782,605.8898159,603.769418,609.0542397,921.8272806,720.9604683,1261.868839,932.7758928,724.4075326,1240.585564,10.94861217,3.447064342,-21.28327537,167.1,167.1,167.1,435.39,435.39,435.39,0.166708114,0.063523866,0.294634116,0.693149648,0.564613918,0.782649295,2.248075341,0.854166667,3.755868545,0.316486894,0,1.290515464,1.253104044,0,5.109690722,0.061391522,0,0.283804348,54.83709731,19.06456895,106.777171,313.1913779,112.8855992,652.8109641,167.1,167.1,167.1,435.39,435.39,435.39,0,0,0,1.064248273,0.885717488,1.11,0,0,0,2.129343851,0,5.109387755,8.430963303,0,20.23020408,0.850512802,0,2.040816327,57.71347782,21.86751708,109.7133815,313.8297158,107.2910852,618.7628414
WSM,CIP+CRO+NDA,0.7,0.075,0,605.7731237,603.5799747,608.9782225,605.9108628,603.80642,609.2961223,921.152557,710.6301211,1241.52253,935.4929951,731.5760503,1267.86079,14.34043814,20.9459292,26.33825994,167.1,167.1,167.1,435.39,435.39,435.39,0.166758814,0.063288146,0.28938701,0.674952045,0.543315789,0.769322812,3.052252934,1.492352593,4.924820884,0.338963409,0,1.310957812,1.342097972,0,5.190630532,0.079693449,0,0.48147619,55.75996833,20.2927768,102.7739778,311.3825156,101.8051618,631.763734,167.1,167.1,167.1,435.39,435.39,435.39,0,0,0,1.064344914,0.877455708,1.11,0,0,0,3.308564257,0.616574676,7.174616774,13.09999032,2.441277142,28.40730994,1.32152271,0.246275234,2.865720073,60.27480479,24.74150188,108.9547822,308.3220379,104.9603421,643.6007367
WSM,CIP+CRO+NDA,0.7,0.1,0,605.7417433,603.5999281,609.2065256,605.957815,603.8641442,609.1977568,918.890543,712.4529213,1270.309763,939.7351649,738.0461856,1256.649094,20.84462188,25.59326431,-13.66066897,167.1,167.1,167.1,435.39,435.39,435.39,0.169993506,0.063595179,0.29703042,0.658872709,0.546422727,0.745285714,3.888557975,2.094210398,5.787037037,0.343339705,0,1.626069245,1.35942556,0,6.43828855,0.108462075,0,0.508154605,56.49848863,21.09089603,103.0605083,307.9158493,97.8059695,660.1159343,167.1,167.1,167.1,435.39,435.39,435.39,0,0,0,1.068235678,0.909883926,1.11,0,0,0,4.417856119,1.175125712,8.942430974,17.49214097,4.652814412,35.40682607,1.764601422,0.469374386,3.571828956,63.15196674,26.45981122,107.4437914,304.5407867,103.2735871,622.1614101
WSM,CIP+CRO+NDA,0.7,0.125,0,605.7778634,603.708847,609.129437,606.1296915,603.9818376,609.6066716,919.2332391,723.0032206,1235.97274,955.290736,748.2382682,1273.040511,36.05749689,25.23504764,37.06777089,167.1,167.1,167.1,435.39,435.39,435.39,0.168245123,0.063872803,0.298080761,0.637128139,0.510369987,0.726190269,4.702970569,2.682278779,6.868229519,0.337824542,0,1.290515464,1.337588719,0,5.109690722,0.127246832,0,0.532228286,55.50549646,19.03537335,107.5006764,307.1845354,110.3929913,621.5220815,167.1,167.1,167.1,435.39,435.39,435.39,0,0,0,1.064196824,0.877555374,1.11,0,0,0,5.455998416,1.746096746,10.23105769,21.60258072,6.913527651,40.50903846,2.17926123,0.697434393,4.086538462,63.45085392,26.54673615,115.5928569,312.9237091,106.2413507,629.9297406
WSM,CIP+CRO+NDA,0.7,0.15,0,605.8410079,603.6897855,609.2586052,606.1819605,604.0727381,609.2451785,927.6419897,722.9305414,1253.189386,960.6639631,757.2580298,1244.532012,33.02197344,34.32748841,-8.657373803,167.1,167.1,167.1,435.39,435.39,435.39,0.168949112,0.063597683,0.297005204,0.620464824,0.499199043,0.711549242,5.389281349,3.201970443,7.733383412,0.358056217,0,1.360652174,1.417694389,0,5.387391304,0.14961898,0,0.672721488,55.71691181,19.92813952,101.8505479,314.6550117,110.1513688,639.289902,167.1,167.1,167.1,435.39,435.39,435.39,0,0,0,1.063275046,0.879514301,1.11,0,0,0,6.542344723,2.406452014,11.95742189,25.90388032,9.528150474,47.34443669,2.613174917,0.961196682,4.776091184,65.08175974,26.54204126,112.1738775,310.9805049,102.3863087,606.3341796