group,panel,cip_res,cro_res,nda_res,cost_with_test_mean,cost_with_test_lower,cost_with_test_upper,cost_without_test_mean,cost_without_test_lower,cost_without_test_upper,cost_with_test_mean_ng,cost_with_test_lower_ng,cost_with_test_upper_ng,cost_without_test_mean_ng,cost_without_test_lower_ng,cost_without_test_upper_ng,cost_with_test_ng_init_visit_mean,cost_with_test_ng_init_visit_lower,cost_with_test_ng_init_visit_upper,cost_with_test_ng_init_diag_mean,cost_with_test_ng_init_diag_lower,cost_with_test_ng_init_diag_upper,cost_with_test_ng_cip_mean,cost_with_test_ng_cip_lower,cost_with_test_ng_cip_upper,cost_with_test_ng_cro_mean,cost_with_test_ng_cro_lower,cost_with_test_ng_cro_upper,cost_with_test_ng_nda_mean,cost_with_test_ng_nda_lower,cost_with_test_ng_nda_upper,cost_with_test_ng_follow_visit_mean,cost_with_test_ng_follow_visit_lower,cost_with_test_ng_follow_visit_upper,cost_with_test_ng_follow_diag_mean,cost_with_test_ng_follow_diag_lower,cost_with_test_ng_follow_diag_upper,cost_with_test_ng_follow_drugs_mean,cost_with_test_ng_follow_drugs_lower,cost_with_test_ng_follow_drugs_upper,cost_with_test_ng_partner_total_mean,cost_with_test_ng_partner_total_lower,cost_with_test_ng_partner_total_upper,cost_with_test_ng_complications_mean,cost_with_test_ng_complications_lower,cost_with_test_ng_complications_upper,cost_without_test_ng_init_visit_mean,cost_without_test_ng_init_visit_lower,cost_without_test_ng_init_visit_upper,cost_without_test_ng_init_diag_mean,cost_without_test_ng_init_diag_lower,cost_without_test_ng_init_diag_upper,cost_without_test_ng_cip_mean,cost_without_test_ng_cip_lower,cost_without_test_ng_cip_upper,cost_without_test_ng_cro_mean,cost_without_test_ng_cro_lower,cost_without_test_ng_cro_upper,cost_without_test_ng_nda_mean,cost_without_test_ng_nda_lower,cost_without_test_ng_nda_upper,cost_without_test_ng_follow_visit_mean,cost_without_test_ng_follow_visit_lower,cost_without_test_ng_follow_visit_upper,cost_without_test_ng_follow_diag_mean,cost_without_test_ng_follow_diag_lower,cost_without_test_ng_follow_diag_upper,cost_without_test_ng_follow_drugs_mean,cost_without_test_ng_follow_drugs_lower,cost_without_test_ng_follow_drugs_upper,cost_without_test_ng_partner_total_mean,cost_without_test_ng_partner_total_lower,cost_without_test_ng_partner_total_upper,cost_without_test_ng_complications_mean,cost_without_test_ng_complications_lower,cost_without_test_ng_complications_upper,strategy
MSM,cip,0.1,0,0,301.9443091995176,301.04403151529505,303.24811120378985,301.96091832585034,301.06327120634387,303.2601263059211,330.3835510334191,310.6873935030229,358.45458031812194,330.7352799371946,311.1369427866401,358.85681674972795,167.1,167.1,167.1,133.49,133.49,133.49,0.4805773112756186,0.1863835265907157,0.783658735417627,0.12224351866771502,0.10058159926662381,0.14661236633499866,0,0,0,0.0759353748479859,0,0.28580725244618366,0.09392134596352195,0,0.3535032504892386,6.733365240554765e-4,0,0.002534318982387474,24.50127949582889,7.881959278685183,49.68488287374236,28.81518689452275,9.024529575142058,56.958945118074425,167.1,167.1,167.1,133.49,133.49,133.49,0,0,0,1.043480612636905,0.9807006748222612,1.0853967685653012,0,0,0,0,0,0,0,0,0,0,0,0,24.607345926402402,7.971654188500482,49.78598671788862,28.788210338085353,9.023313156198805,56.95479534294223,CIP
MSM,cip+cro,0.1,0,0,301.92041277992314,301.0288297034385,303.1994382044974,301.9305890117903,301.04050797932985,303.20623705424464,329.8508784718627,310.2763716238353,358.47923385696674,330.06631077505074,310.43723411349214,358.2217985828319,167.1,167.1,167.1,133.49,133.49,133.49,0.48560562650323785,0.19077332472863132,0.7782984755388475,0.11953062470308601,0.0960905664068749,0.14230930760499433,0.11161119124635621,0,0.2802848037486782,0.06893126439391939,0,0.28844149671253716,0.0852582494496769,0,0.3567614390158352,6.112294573993503e-4,0,0.002557677435300504,24.03666360392582,7.208607753092234,48.84735499868643,28.15166622385335,8.425638315187836,56.28115581915577,167.1,167.1,167.1,133.49,133.49,133.49,0,0,0,1.0445678334305308,0.9821631363308476,1.0873244254809973,0,0,0,0,0,0,0,0,0,0,0,0,24.107992170161406,7.359486808312161,49.018619479302906,28.11943562696486,8.425638315187836,56.278756881942854,CIP+CRO
MSM,cip+cro+nda,0.1,0,0,301.9462978145725,301.04150680130175,303.31801086939055,301.95600221925054,301.0560847623217,303.31417670737864,330.43193862250143,310.4863425426819,359.39256180407773,330.63535330506716,310.88015254578,359.19796981051246,167.1,167.1,167.1,133.49,133.49,133.49,0.48328853046098985,0.18815691702094814,0.781804883318135,0.1192067231369549,0.09554603803157216,0.14325296194037673,0.10611556361494898,0,0.275383873522811,0.07569975482248384,0,0.2854732041049029,0.09362991723250656,0,0.35309007981755874,0.00281325435703207,0,0.054887761004420776,24.434788481802823,7.738071828855055,49.68701831172809,28.717029700621538,8.939380952268317,57.493288915680345,167.1,167.1,167.1,133.49,133.49,133.49,0,0,0,1.0428816344510075,0.9815255137492609,1.0866515453593781,0,0,0,0,0,0,0,0,0,0,0,0,24.504282499579435,7.814337274204683,49.792112685226,28.685331670486338,8.923957643795577,57.28977688846107,CIP+CRO+NDA
MSM,cip,0.1,0,0.05,301.9080225202055,301.03367198889885,303.30512053708924,301.9248636350823,301.0580922370109,303.31503232132036,329.59111968572336,310.21199236710254,360.53048320387626,329.9488553560666,310.8088477564375,360.90834037855774,167.1,167.1,167.1,133.49,133.49,133.49,0.48491423084472063,0.1881373038401797,0.7882636324158765,0.12301549210052125,0.10079447830872704,0.1474125158393253,0,0,0,0.06936577469789526,0,0.28646129236882945,0.0857956773963503,0,0.3543122056036555,6.150823607178773e-4,0,0.0025401185055871486,23.900309718933805,7.823463409417148,50.100468289836634,28.032036582167205,8.935180324779083,59.17362243181387,167.1,167.1,167.1,133.49,133.49,133.49,0,0,0,1.045073342776752,0.9848552068318327,1.0859294289781103,0,0,0,0,0,0,0,0,0,0,0,0,24.0039934379947,7.938945335028155,50.24793383661575,28.001644352587086,8.934432674378245,59.05036008311364,CIP
MSM,cip+cro,0.1,0,0.05,301.95315278179294,301.0424506608072,303.2785230908365,301.9622828621902,301.07048355389315,303.2705746419152,330.619585207401,310.7957649389968,359.17872409246183,330.8115490921301,310.95603372877775,359.4592514303154,167.1,167.1,167.1,133.49,133.49,133.49,0.47155220149002175,0.18768425069130468,0.7783479545567257,0.12001993901647354,0.09727776043075266,0.14267737076598627,0.11201573069158638,0,0.2774694783573804,0.08224431595562562,0,0.3061009474178009,0.10172461606813807,0,0.37860368819857976,0.004117881030230187,0,0.05605658724683442,24.62278618310503,7.521500882340754,48.920931226666724,28.896546621610298,8.942707670362122,57.6136121888056,167.1,167.1,167.1,133.49,133.49,133.49,0,0,0,1.0434886295859531,0.9850313549063631,1.0871573234912688,0,0,0,0,0,0,0,0,0,0,0,0,24.691868668038403,7.340762366801331,49.019081321358854,28.864888968581337,8.941802686361166,57.54025226339371,CIP+CRO
MSM,cip+cro+nda,0.1,0,0.05,301.91733246953,301.0346413442237,303.17999528451486,301.9275803296016,301.0584879820596,303.17657410393343,329.79504937621897,310.6901185556433,357.63019893423797,330.0114967063938,310.82904285322434,357.9184424964693,167.1,167.1,167.1,133.49,133.49,133.49,0.4807418482771049,0.18652661094026643,0.7783946928688087,0.12030155624786931,0.09830087362623019,0.14451987805688463,0.09944644213250711,0,0.27116441101574906,0.07377305098688765,0,0.287795008551086,0.09124685640118091,0,0.3559618243646353,0.007705032713567954,0,0.0580882344938939,23.93995711135617,7.646837379471923,48.629901199006966,28.09240319987771,8.84749319723367,56.042003657565324,167.1,167.1,167.1,133.49,133.49,133.49,0,0,0,1.0435838853858899,0.9852345492094686,1.088667593676815,0,0,0,0,0,0,0,0,0,0,0,0,24.012423299936035,7.72357407299922,48.666232904207334,28.063014610363332,8.84749319723367,56.04002567700442,CIP+CRO+NDA
MSM,cip,0.1,0.025,0,302.0074708449091,301.08476231451067,303.32206535837895,302.2731307026159,301.305423901345,303.62398156494834,331.781596567008,311.21214791405714,361.0741215624546,337.6161575779913,316.6203859420734,367.0960841785906,167.1,167.1,167.1,133.49,133.49,133.49,0.48452751583173376,0.19308414779514838,0.7912032764215642,0.12210460116253585,0.09953820323749944,0.14800824053452122,0,0,0,0.2931950470284675,0,0.7186406574721359,0.3626409101407385,0,0.8888571097332653,0.08828331937444181,0,0.2293223938889843,25.168120927293252,7.527578220414237,49.919656092308784,29.543706627492693,8.405439456268141,58.705252919214615,167.1,167.1,167.1,133.49,133.49,133.49,0,0,0,1.0434301841508196,0.9808696046531992,1.0856850116216858,0,0,0,1.8161232723215721,0.7070340876810907,3.130272928100986,2.2462882749125184,0.8745014203200469,3.8717060030186614,0.7254047261230118,0.2824069690370231,1.2503087266739843,25.95241775580654,8.359550089816619,51.10206149553184,30.175056600161508,8.580875124646958,60.56435477593324,CIP
MSM,cip+cro,0.1,0.025,0,301.9778795267992,301.0647419653198,303.36622557670074,302.26072415114186,301.29694194712647,303.6831890344329,331.1348287759105,311.2298471076195,361.3185847219442,337.3601233229154,316.2110064040642,368.71603697335956,167.1,167.1,167.1,133.49,133.49,133.49,0.4750673428003089,0.1851989082720411,0.7853518593767294,0.11724154983186923,0.09489969538888085,0.14131778547388293,0.23991549603624435,0.05398987435843842,0.45197740112994345,0.07483297003208302,0,0.29599553250661326,0.09255782673004799,0,0.3661047155935368,0.0022818228177837034,0,0.054095680358658034,24.97184441690848,8.142267844652459,50.860306543605574,29.275154159197122,9.343068235114064,59.67294145160761,167.1,167.1,167.1,133.49,133.49,133.49,0,0,0,1.0429880564917058,0.9852927559886909,1.083928354582389,0,0,0,1.7784883492889318,0.6890924032752346,3.0069704687413656,2.1997391845375085,0.8523100878663147,3.7191982559132812,0.7103724034545982,0.2752406148247481,1.2010586630217939,25.802334237930115,8.652019353906802,51.48425645204728,30.019242660888683,9.625018058990138,61.02957119485424,CIP+CRO
MSM,cip+cro+nda,0.1,0.025,0,301.97791834386067,301.0994898814685,303.30481895955586,302.26281936039396,301.34317431770944,303.53756152973364,331.09570307031424,311.8530675129816,359.7522209807274,337.3614256005456,317.2136799595148,366.3383475805123,167.1,167.1,167.1,133.49,133.49,133.49,0.48856011661064325,0.19513308433132814,0.7924672258935583,0.11644289827092236,0.09439529838574783,0.14081344190256115,0.24495731854933012,0.05434782608695729,0.48756709638941037,0.07543820681535915,0,0.2928444897454918,0.09330641924606227,0,0.36220732023721025,0.007363662599392774,0,0.05734002615348238,25.005218055725845,8.30102605832017,48.407090058082396,29.19955457194214,9.716573588824497,57.90758158154121,167.1,167.1,167.1,133.49,133.49,133.49,0,0,0,1.044704654160254,0.9847266259342079,1.0888949679376994,0,0,0,1.7979969400117046,0.6907440608166562,3.0960732934501936,2.223868559051064,0.8543529552344029,3.8294058797323465,0.7181646189533889,0.27590032785455104,1.2366485434774683,25.850868022862127,9.31631857457722,49.349991200571274,29.93568934822198,9.939760269624916,58.77655374156633,CIP+CRO+NDA
MSM,cip,0.1,0.025,0.05,302.04236882475806,301.0907574584833,303.3832632718343,302.3124422040347,301.3319130701321,303.7590359119627,332.55410134891235,311.5651645296275,363.17361411580083,338.49056593930453,317.0868021183305,369.14044307525205,167.1,167.1,167.1,133.49,133.49,133.49,0.48246971603276056,0.18770409227263865,0.7810265118824558,0.12161507266452846,0.09872078208509183,0.14644309343076628,0,0,0,0.290264185637282,0,0.7211454709517597,0.359015848076533,0,0.8919552106363706,0.08874020745511586,0,0.2700172406277244,25.846323651337098,8.177482549241615,53.07052322474907,30.33004046075582,9.51260659167931,61.22188988800072,167.1,167.1,167.1,133.49,133.49,133.49,0,0,0,1.0429369944852125,0.9851753364191186,1.0852515906680806,0,0,0,1.8376937341828679,0.7820198767098122,3.120076091723276,2.2729678931421433,0.9672482625897092,3.859093954956966,0.7340205041471752,0.3123581549408069,1.2462358570551448,26.64483236602393,8.737676656901154,53.437845976680634,30.98809251267327,9.752241862040066,62.44735046837719,CIP
MSM,cip+cro,0.1,0.025,0.05,301.9986315275256,301.1315410810801,303.3932218283389,302.28217696303483,301.37758343216626,303.67823557545216,331.6172052353869,312.40782840136984,361.31162687450956,337.8597825307376,317.58883428974195,367.94237253174305,167.1,167.1,167.1,133.49,133.49,133.49,0.4813644328190328,0.1880998087707682,0.7800677312244834,0.1167501038280942,0.0940438908670929,0.1393724814177776,0.2418762957838901,0.054641829200707655,0.48496627295118855,0.09301722366282951,0,0.40776352322617143,0.11504918309407185,0,0.504345952237641,0.009460346854249107,0,0.05861249186626838,25.347586576659634,8.832186353764904,51.74586794289039,29.68452022880742,10.615479997026373,59.63612159188869,167.1,167.1,167.1,133.49,133.49,133.49,0,0,0,1.0426000929360795,0.9784938781321186,1.0861761480920369,0,0,0,1.8123371858044952,0.7842731517623425,3.1654712643678176,2.241605420020051,0.9700352459447512,3.9152413793103484,0.7238924691661986,0.3132581689416595,1.264367816091955,26.17171921732512,9.480003930215537,52.660922460801736,30.420099667665287,10.937650108996932,60.58332491220661,CIP+CRO
MSM,cip+cro+nda,0.1,0.025,0.05,301.9926440695508,301.06556393028063,303.34804714633515,302.27641653726226,301.3287532017902,303.61141456311344,331.4321772379568,311.2236552077956,361.5206600792686,337.67399205924846,316.7731978966546,367.67134407636007,167.1,167.1,167.1,133.49,133.49,133.49,0.48699279757403097,0.18315017863287253,0.7833872569912361,0.11707258962046142,0.093582218021349,0.14065156897100975,0.2240176315976713,0.052515514574030635,0.48239315705678587,0.07296243211393891,0,0.28943352601155936,0.09024423521489992,0,0.35798843930635804,0.02060458628139745,0,0.11026788263727277,25.202972007214612,8.19059513597998,50.71983698215999,29.554403599144646,9.39012779715256,59.60900673048961,167.1,167.1,167.1,133.49,133.49,133.49,0,0,0,1.0431520043174298,0.9776215371703806,1.0878251892738227,0,0,0,1.7888848244779934,0.6900014280925149,3.1426084371745366,2.212598157644414,0.8534344233229278,3.8869632874879017,0.7145250137713665,0.27560370190626077,1.2552358352670325,26.03628476983079,9.044172429148528,51.52524143137557,30.291771482445768,9.679810615441026,60.79677197350978,CIP+CRO+NDA
MSM,cip,0.1,0.05,0,302.01111138298774,301.12134560595507,303.3504548827686,302.51849205202996,301.56698599217503,303.9175826422879,331.8251038910527,312.1850217669419,361.64825760616316,342.97169324405945,321.88975509108843,373.6267240500159,167.1,167.1,167.1,133.49,133.49,133.49,0.4862227261330047,0.19004698326175706,0.7870772402695086,0.12204865767109137,0.09943336614042718,0.14581209485996435,0,0,0,0.4942907758946382,0,1.0968975375184953,0.611367956796348,0,1.3567075070617387,0.17162777425118483,0,0.38935528333204944,24.593452794752533,8.06811674897951,49.80956358546897,28.97366073987472,9.426160550304,58.48511094112786,167.1,167.1,167.1,133.49,133.49,133.49,0,0,0,1.0416275734374028,0.9787813446625196,1.084894381868132,0,0,0,3.5412881093052544,1.6885184384738812,5.639123736656813,4.380073797441545,2.0884590975308432,6.974800512434699,1.4144783948335415,0.6744361872798681,2.252406029979559,26.063210087819595,9.088528504809489,51.292981191166234,30.290933543246574,10.073371780187909,61.008275878738154,CIP
MSM,cip+cro,0.1,0.05,0,301.98949308074435,301.06161703156397,303.4010154233607,302.55075364167095,301.5803698903142,304.024510397855,331.39908793824645,311.00311603070077,362.31471241450544,343.7594552727377,322.25909835275036,375.48947085357634,167.1,167.1,167.1,133.49,133.49,133.49,0.4910935745658834,0.18863828637911667,0.7828724079135188,0.11336167817278289,0.09147889610389608,0.13530474040632046,0.3741510785827239,0.11531715930415855,0.6738395141231609,0.0749274506258328,0,0.2881012658227854,0.0926746858954922,0,0.3563406214039109,0.004046025284895974,0,0.05580473882734922,25.109872229850044,7.88133377599206,51.85129599821425,29.34276323009965,8.967702859059747,60.65988467229081,167.1,167.1,167.1,133.49,133.49,133.49,0,0,0,1.043513949830261,0.9889657412928665,1.0867519713557814,0,0,0,3.6026385404935506,1.7290575393957812,5.638738738738723,4.455955625695929,2.1386002462425933,6.974324324324317,1.4389832802738258,0.6906285107029001,2.2522522522522492,26.71614531013777,9.498202952488503,53.75440171036276,30.86420629329535,9.671032676800499,63.944787718106646,CIP+CRO
MSM,cip+cro+nda,0.1,0.05,0,301.9702054695239,301.08192818580653,303.2092168757393,302.5275892592306,301.50648073407274,303.87578319397727,330.9630330816813,311.4733698183181,357.5101041806662,343.245121512363,321.31894279071713,372.1450677390986,167.1,167.1,167.1,133.49,133.49,133.49,0.4871329848529973,0.19645668948543124,0.7892037519916562,0.11332028423593525,0.09138194668339333,0.13672850413922297,0.3651486178533577,0.11085861311147384,0.6564551422319468,0.0774250299418015,0,0.3966207633704283,0.09576383915872454,0,0.4905639302815406,0.01165245626195563,0,0.05867443952102092,24.696401606772714,8.482019120651735,49.03352707221796,28.906430956571658,9.43783946479008,55.315788353332195,167.1,167.1,167.1,133.49,133.49,133.49,0,0,0,1.044009577837034,0.9809442825235967,1.0849571811503036,0,0,0,3.6006427108855443,1.7608594253490915,5.640444392817767,4.453487066036178,2.1779346926569643,6.976433977791781,1.438186096375437,0.7033309735377421,2.252933532839817,26.251257862816363,9.810016198616534,50.79240027905572,30.388338265736053,9.904126900820136,58.32343039730632,CIP+CRO+NDA
MSM,cip,0.1,0.05,0.05,302.0431241986521,301.1297610452278,303.44795934677427,302.56482271208466,301.5630591259487,303.99954568098525,332.55535198636466,312.5491961879454,362.56669781573254,344.0288002192882,321.91040373466046,374.1195030383852,167.1,167.1,167.1,133.49,133.49,133.49,0.46359620074868085,0.18704376254914928,0.7833437691787203,0.12154999403499174,0.09923140307011628,0.14409825503826978,0,0,0,0.4801151845573733,0,1.036227797685709,0.5938347501599146,0,1.281667597984321,0.16355315262438475,0,0.38586848925410655,25.344780765312024,8.277660416181178,51.68556191862993,29.787173317688666,9.750293523843345,59.88703789930573,167.1,167.1,167.1,133.49,133.49,133.49,0,0,0,1.043530496104384,0.9841929955456573,1.0860678887518103,0,0,0,3.6052192244808423,1.703902319300654,5.578673913043478,4.459147567713444,2.1074867878041292,6.900032608695655,1.4400140695322106,0.6805808912368805,2.228260869565216,26.888158875312012,9.649317310148803,52.60320844635711,31.131098575035104,10.34818192487365,62.16699588135361,CIP
MSM,cip+cro,0.1,0.05,0.05,301.9850857872205,301.06873572992333,303.3961794824459,302.5413289297967,301.5461312049872,304.00299670122945,331.2993325680291,311.10587606877965,362.08218714987436,343.5538220927183,321.79330946524584,375.49305499252654,167.1,167.1,167.1,133.49,133.49,133.49,0.4837135392402924,0.19722629890062543,0.7802171977953642,0.11340795733543857,0.09124913194444442,0.13691893000932928,0.3779896458388344,0.15484181048373688,0.6727405321510034,0.10278566269246725,0,0.410437455608565,0.12713136407313239,0,0.5076532293647084,0.015805791722981577,0,0.10707881737208984,24.913323711982176,7.752078489009243,50.892118063462505,29.1630578373769,8.902080185941314,60.22327444961646,167.1,167.1,167.1,133.49,133.49,133.49,0,0,0,1.0437946646312781,0.9826390362108993,1.0861165429720696,0,0,0,3.6166376210994655,1.750563908014079,5.702520766911447,4.473270513459261,2.1652005901727116,7.053213695006399,1.444574860640464,0.6992186882944843,2.277728377900407,26.45538124368373,9.113371439459128,52.30798514275739,30.669757587988652,9.337611381011712,61.88581321618196,CIP+CRO
MSM,cip+cro+nda,0.1,0.05,0.05,302.0034152796501,301.09115917097984,303.43382781456114,302.56476414792985,301.542951589412,304.031613632345,331.6659048417986,311.6388742151877,362.1122901857371,344.02079899336707,321.1927957063184,374.766520436104,167.1,167.1,167.1,133.49,133.49,133.49,0.48584490801835445,0.18955312804096366,0.7768840720320208,0.11356481396187271,0.09211606162174413,0.13636543158923203,0.346532938897303,0.10775282721542372,0.6451786520365295,0.072841765052831145,0,0.39366847352148543,0.09009498708363842,0,0.48691236423815165,0.02935244470894642,0,0.11389761051174463,25.33969600207805,8.280041856849644,51.165015645063065,29.615345603672882,9.444652647777637,59.84512700656129,167.1,167.1,167.1,133.49,133.49,133.49,0,0,0,1.043324168675168,0.9802210631439664,1.0850978500704078,0,0,0,3.610531719584955,1.7304310293485896,5.584771561093905,4.465718374687159,2.140299059546593,6.907574539097051,1.4421360119767355,0.6911771166914004,2.230696421590483,26.93200527321923,9.720069722060705,52.37196368904798,31.099453496459578,10.070428737171039,61.69008168839266,CIP+CRO+NDA
MSM,cip,0.1,0.075,0,302.0533752490291,301.1089725072978,303.51033531100177,302.8129743371189,301.73419871276116,304.34770216082455,332.7776693802872,312.0467959831572,364.04383773853976,349.4857561140193,325.90819638611,382.40045285725404,167.1,167.1,167.1,133.49,133.49,133.49,0.48954375213082224,0.1886376491051706,0.779174030185129,0.12251604622672187,0.09888225823594494,0.1453100649002233,0,0,0,0.7044376683540795,0.13679015502494746,1.4511154673081592,0.8712900159071909,0.16919012384176674,1.7948251142620335,0.2551824788829983,0.05347450751862495,0.5489212788748765,25.005019934263487,7.345587789902327,51.54897165195831,29.284808620834596,8.532500119921865,59.74011780341334,167.1,167.1,167.1,133.49,133.49,133.49,0,0,0,1.0433692971837842,0.9845948962715211,1.0833011403573345,0,0,0,5.381794113181842,2.536851272784414,8.045883137254897,6.6565200714486705,3.1377271334495243,9.95162235294119,2.1496221893201155,1.0132813839209176,3.2137254901960772,27.154155400170957,9.507958039717277,53.84370041639026,31.255356383141244,9.201703124420508,64.4336699549724,CIP
MSM,cip+cro,0.1,0.075,0,302.0138127910696,301.0837960657792,303.33667155308626,302.8511072054145,301.78676329653445,304.26887486939194,331.9012014375924,311.4075498186673,360.9043459080556,350.33328708207455,326.7519831810524,381.37753726193375,167.1,167.1,167.1,133.49,133.49,133.49,0.4917011881445863,0.1907768161347241,0.7909384797937322,0.11031563786652959,0.08831641830294534,0.1342602024066646,0.5052701856855515,0.21389803007450078,0.8714596949891036,0.07390489399130562,0,0.2867894361423751,0.09140992759765029,0,0.3547180731580445,0.004599197061212561,0,0.05666363045587724,25.322737390569568,7.8790607714308125,50.76387670706582,29.671373072341495,8.765868761257552,59.07761495141984,167.1,167.1,167.1,133.49,133.49,133.49,0,0,0,1.0423547350685167,0.9805574922580366,1.0864364596602973,0,0,0,5.396892793509774,2.8342883021548624,8.08093119660096,6.675195008940073,3.505614777301793,9.994971857882456,2.155652977116861,1.1320851182916076,3.2277245552807723,27.714322201073337,9.707419594889013,53.26577734676111,31.958765346823874,9.6682906024022,62.956663690171254,CIP+CRO
MSM,cip+cro+nda,0.1,0.075,0,302.00472130093635,301.123398380509,303.24221727127144,302.84321241075577,301.8149596795614,304.21570275501875,331.71323406016177,312.5036185665469,359.2004169360112,350.18988066958053,328.04313518275694,380.2481966389593,167.1,167.1,167.1,133.49,133.49,133.49,0.48681587086151007,0.18985328359230189,0.7849189585189439,0.11062878238640259,0.08746177777890478,0.13364115115399175,0.49932204785657464,0.2157381183790209,0.8386690279953689,0.07923481496644305,0,0.2921782161267868,0.09800228791543698,0,0.36138323376666404,0.016564768321137326,0,0.10791109988004981,25.19017340256531,8.71986465520813,48.55636883732806,29.46935465328215,10.128317978907853,56.97243586783498,167.1,167.1,167.1,133.49,133.49,133.49,0,0,0,1.0434003895039006,0.9806189020516012,1.0843281938325993,0,0,0,5.452963685682191,2.8670805573088405,8.193380973424516,6.744546792252546,3.5461741706991976,10.134056367752967,2.1780490835925033,1.145183159174325,3.2726397880749767,27.535570678353213,10.86638890216147,51.364116117772426,31.70058386271733,10.652678415733057,60.958246179639886,CIP+CRO+NDA
MSM,cip,0.1,0.075,0.05,302.0921072989589,301.1733984215076,303.4504627520315,302.8549618475743,301.81834480317514,304.3471700309704,333.63340454296707,313.09413709052956,364.7778907240156,350.4142922817425,327.5563577857837,382.19912202488484,167.1,167.1,167.1,133.49,133.49,133.49,0.48719787208651627,0.19050705455770695,0.7863145495924118,0.12231627867429604,0.09988190870080642,0.14619890312031616,0,0,0,0.7157692633228481,0.13694722289169736,1.4467914291512771,0.8853056002578412,0.16938439463429494,1.7894768890836539,0.2564479856858961,0.05343468504238831,0.5507370908073097,25.757595518795576,8.75253992048227,52.08945584544492,30.122257855596274,9.75061908683811,60.72783924402501,167.1,167.1,167.1,133.49,133.49,133.49,0,0,0,1.0438525026447028,0.9840979720165505,1.0894766729415646,0,0,0,5.403337706025245,2.639609660977153,8.054111232279167,6.683166456493759,3.2648247628142943,9.961799345692462,2.1582272351914225,1.0543256354757757,3.217011995637946,27.953459106988976,9.982531173057694,53.66898377652597,32.08043157023267,10.600477876534068,63.66564277135795,CIP
MSM,cip+cro,0.1,0.075,0.05,301.99216028887224,301.1235030747489,303.3416838876314,302.8113090849321,301.7420261629049,304.2696275608372,331.40230097132167,312.1217453462982,360.1450802187511,349.42244580307494,326.0209848905879,381.2709167036735,167.1,167.1,167.1,133.49,133.49,133.49,0.4876247405825736,0.19167181766048338,0.7862214127080852,0.11078962268187838,0.08810654252885648,0.13183184537945683,0.5119333685872695,0.21663817491414647,0.8395428113980886,0.12250255448147772,0,0.427235494880545,0.1515183776191661,0,0.5284300341296925,0.021884271187343676,0,0.11222009807035703,24.790924834139634,8.536677832924793,50.38405415756107,29.014462997171506,9.772785244311267,57.52062896790671,167.1,167.1,167.1,133.49,133.49,133.49,0,0,0,1.043787469214328,0.9837967643629106,1.088587167551413,0,0,0,5.322544202692113,2.670293612351085,8.14887086974615,6.583236290963572,3.302776481868665,10.079003648848039,2.1259563039990863,1.0665815674832606,3.254861347557978,27.078706108759953,10.34660855574301,52.41074754364986,31.30579745180549,10.824900706433123,61.69100003490967,CIP+CRO
MSM,cip+cro+nda,0.1,0.075,0.05,301.99215488652055,301.0782675468578,303.25972571782586,302.8189656227486,301.77156540559986,304.2087675272923,331.44226539419816,311.1895942219247,359.2799230673617,349.64495881561425,326.72253427990256,380.24207319127606,167.1,167.1,167.1,133.49,133.49,133.49,0.4850808700117876,0.1913194479703141,0.7863660817513074,0.11067890449779048,0.08957418610950965,0.13329812354675893,0.4727525524082709,0.16664364640884008,0.8065215364534769,0.0807900905432323,0,0.2956371357536645,0.09992594439054697,0,0.36566142937162077,0.039071936985011685,0,0.16164665878453993,25.016018870799844,7.90475126658412,49.707835511902125,29.21058773455322,9.463439200769695,57.28280753814912,167.1,167.1,167.1,133.49,133.49,133.49,0,0,0,1.0435815504000532,0.9848292897785922,1.0858999036851078,0,0,0,5.354676245040773,2.6945801246072834,7.8246116464757645,6.6229790942615665,3.332815471264954,9.67794073513216,2.1387906394954355,1.0762822034699207,3.1253441629955945,27.312044939944002,9.91776971631624,52.40575789645243,31.469923706924344,10.293346134708631,60.940920537400544,CIP+CRO+NDA
MSM,cip,0.1,0.1,0,302.0812412907845,301.1829030110463,303.513512037804,303.08770451606426,302.0010411740738,304.6129920855593,333.43389908771746,313.5806545150959,364.6118696939351,355.5928616566057,331.13422934674986,389.3983181479445,167.1,167.1,167.1,133.49,133.49,133.49,0.4921644204827212,0.19275908916176643,0.7834518088779886,0.12209371499317215,0.09838762954796036,0.1454156927862789,0,0,0,0.911091592607534,0.2720790617231826,1.7709175657278857,1.1268917661241773,0.33652341529477975,2.19037519333479,0.33867348749522364,0.10590719316342644,0.6775446260075172,24.96341561051282,8.093474944974732,51.8216476787175,29.329883098862464,9.041351834956378,61.300285428174476,167.1,167.1,167.1,133.49,133.49,133.49,0,0,0,1.0435902207057448,0.9826709267327716,1.0853648617768754,0,0,0,7.137304069243308,3.863405665213243,10.52411171532544,8.827838225283124,4.778487770769825,13.01684148333471,2.8508164520064336,1.5431401442775423,4.203591514349516,27.829105952613762,10.934233430271563,54.358340978490894,32.0140528422457,9.73910814719859,65.19726191682776,CIP
MSM,cip+cro,0.1,0.1,0,302.0016607254288,301.08765227822863,303.4254895297063,303.1060425785061,301.93672457449776,304.5962729118177,331.64079799951037,311.6040366917859,361.2347607324334,355.961612366282,330.82729462834885,388.55733508554437,167.1,167.1,167.1,133.49,133.49,133.49,0.48921540151284965,0.18727169141250533,0.7853224288683053,0.10826085915940176,0.0870518395222734,0.1297259673585548,0.6326940849392323,0.3187928728152956,1.0171306209850128,0.07775674752759185,0,0.28947559483801444,0.09617412701467543,0,0.35804047250974635,0.006962511841553593,0,0.05760737978078129,24.962417017074568,8.243378334446772,49.98107258822367,29.238162672210525,9.268069825876799,58.95677803517617,167.1,167.1,167.1,133.49,133.49,133.49,0,0,0,1.04226746628013,0.9831777838669953,1.086450513929967,0,0,0,7.11794163482717,3.9151239725635087,10.409693470535371,8.803889625501602,4.842456020706263,12.875322256294865,2.8430826149653172,1.5637977203081623,4.157890026575879,28.12332224101147,11.01333035098553,53.2724515330481,32.317177159323784,10.14777313847245,63.896561400840845,CIP+CRO
MSM,cip+cro+nda,0.1,0.1,0,301.98658851885165,301.1177046552496,303.214776262722,303.0852934983155,302.02350996904573,304.4227197742066,331.3120641028239,312.14858010990605,358.14209193091443,355.49986967791926,331.926945437956,385.3965448792137,167.1,167.1,167.1,133.49,133.49,133.49,0.4946418601539569,0.18898294989103823,0.7841200999834255,0.10797551835444791,0.08703311111546495,0.13108481904082725,0.6275598789643907,0.32117343382566466,1.0304247618598505,0.07901640401980062,0,0.2928531222297813,0.09773214438716839,0,0.3622179974024347,0.019580649643323036,0,0.11087543999912255,24.774504170004533,8.468743889164529,48.79662291838825,28.904609142929704,10.006091622472637,56.04800031583174,167.1,167.1,167.1,133.49,133.49,133.49,0,0,0,1.0431565899947195,0.980954433592653,1.0871376905343233,0,0,0,7.11118259489189,3.9405252527529493,10.490334689830913,8.79552964664572,4.873873820768016,12.97506406795429,2.8403828866000516,1.5739436222850878,4.190100131742658,27.83590705892375,11.177765336644862,52.23789458054964,31.969024668639047,11.238333202032546,62.009601627710175,CIP+CRO+NDA
MSM,cip,0.1,0.1,0.05,302.1207771829598,301.16022246138976,303.5291526177244,303.142527369533,301.96306643079447,304.7802403755498,334.34845197261046,313.1612378971703,365.42841591582754,356.8942056374877,331.2216015604228,391.40101462420057,167.1,167.1,167.1,133.49,133.49,133.49,0.47803333363899597,0.1889129032249452,0.7844401922951317,0.12182748642852713,0.09825328328658642,0.14631179521164683,0,0,0,0.9007449965763685,0.25908580501081935,1.7708691313753129,1.114094486498795,0.320452589789305,2.1903152868736195,0.3356207055821168,0.05733780751810193,0.6818779904306198,25.749293415502642,8.395317837017341,53.64732656026602,30.264956161455967,9.313142342463085,61.49782579401887,167.1,167.1,167.1,133.49,133.49,133.49,0,0,0,1.04153876134089,0.9738367569701875,1.0860971183445447,0,0,0,7.246596750594795,3.8931025702811244,10.719246491138197,8.963017853447772,4.815218652792987,13.258195672015725,2.8944706624839407,1.5550018254837528,4.281533188663607,28.678282782042483,10.419300254285798,57.22429957619773,32.95336976143967,10.433939945322225,66.89336430741965,CIP
MSM,cip+cro,0.1,0.1,0.05,301.99675772357244,301.063110826608,303.39922736134463,303.1016904968962,302.01300075576006,304.68745973389804,331.51895783350795,310.8629966608909,362.1402217422696,355.84365148497284,331.8668090227578,390.4755304226904,167.1,167.1,167.1,133.49,133.49,133.49,0.4823522879616225,0.18743395881122865,0.7836958468227778,0.10764157081517017,0.08613038457572947,0.12855846677567576,0.646890261591804,0.3214329415443605,1.035703016868803,0.12547749712960654,0,0.4297414404889503,0.15519796197936572,0,0.5315295353163786,0.024650015053059682,0,0.11441647597254018,24.885236623679607,7.402856826831544,51.80912564940338,28.971612081087436,8.433391240953892,59.87944062309896,167.1,167.1,167.1,133.49,133.49,133.49,0,0,0,1.0432947918604367,0.9835632262675834,1.0855579423830937,0,0,0,7.2493712333170715,3.9419071112204755,10.635804064241787,8.966449497159948,4.8755829847440975,13.154989161739538,2.8955788597687615,1.574495570866141,4.248204211631966,27.94417173252354,10.362101823147489,55.318632117998234,31.92781578040451,9.369454602083703,65.6790588767267,CIP+CRO
MSM,cip+cro+nda,0.1,0.1,0.05,302.0107829904831,301.12682305899557,303.3533685475501,303.130020422984,302.07405127933134,304.6322669897444,331.8789022156082,312.37015022692657,361.4470514074686,356.5584013600598,333.4248924088987,389.3931557540712,167.1,167.1,167.1,133.49,133.49,133.49,0.48320538812729735,0.18960530923126773,0.7795202189455768,0.10764807726993796,0.08742968159439035,0.12981884539408245,0.6021028167788954,0.26588745800671804,1.006382611841044,0.08431160547875777,0,0.29319608210497383,0.10428156156156002,0,0.36264219038434914,0.052091625876092965,0,0.16816143497757927,25.264800677407464,8.792854140813526,50.47202412486283,29.462842274431022,9.72725565078208,59.20524203671909,167.1,167.1,167.1,133.49,133.49,133.49,0,0,0,1.043333087915632,0.977327253365268,1.0853058954393773,0,0,0,7.290752094870866,3.906881450404349,10.490139047170242,9.01763178502042,4.832261183624425,12.974822085583709,2.912107403287612,1.560505452310412,4.190021987206522,28.411505776649314,11.060206443889012,53.54809314735144,32.477586236686186,10.769474476350558,64.08692044207379,CIP+CRO+NDA
MSM,cip,0.1,0.125,0,302.113337037867,301.197073461951,303.4224200437103,303.38388007824597,302.2800660746097,304.82954306561163,334.16068209715576,314.0663432210657,362.91017950466806,362.1530535704313,337.96989294408195,392.99884856250577,167.1,167.1,167.1,133.49,133.49,133.49,0.4806552691453916,0.1895770023571716,0.787087071607413,0.12225482590696769,0.09991156765393354,0.14672520114942528,0,0,0,1.1425244905635947,0.4037847881766575,2.0817650780975097,1.4131416110717474,0.4994248182887979,2.574849712748341,0.4329565567705359,0.1587134326860333,0.7894736842105275,25.068225736668317,8.455018075696739,49.13164789843912,29.35180724616766,9.912038753462108,57.20274499916101,167.1,167.1,167.1,133.49,133.49,133.49,0,0,0,1.0440062501952292,0.9799763522118691,1.0861603800534771,0,0,0,9.059741295705617,5.109387755102049,13.097420965309563,11.205621863030041,6.319591836734706,16.19966199120369,3.6186856110024026,2.04081632653062,5.231435119551671,28.737002497516457,11.258538807277263,53.272284180875346,32.68008589911617,11.161430531828287,63.460028384955116,CIP
MSM,cip+cro,0.1,0.125,0,301.9994022675138,301.1081771577216,303.2241698889468,303.3837570514974,302.3081693675442,304.8940073499638,331.5779375332808,312.02779461597186,358.0368718517286,362.0731229280433,337.70759400944917,392.2790115144066,167.1,167.1,167.1,133.49,133.49,133.49,0.4972671084849002,0.19120529230249206,0.7857375654874197,0.10466733888542185,0.08368008662165566,0.12760120181837972,0.7798659391291195,0.3958941242787982,1.228762730121427,0.07457249931596317,0,0.28712659232310583,0.0922356612005958,0,0.355135087788675,0.0072920627473282845,0,0.05794809527584597,24.976377102100898,8.566264195044658,47.72735289722507,28.993577340133093,9.759765771469684,55.40343141344974,167.1,167.1,167.1,133.49,133.49,133.49,0,0,0,1.045043045580402,0.9891487790106634,1.0882855434782608,0,0,0,8.990849421176934,4.8805690200210705,12.69179264801354,11.120412333286666,6.036575342465753,15.69795698747352,3.5911684858511475,1.9494204425711295,5.069417098583454,28.8351439637181,11.716140493487472,51.8041280929929,32.83247277696745,11.04578611964686,62.09210491258578,CIP+CRO
MSM,cip+cro+nda,0.1,0.125,0,302.0262599899543,301.1022657536289,303.29098791565895,303.4085477120129,302.2202788720396,304.8694194489182,332.14410039702875,311.7186227475123,361.0482685900841,362.5759318534865,336.3842159495829,395.1097469969136,167.1,167.1,167.1,133.49,133.49,133.49,0.47844582281870307,0.1856210341927655,0.7846433828317626,0.10502856780058986,0.0823565613670887,0.12675792860513369,0.753633719778951,0.38158664864062686,1.1905099724339168,0.08097667163137404,0,0.28812621685619966,0.10015671887430626,0,0.35637148231223337,0.02543948454094431,0,0.11403814681154296,25.36039327921392,8.12004197828798,49.55268571191369,29.564936851732362,9.160400341221424,58.65713316962203,167.1,167.1,167.1,133.49,133.49,133.49,0,0,0,1.042180200081149,0.9772422632234838,1.0843300518798662,0,0,0,8.944407566783369,5.0596952222644385,12.995685090190323,11.06297031127232,6.2581291840805475,16.07382906625793,3.5726184561365106,2.020967895136773,5.190799285105576,29.269942349720687,11.461550713244936,54.42501446792271,33.40113955289718,10.283503141421235,65.45209383971952,CIP+CRO+NDA
MSM,cip,0.1,0.125,0.05,302.14432956531385,301.2287163486289,303.5065890862681,303.41511692857216,302.21463278927695,304.9540951263083,334.80338950946674,314.6024245067927,364.3568535613384,362.78382648364885,336.78705396378894,396.789704716654,167.1,167.1,167.1,133.49,133.49,133.49,0.4914222429241537,0.1901393222515656,0.7783949854100356,0.12157106849966699,0.09921510873902631,0.1448935751313526,0,0,0,1.1194155359272056,0.27847947225312175,2.064216725559482,1.3845590943250456,0.34443982017055835,2.553144876325087,0.423577696261805,0.11075006053419635,0.8004831240049176,25.678155828907006,8.711344717246087,51.519950528471895,30.041979519769402,9.569302998934813,59.71468081562256,167.1,167.1,167.1,133.49,133.49,133.49,0,0,0,1.0439612386357888,0.9815951479929721,1.0841958991656313,0,0,0,9.013985627053396,4.984812493057352,13.220664284875092,11.149028555972818,6.1655098122708845,16.352096590727037,3.600409660909648,1.9910578738845501,5.280661561301762,29.284704341394285,11.495523163460225,55.0873719834176,33.4955931005961,11.133212235578588,65.34186804585025,CIP
MSM,cip+cro,0.1,0.125,0.05,302.00079098982934,301.1220179088403,303.4938246692501,303.37224559979217,302.25481892968673,304.9997722674499,331.63440366083285,312.19702523599983,364.27962312575073,361.87222035842166,337.827796886683,397.14444686919904,167.1,167.1,167.1,133.49,133.49,133.49,0.49073210394441835,0.19144938129150404,0.7853593425473071,0.10418955323902913,0.08212565365682656,0.1258538075484854,0.7698829928703351,0.37754170716328644,1.2074848514322454,0.14798498783035627,0,0.5345596538694525,0.18303655269031857,0,0.6611748778447597,0.03346903099617216,0,0.11995578784854215,24.71475314812029,7.927719850440198,52.123166115369806,28.83991361776217,9.442910517221202,62.10024375280512,167.1,167.1,167.1,133.49,133.49,133.49,0,0,0,1.0426762581876863,0.9820552280558726,1.0872825137202187,0,0,0,8.95840620886893,4.6741899213205516,12.812740305286654,11.080284656647837,5.781313512686213,15.847552176605998,3.578209861347231,1.8669875065188304,5.117726595816686,28.604845501444416,11.64984338417064,57.22944503967424,32.63870710803369,10.436080070232723,69.45790757559739,CIP+CRO
MSM,cip+cro+nda,0.1,0.125,0.05,301.98765958534773,301.09734247900457,303.35376984858476,303.37696303833644,302.23192052368285,304.8975829273909,331.308689966567,312.0278826086947,361.07482966933117,361.8911435820278,337.0141256502214,394.795575614534,167.1,167.1,167.1,133.49,133.49,133.49,0.488952554309549,0.1895557758313332,0.7914294880410688,0.10494236866543516,0.0844050510783201,0.12655049964114176,0.7247207894629794,0.375919702793962,1.1468077906452097,0.0791035285817904,0,0.29736742257108667,0.09783990517909104,0,0.3678015500613648,0.06581439327969595,0,0.2209944751381215,24.693411541801517,8.243185205911962,51.08335996623664,28.713715125836313,9.483142338894714,58.033106018160495,167.1,167.1,167.1,133.49,133.49,133.49,0,0,0,1.0431721118242059,0.9815418496224277,1.0858053060614614,0,0,0,9.050696915087341,4.908954604935186,12.77775531532745,11.194435240157956,6.071684306455628,15.80428067959857,3.6150730608273443,1.9607583499501484,5.103752722210994,28.595148552216788,11.851802086747668,55.783160058909196,32.43376384956484,10.556388906973421,66.30344359350022,CIP+CRO+NDA
MSM,cip,0.1,0.15,0,302.15909017169406,301.24645224709224,303.5170248735405,303.662614994282,302.44033787228267,305.1532501440966,335.1401882015866,315.15540229042637,364.77742030395,368.25670972433153,340.9662338824935,401.27826067473177,167.1,167.1,167.1,133.49,133.49,133.49,0.4791547552288391,0.18934886302334944,0.7822424054942095,0.1222399383286176,0.09930839437214438,0.14569860195729611,0,0,0,1.3206673990309408,0.39992546563795717,2.372485369759324,1.6334792570055963,0.49465138076949233,2.9344296996312114,0.5034098765758704,0.15459388735646348,0.9095480943531705,25.471906654642176,8.959092997240965,51.03794833452334,29.7697970467986,9.484336878377393,59.492993473746886,167.1,167.1,167.1,133.49,133.49,133.49,0,0,0,1.0439052004509017,0.9861101967688244,1.0870785678994919,0,0,0,10.691891244981262,5.506773567046173,15.367029548229544,13.224361091711526,6.811102024171269,19.006847619047623,4.270606824165705,2.1995420862143225,6.137973137973139,29.762759920243877,12.348693815149543,56.30889653345108,33.83761420134718,10.99285781010617,67.23271000477182,CIP
MSM,cip+cro,0.1,0.15,0,301.98080076769367,301.06887429121116,303.3039925478942,303.63020004563487,302.38688916035966,305.1822106464085,331.15168638644144,311.05284515285473,360.0218550952513,367.44084672665457,339.73395278977495,400.0388946832778,167.1,167.1,167.1,133.49,133.49,133.49,0.4824796228196447,0.19144751462827098,0.7834250044795482,0.10202718412388365,0.08089599532300491,0.12388672294575707,0.9110510308069493,0.4955674831776152,1.3812472948544936,0.08434575431855736,0,0.29517711159341614,0.10432379885878136,0,0.36509244438415084,0.009750239314764672,0,0.05773903897452338,24.441653091705263,7.601794639712025,50.17585333480992,28.38293461779831,8.279035505138017,57.47688402928479,167.1,167.1,167.1,133.49,133.49,133.49,0,0,0,1.0436442232223238,0.9822017010332037,1.0833029078888394,0,0,0,10.758932988013887,5.881944875134063,15.446786841079625,13.307282269805004,7.275136004289878,19.10549613839558,4.297384960861914,2.3493948215106486,6.169830180971256,29.03855939527884,11.119115156575404,54.738152643860666,32.81596418923024,10.292528122011426,65.31570076692438,CIP+CRO
MSM,cip+cro+nda,0.1,0.15,0,302.0315912555507,301.1193285846099,303.34025218347193,303.6794484533482,302.50127686003106,305.22933543766635,332.2848266687538,312.16040359941604,360.6456069622408,368.60259438333946,342.65705097814674,401.41884472903854,167.1,167.1,167.1,133.49,133.49,133.49,0.491560643404474,0.19765745081300992,0.7844725301712886,0.10144822960388249,0.08052273174894956,0.12361683850090316,0.8996038798910764,0.49824303603373343,1.3633651229909007,0.08363894752398919,0,0.3991073292296613,0.10344957856797615,0,0.49363946145253934,0.03057694672262047,0,0.11576097513597534,25.384546094097875,8.273241935238719,50.70332396993869,29.499718534561655,9.23146641713851,57.75284650584138,167.1,167.1,167.1,133.49,133.49,133.49,0,0,0,1.0432126317252164,0.9893759854362891,1.0852522126033757,0,0,0,10.675605516135244,5.73533957348617,15.363841637177263,13.204217942668315,7.093805928765477,19.002904622816388,4.2641018997185025,2.2908370240797966,6.1366998071486085,29.996511207026987,12.333509517694338,55.21971875419831,34.20864324483475,11.030494101421933,66.34955336244899,CIP+CRO+NDA
MSM,cip,0.1,0.15,0.05,302.1540238654419,301.1941400400221,303.5019178343373,303.66076327519716,302.3523364796655,305.1283943647627,334.9997248118658,314.04212662066783,364.18745867589035,368.1511299209932,339.22146239308495,399.7952245186595,167.1,167.1,167.1,133.49,133.49,133.49,0.47829211399957045,0.18674573446357984,0.7801190013638087,0.12163874184244845,0.09988719409077287,0.14578609551961721,0,0,0,1.315192921055731,0.4177308120133472,2.3724191750278756,1.6267081000723667,0.5166740823136858,2.934347826086955,0.49956535813434577,0.1662696455258498,0.9133664563909042,25.270269786519624,8.119866794799881,48.86502874486786,29.664413387254637,9.497541462796661,59.07148539629612,167.1,167.1,167.1,133.49,133.49,133.49,0,0,0,1.0423759061067273,0.9854376341201717,1.0869839298236825,0,0,0,10.700683374580317,5.693528281273184,15.096782551270348,13.235235715659613,7.042091258903402,18.672590209403964,4.2741186190207365,2.2741365558688234,6.0300297776283545,29.555179340279317,11.207091661566619,53.754943496542815,33.70354460750956,10.892618870351221,66.45352899293805,CIP
MSM,cip+cro,0.1,0.15,0.05,302.0230318340602,301.09097838770094,303.3683679498806,303.67357907750363,302.391779082955,305.261497995618,332.0922200973335,311.76037465987196,361.4696918494959,368.44048419420835,340.92308452848215,403.1865467117235,167.1,167.1,167.1,133.49,133.49,133.49,0.4822471800008872,0.190792988357934,0.7816570055316878,0.10227149260161553,0.08146555692171886,0.12384866234358707,0.9004236871118029,0.4912529822422674,1.364995859057372,0.14921493996306895,0,0.5327663993803831,0.18455782996071238,0,0.6589568750284759,0.03747825125327154,0,0.16252679118187446,25.170684532417003,8.1052370452036,51.552103947204166,29.152440198788078,8.713203669628196,58.93517756447753,167.1,167.1,167.1,133.49,133.49,133.49,0,0,0,1.0452690917449394,0.9819596434134403,1.087040463362069,0,0,0,10.80687179748078,6.1150210184761,15.548075243892605,13.366575814059347,7.563418311956028,19.230775603226494,4.316532911599608,2.4424912200335935,6.210287283868274,29.765997056708827,11.364458060536235,56.85594996852247,33.685417487335876,10.444405353088301,67.32484641096525,CIP+CRO
MSM,cip+cro+nda,0.1,0.15,0.05,302.01236070849905,301.12037014678816,303.3125246558052,303.67233110467566,302.4430714816503,305.2945460197138,331.8323560974736,312.24211526979724,360.48219005886693,368.3759021401546,341.2146026150503,403.25793839122986,167.1,167.1,167.1,133.49,133.49,133.49,0.491048542075775,0.192697387031834,0.792443603372727,0.10201152316095362,0.08170459091956955,0.12483061901996043,0.8547856303893449,0.4540166426010436,1.2862206977567279,0.08214862433690007,0,0.2932221630828195,0.10160625903564668,0,0.3626744488745217,0.07326597775307718,0,0.22004904536150693,25.041885629855667,8.453978223993902,49.88157834200022,29.063357965967676,9.44565245667573,57.918388756276414,167.1,167.1,167.1,133.49,133.49,133.49,0,0,0,1.0438793690108397,0.9834201023334778,1.0862533244680852,0,0,0,10.82753811065069,5.986560326086958,15.775522542935398,13.392137127912177,7.404530558300405,19.51209582459409,4.324787550188005,2.391180830039523,6.301135382223755,29.659338119085536,12.085141680488292,55.61825548017916,33.55789116417975,11.407795330199857,65.67294555835852,CIP+CRO+NDA
MSM,cip,0.3,0,0,301.9806416118292,301.08405378553334,303.3314149622714,301.9715248649363,301.07776814307056,303.3295641390829,331.2374896616662,311.2557785207277,360.10104757300684,331.0273773412021,311.1769521175135,360.20332203668056,167.1,167.1,167.1,133.49,133.49,133.49,0.38431230627125934,0.14973015752338828,0.6189002778609117,0.32441372814241276,0.2861541349794102,0.361769316239527,0,0,0,0.2134159678145607,0,0.5802931039605403,0.26396544413427425,0,0.717740703676392,0.001892408725628396,0,0.005145593109092531,24.845123982277396,8.022170616786255,49.764383981043125,29.16928849165737,9.144435144610675,58.511902252830026,167.1,167.1,167.1,133.49,133.49,133.49,0,0,0,1.0431394824386149,0.9823051199496841,1.084534635791144,0,0,0,0,0,0,0,0,0,0,0,0,24.858709667826236,8.123529297814839,49.860112641481265,29.08172265848531,9.144435144610675,58.37290141453741,CIP
MSM,cip+cro,0.3,0,0,302.02514117218436,301.08700404627285,303.2817954083979,301.9987580038908,301.0535409715315,303.24575142911283,332.16182487874426,311.47787332453356,360.1746811761811,331.57939256293247,310.73713938272823,359.3425011993391,167.1,167.1,167.1,133.49,133.49,133.49,0.3756885747892782,0.14531399164572859,0.6177559847294372,0.31767061131550467,0.28143338141138396,0.35300956573160985,0.28533284618482924,0.05536184847720604,0.5580357142857142,0.21909920104170263,0,0.6533402922755753,0.27099480186361113,0,0.8080897703549019,0.0019428032685436184,0,0.005793319415448816,25.447174156291453,7.511203191459997,49.81246288279011,29.73015990929824,8.79366712808096,57.910022525335734,167.1,167.1,167.1,133.49,133.49,133.49,0,0,0,1.0438481961148776,0.9827550482308202,1.0862519991582493,0,0,0,0,0,0,0,0,0,0,0,0,25.37672997821008,7.462797834864349,49.866289887018375,29.63369786898868,8.728808550264704,57.386060840034645,CIP+CRO
MSM,cip+cro+nda,0.3,0,0,301.9769907057245,301.0815583574215,303.27324987064463,301.95040420948067,301.05575419430386,303.24115435744244,331.1047137410882,311.55628015501645,359.42687510481085,330.5179077329679,310.938336183449,358.7279454170979,167.1,167.1,167.1,133.49,133.49,133.49,0.3779518360678755,0.14772410179746107,0.6117184094936166,0.3183131620089692,0.28423419779448544,0.3532458307843711,0.2838882313993014,0.05694760820045549,0.5753818293951176,0.22118596034111912,0,0.676648648648648,0.27357582872356206,0,0.8369189189189182,0.00784848151119668,0,0.05822115527950252,24.573312314701912,7.759005450211206,49.38881862242109,28.66322630517169,8.96265995227406,56.90960390081463,167.1,167.1,167.1,133.49,133.49,133.49,0,0,0,1.0441175154670952,0.9775043247075506,1.0866192726020436,0,0,0,0,0,0,0,0,0,0,0,0,24.506531400547978,7.770960365555341,49.37774733409015,28.572259803088976,8.96265995227406,56.79159334281886,CIP+CRO+NDA
MSM,cip,0.3,0,0.05,302.005468251352,301.10905293440584,303.3843330826303,301.9961708056276,301.11367106918823,303.3725972790167,331.77335651035634,312.0104941898579,362.03614465414563,331.5588262247303,311.97448445504205,361.64342674143296,167.1,167.1,167.1,133.49,133.49,133.49,0.38014893342848993,0.1470342754462698,0.6161101031644466,0.324839965357589,0.28919302558398224,0.36020002927911854,0,0,0,0.21656749297229508,0,0.6581839924476365,0.26786343614715186,0,0.8140807441337875,0.0019203540277939585,0,0.005836269624675448,25.334905016893675,8.340251275877558,50.319439037111906,29.71100801520782,10.10482981366658,60.104289700781116,167.1,167.1,167.1,133.49,133.49,133.49,0,0,0,1.0440703145457941,0.9828696223744249,1.0865234896993319,0,0,0,0,0,0,0,0,0,0,0,0,25.35438985807212,8.35919260840253,50.369776112485965,29.613369009914646,10.024692903317856,59.81381794360911,CIP
MSM,cip+cro,0.3,0,0.05,301.97755290147364,301.0677104972266,303.3407814945361,301.9491265513885,301.0498456486694,303.31689975916385,331.07236734957456,311.15794835936134,361.1184161942849,330.4445717352412,310.77338670471175,360.42538323819997,167.1,167.1,167.1,133.49,133.49,133.49,0.3751712347396442,0.1484260285335428,0.6134100478291299,0.3176216028537021,0.2806663914235587,0.35295368322044673,0.29264332372384505,0.056110452758497145,0.5624932476660789,0.23115428535417834,0,0.6708647257910961,0.2859052404648303,0,0.829765022321736,0.010839873934924336,0,0.05985746289289633,24.41029941117752,7.762437912402185,50.00417165126944,28.595460796458283,8.86964998039417,58.61423331483071,167.1,167.1,167.1,133.49,133.49,133.49,0,0,0,1.0433662662660599,0.9872185494515786,1.0854971391702377,0,0,0,0,0,0,0,0,0,0,0,0,24.342378041769006,7.780759182249414,50.026960840605064,28.4960892692836,8.860448551542635,58.44275961620987,CIP+CRO
MSM,cip+cro+nda,0.3,0,0.05,302.0050332613109,301.0846676795542,303.26680426656117,301.97844289168165,301.05627578888976,303.24069590063306,331.7019481124542,311.2606662873024,359.4887346380563,331.1149155377684,311.01782442528275,358.7379481592971,167.1,167.1,167.1,133.49,133.49,133.49,0.381096407945795,0.1443051494993553,0.6156269785009093,0.3174819496715726,0.2829318593875906,0.3509343001922069,0.2725412964319509,0.0563634592195282,0.5388514143902096,0.2188817628580474,0,0.5755733831241028,0.27072586150592337,0,0.7119030748450632,0.02255842445318163,0,0.11229060216888337,25.049910609800172,7.699097028397944,49.7646461133636,29.256472686531175,9.043455233546323,56.835863132543004,167.1,167.1,167.1,133.49,133.49,133.49,0,0,0,1.043277512445511,0.9772768146647016,1.0855453016241299,0,0,0,0,0,0,0,0,0,0,0,0,24.980840526881668,7.744574871974402,49.58280784532059,29.169520625222443,9.04205596560445,56.83259113714213,CIP+CRO+NDA
MSM,cip,0.3,0.025,0,302.05512089417886,301.1125617345037,303.3682274125041,302.2399781024796,301.2782878935022,303.6227902691592,332.90179923477643,312.17290251407303,363.76228314100894,336.97214147253624,315.6909916313194,368.0178297267333,167.1,167.1,167.1,133.49,133.49,133.49,0.3808404111348426,0.15175627955266457,0.616650196808962,0.32480981278036386,0.28810862590228836,0.3623369995179493,0,0,0,0.7605560020121122,0.13861532382859304,1.5118386157618295,0.9407004776444746,0.17144760016281296,1.8699310822687583,0.22289061357718304,0.003552129615571826,0.48407576286628795,24.824789166824292,7.631424724127951,50.51016763360109,29.17890368327383,8.524150193535476,60.21034087187381,167.1,167.1,167.1,133.49,133.49,133.49,0,0,0,1.0424916627213214,0.9757898458185488,1.0876321742009654,0,0,0,1.7742820917103306,0.7152531825577593,3.020025547762574,2.1945366373183455,0.8846672811584783,3.735345546893124,0.7086923197437014,0.28568987959648445,1.206273185717594,25.399950615225595,8.111020365569763,51.538194883346506,29.633041882484427,8.69579200636349,60.61502266493783,CIP
MSM,cip+cro,0.3,0.025,0,302.00388660891434,301.049619022358,303.35992023588597,302.2372266735483,301.27248485317637,303.5802284951281,331.7369742725661,310.6658817232659,360.08762466390635,336.89117529916075,315.26839747516635,365.3295227667543,167.1,167.1,167.1,133.49,133.49,133.49,0.3772716067560903,0.15076872142017028,0.6121500883161304,0.3103220856953097,0.2741446273370533,0.3458977219848555,0.6510595054788614,0.3188097768331552,1.0337604694882454,0.22061175461746116,0,0.6716207404934925,0.27286561725053143,0,0.8307001058524276,0.005606208651880741,0,0.057501885757765055,24.669345335166835,7.028956429099165,49.13098825088617,28.842593947613413,7.995068468547814,57.66107166166874,167.1,167.1,167.1,133.49,133.49,133.49,0,0,0,1.042642976356317,0.9798688049526456,1.0875043994413407,0,0,0,1.8070458525331459,0.6839878299224964,3.1500672691265867,2.2350607872480186,0.8459964507661011,3.896188810344062,0.7217789792830904,0.27320172149005306,1.2582150779383992,25.245326371339267,7.607942739013429,49.89534797637265,29.513559369455955,8.24283140498548,58.57175228663655,CIP+CRO
MSM,cip+cro+nda,0.3,0.025,0,301.9997247028256,301.11729601216473,303.3119864869283,302.23306412769693,301.3263863034375,303.6078764619599,331.55273828518756,312.1958821746677,361.80526000135023,336.6934478222482,316.74281631593107,367.1163975171737,167.1,167.1,167.1,133.49,133.49,133.49,0.3776028569004535,0.14522306737897714,0.614220101353165,0.3103184158363021,0.2738796410183067,0.34696401713278285,0.6322796035802521,0.2840748041640909,1.0033665778104595,0.22101755222099506,0,0.6833343227141111,0.27336753163745564,0,0.8451881545440622,0.019843592125463338,0,0.11063484993158614,24.610958602003596,8.25933800117651,50.09747215518299,28.6470634993277,9.100419407201585,58.86009467074354,167.1,167.1,167.1,133.49,133.49,133.49,0,0,0,1.0438251022004559,0.9835927695047053,1.0870261437908497,0,0,0,1.7863747220294144,0.690800810310119,3.0499588349600497,2.2094935150328663,0.8544231463517848,3.772368800262541,0.7135224165319597,0.2759229950112308,1.2182292838153266,25.228606424142548,8.690597880243219,51.518386112253886,29.31469574608204,9.38133934213365,60.192433144608756,CIP+CRO+NDA
MSM,cip,0.3,0.025,0.05,302.0731615810729,301.1714737503571,303.358993944168,302.25613898671,301.3243731563657,303.5891981424118,333.24889591833613,313.4521790885016,362.10412900372495,337.270323089191,316.7419348117871,366.8490223772286,167.1,167.1,167.1,133.49,133.49,133.49,0.3783143914854016,0.14784485768807598,0.6230021399525475,0.3236512344690185,0.28912276732659437,0.36060665733633196,0,0,0,0.7738575354244248,0.1383204419889496,1.6329161514389983,0.9571525979370805,0.17108287292817684,2.019686912664174,0.22728789430449492,0.05385003817410384,0.5060144312313793,25.12084427465279,8.330658963782428,49.821854023781576,29.492712999643253,9.982727887339225,58.461984490976455,167.1,167.1,167.1,133.49,133.49,133.49,0,0,0,1.0432221551713257,0.9787902661307091,1.0864120229891931,0,0,0,1.77364991720507,0.6766486486486489,3.072743816940462,2.1937547266405257,0.8369189189189205,3.8005506085388454,0.7084398135505152,0.2702702702702702,1.227330171329471,25.68589417538804,8.757424171903065,50.201906583118216,29.936327504431752,10.094802146439525,59.27013337563227,CIP
MSM,cip+cro,0.3,0.025,0.05,302.0413488851012,301.1454543433547,303.44861899720195,302.2695417126435,301.3340327811906,303.78028741259595,332.5203604400741,312.86032363532445,364.1425200978582,337.5594513016566,316.9416914650457,370.36407603580784,167.1,167.1,167.1,133.49,133.49,133.49,0.37811201410770456,0.14803480891029297,0.615490148117078,0.309633629590896,0.2760255047821468,0.3446583597340592,0.648592478530896,0.32116490048990254,1.0707212506088541,0.2744865592467791,0,0.7145181311154568,0.3395011500893022,0,0.8837581262230985,0.02655371817859582,0,0.11489884730929982,25.21688540201599,8.464078421055728,52.59418707010168,29.446955999412918,9.686035681690134,60.62778612066913,167.1,167.1,167.1,133.49,133.49,133.49,0,0,0,1.0423582597365528,0.9808365944017564,1.0831382559942742,0,0,0,1.8105269057921936,0.7008371879249337,3.0842394616431275,2.2393663590334345,0.866836729560769,3.814769099266698,0.7231693983832055,0.27993177341625514,1.2319218172404236,25.828303775241952,9.046659531503835,52.89135570251923,30.09968338679445,9.872638596419296,61.80676442636,CIP+CRO
MSM,cip+cro+nda,0.3,0.025,0.05,301.99038095930035,301.08011076548024,303.41754531130323,302.22074332454525,301.2324090043387,303.65274268858036,331.400386964499,311.3394742149858,361.2516409468497,336.4809582849266,314.81616453360965,367.1203712942247,167.1,167.1,167.1,133.49,133.49,133.49,0.3845977376833341,0.14410850593374613,0.6214670267613052,0.309955771052186,0.2742209137615193,0.34520258093090667,0.6048011041294714,0.28114438785352325,0.9635219405387099,0.22095292801943503,0,0.676685303505021,0.27328760061710466,0,0.8369642558050998,0.04950758402737015,0,0.16934013227092876,24.458137500065185,7.576736525691913,50.17738701728277,28.495215267104612,8.241899214851285,58.91806643471295,167.1,167.1,167.1,133.49,133.49,133.49,0,0,0,1.0440573611514046,0.9870683067143009,1.086943736874569,0,0,0,1.7610340290466635,0.6795505909422997,2.9774153354220965,2.1781506527983296,0.84050821213929,3.6826427255424368,0.7034007145896563,0.27142937807249595,1.1892536089719183,25.086637001300762,7.947419734465672,51.00384344783164,29.16900865577692,8.299955030343078,60.15734746986486,CIP+CRO+NDA
MSM,cip,0.3,0.05,0,302.1539329527078,301.22314752048203,303.61268331415187,302.5357874819984,301.5437395832658,304.00184320980134,335.0325403200824,314.7198993623974,368.17784902675197,343.4412868093587,322.02706878256714,376.88051707668694,167.1,167.1,167.1,133.49,133.49,133.49,0.37673391941402123,0.1426719665255893,0.6132473850188153,0.3241409123829419,0.2882440283953054,0.36019115725471873,0,0,0,1.322543794102889,0.4167004957861247,2.3883950617283918,1.6358000929936918,0.5153997264943726,2.9541077441077452,0.4517100445692311,0.15922667020148426,0.8468386485025026,25.32929296093551,7.927235733683881,53.15112307417382,29.595125294483402,9.533836699529557,62.39887169892559,167.1,167.1,167.1,133.49,133.49,133.49,0,0,0,1.043639649290253,0.9815906562847609,1.086723870642945,0,0,0,3.6053376137543633,1.7859821923524861,5.536914792011987,4.459293998542803,2.2090080111993604,6.84838246722495,1.440061357147453,0.7133656304331708,2.2115812398194614,26.438687199002466,9.05950405698357,54.46555671044323,30.543432483432692,9.739584531458206,64.62123953009012,CIP
MSM,cip+cro,0.3,0.05,0,302.07759753179204,301.1525221023552,303.518523314256,302.57656608594226,301.5759302234662,304.06320046483717,333.1946698531133,312.8678431992229,365.1714472674208,344.18213308702786,322.63832758999706,375.6794226239495,167.1,167.1,167.1,133.49,133.49,133.49,0.3767869430649009,0.1486447064932386,0.6087443269156331,0.3024107423126195,0.2679948843416371,0.3361455412900127,0.9934460832409694,0.553097345132744,1.475834728762318,0.22990543335903105,0,0.5823176798585595,0.2843605867309377,0,0.720244818441452,0.011194186792390298,0,0.0598504326906276,25.669157883965664,8.594102731599618,52.39215446226416,29.82910804749308,9.570710442142962,61.56989955936672,167.1,167.1,167.1,133.49,133.49,133.49,0,0,0,1.0422806386855012,0.9823593108788231,1.0863492416016847,0,0,0,3.6164238242528786,1.7070080322230001,5.622676342970976,4.473006076921818,2.111328116544876,6.954457406791796,1.444489464871736,0.681821390087475,2.245836532581473,26.993624876914197,10.057820960836198,53.87163062809055,31.26600995570714,10.202755867943093,64.25557412001638,CIP+CRO
MSM,cip+cro+nda,0.3,0.05,0,302.0331838596213,301.1339746169643,303.426810407063,302.52860528562366,301.5435224542144,303.9326802581496,332.2785745201405,312.4173826124933,362.0003900049849,343.1970520642051,321.2717639423535,373.80745188924044,167.1,167.1,167.1,133.49,133.49,133.49,0.3810842332191124,0.15010119902280483,0.6193364024570882,0.3022805304915667,0.2673345559645705,0.33878341513138016,0.9909261459722724,0.5635130519864143,1.4590757764915043,0.2248135004015708,0,0.675207009652821,0.2780625840164182,0,0.835135814862969,0.030497492723332173,0,0.11642961244408268,24.995798889802398,8.241426022213368,51.638902965271356,28.90432161284249,8.99821270084088,59.10950682614915,167.1,167.1,167.1,133.49,133.49,133.49,0,0,0,1.043858319360691,0.9851199018473786,1.0853199871838275,0,0,0,3.615660618295384,1.7129857174578371,5.5639335144927475,4.4720620988230895,2.118721669867384,6.8818008152173835,1.4441846214632466,0.6842090259857165,2.2223731884057942,26.25978688898022,8.954912907165587,53.24068967774623,30.326301434806016,9.54573052801273,61.944422839229425,CIP+CRO+NDA
MSM,cip,0.3,0.05,0.05,302.16705532895,301.2468641135675,303.55845833337537,302.546321248245,301.5433392137684,303.9590691094254,335.38493362678196,315.12583926464737,366.24837660862744,343.7475168850236,321.37568105708255,374.6377732882268,167.1,167.1,167.1,133.49,133.49,133.49,0.3724582688945158,0.14606981497287644,0.6160566416606925,0.32530406576880483,0.28777555795536364,0.36187765476485556,0,0,0,1.324515574801978,0.41725508879023326,2.35966325947299,1.6382389075458559,0.5160856798002234,2.9185705581099555,0.44730656614325587,0.1567305030546006,0.8249851100372612,25.642066313738464,8.845884816156957,50.0475603168179,29.97202889283489,9.73892923184552,59.1532105591166,167.1,167.1,167.1,133.49,133.49,133.49,0,0,0,1.0439615451163715,0.9852736605977516,1.0855930899577575,0,0,0,3.571044809429863,1.738015696347039,5.683852221239176,4.416878637514184,2.1496802226027354,7.0301233377094166,1.42636395967002,0.6942066210045659,2.270271697251639,26.77283768323581,9.531269675830156,50.96253157179835,30.950145915536005,9.925060983126626,60.690159980049415,CIP
MSM,cip+cro,0.3,0.05,0.05,302.0665642456037,301.12465400312345,303.5157111286766,302.5533707337755,301.52523468177964,304.0241194176979,333.02223039245126,312.458113444545,364.9974838721054,343.7570063249324,321.8244291721641,376.11799285754523,167.1,167.1,167.1,133.49,133.49,133.49,0.38390627762256113,0.1456243438753908,0.6151475127448952,0.30224917864905937,0.2660019532358694,0.3396201023849038,1.0159483300555765,0.5773008414961089,1.4627253260921778,0.3038615805667175,0,0.7999148870878101,0.3758339073266089,0,0.9893818658556105,0.042490319366998264,0,0.16485793212312494,25.33915318708269,7.928668709640883,53.76560343978247,29.367119464979368,8.782274798689334,61.5338445676755,167.1,167.1,167.1,133.49,133.49,133.49,0,0,0,1.0433937289275528,0.9785285200011951,1.0872302367277886,0,0,0,3.627620287088783,1.7532748025882057,5.631160350203422,4.486854521888131,2.168553584316439,6.964950926841328,1.4489616101169447,0.700301486894154,2.249225255713146,26.625917993120165,9.256460742744562,54.645112435076726,30.78326697441003,9.381732040013421,64.22566530432957,CIP+CRO
MSM,cip+cro+nda,0.3,0.05,0.05,302.04108451322884,301.12177311516075,303.3730408478498,302.53088682010804,301.5737026875852,303.8902196904268,332.56493502815476,312.7045125683038,361.6081275025432,343.38954210589804,322.16462404992114,373.62023217988246,167.1,167.1,167.1,133.49,133.49,133.49,0.3742113915127645,0.14452148508821722,0.6115518028464849,0.30223322940969993,0.2677089279912468,0.339098901098901,0.9332764606793917,0.5237142501182215,1.390511320022372,0.23518260837436203,0,0.6893934325172507,0.29088770773767764,0,0.8526824185704261,0.07814695581312733,0,0.22547914317925521,25.203786263774052,8.309987680276995,50.175799262689,29.181788461060844,9.335065208077056,57.61058982604416,167.1,167.1,167.1,133.49,133.49,133.49,0,0,0,1.0435859425374623,0.9826270292207792,1.085648263981888,0,0,0,3.5731347574067573,1.7742430502172062,5.677726216814165,4.419463608318328,2.194488348499201,7.022546334473045,1.427198736781737,0.7086767256020154,2.267824818986322,26.482771378854114,9.463057222089391,52.109714828100024,30.62882545533975,9.830014752667521,60.96496106624823,CIP+CRO+NDA
MSM,cip,0.3,0.075,0,302.2347732806429,301.3439808427717,303.55307834382836,302.81317784919565,301.8190250919657,304.1737338006136,336.792414753175,317.14621795644115,365.2157540005471,349.5174095958233,327.6146653826844,377.9814513976926,167.1,167.1,167.1,133.49,133.49,133.49,0.38475669377508387,0.1459084441797165,0.6187429716555989,0.324904515226205,0.2903759871095111,0.359025772948662,0,0,0,1.9044170721977236,0.7352741053430337,3.154718305990621,2.3554952491482153,0.9094303381551521,3.901941486791221,0.6832777727026508,0.2358275672382761,1.1481308963133647,25.30922624316649,9.014921790755517,48.75116731972188,29.563861873298574,9.851337632788878,58.589109879583496,167.1,167.1,167.1,133.49,133.49,133.49,0,0,0,1.0431851259859128,0.9839011187143475,1.0869070315864913,0,0,0,5.419459249229478,2.8948938107177566,8.134925778115866,6.703106531060873,3.580575241359887,10.061755537830956,2.1646665798168545,1.1562924631401807,3.249291331728661,27.027858358072816,10.564945487076136,50.4252321006671,31.04443277557703,10.419174060492056,60.39360718915886,CIP
MSM,cip+cro,0.3,0.075,0,302.04320753258776,301.1627574631564,303.32151035183557,302.79828830434315,301.7962532406688,304.1497220183588,332.55576645920684,313.06060559072773,359.69982111353943,349.2355638242275,327.15547752025805,377.94916820330087,167.1,167.1,167.1,133.49,133.49,133.49,0.37513470622943623,0.14673034355934952,0.6177339924125194,0.295182106237978,0.2610255992329819,0.3273196308724832,1.3550907061820896,0.8332411504424796,1.9001450130803268,0.24094698193536943,0,0.6871802022721296,0.2980174246129835,0,0.8499449649927654,0.015235759032404926,0,0.10622200219845084,24.865640884024817,8.126741580239768,49.41705854177056,28.686931197045162,9.454462812427963,55.747335681676816,167.1,167.1,167.1,133.49,133.49,133.49,0,0,0,1.04341200546525,0.9774877669039147,1.0865139260775978,0,0,0,5.38870612143685,2.8352691628509747,8.141505947063997,6.665069250535769,3.506827963606146,10.069894278510295,2.1523830170302163,1.1324768984066835,3.2519196145805997,26.920293876332238,10.217939931979078,51.574780025725595,30.863026855412816,10.120640915638058,59.99001683191229,CIP+CRO
MSM,cip+cro+nda,0.3,0.075,0,302.0890574000802,301.14238615481935,303.47231788431503,302.8421879111957,301.790567318803,304.2838368274442,333.5279845807324,312.9751274793485,363.8490092439869,350.1299780313617,326.87301189298154,380.88470742751446,167.1,167.1,167.1,133.49,133.49,133.49,0.38290275960356207,0.1471284279629224,0.6133850907698837,0.29356682154768304,0.257415571021298,0.3285635398633258,1.3219509574803205,0.8370535714285721,1.8567580539186503,0.23700970050311268,0,0.6886349397370676,0.29314756294054123,0,0.8517442700071082,0.04267844486001252,0,0.1674810314364769,25.6344192700965,8.369023817169133,51.58809006209424,29.67347311705121,9.206693711297596,59.67239603102943,167.1,167.1,167.1,133.49,133.49,133.49,0,0,0,1.0418420808093891,0.9813840635691425,1.0836569579288027,0,0,0,5.361636926248627,2.772810537450171,8.123423266741582,6.631588474924707,3.4295754554514337,10.047528553999031,2.1415709083913668,1.1075293726834023,3.244696943098562,27.623896013183227,10.101199765773753,53.56753589224866,31.900242164478108,9.914453482606241,63.915745990540245,CIP+CRO+NDA
MSM,cip,0.3,0.075,0.05,302.22785393241855,301.2857878380755,303.56699033631116,302.7973686821854,301.75995286544,304.1741307162275,336.6491336900601,316.11836932988507,366.4889627642851,349.1823705067605,325.89610895208364,379.29754480329507,167.1,167.1,167.1,133.49,133.49,133.49,0.3775616389461375,0.15209075540482456,0.6116218014451537,0.3251813440138107,0.2892549723665488,0.3598350905058739,0,0,0,1.8994187761661903,0.6944819513871012,3.176831056558393,2.3493130621010643,0.8589761985402241,3.929291839646409,0.679220367321851,0.23061220557201992,1.1797685861833753,25.313994025515473,8.28605725225933,49.18840419919942,29.488032273130884,9.082091844017539,59.31277116942105,167.1,167.1,167.1,133.49,133.49,133.49,0,0,0,1.0441834029894697,0.9814904346910381,1.0896528338292044,0,0,0,5.354634808026517,2.8664993900101092,7.964417204549413,6.622927842520736,3.5454553487399365,9.850860487141595,2.1387740885231334,1.1449510265258458,3.18118597401718,26.98079374568026,9.782034153266089,50.94957879483473,30.97483671710668,9.836030202183656,62.24759346637755,CIP
MSM,cip+cro,0.3,0.075,0.05,302.091263339898,301.17272359629874,303.5076092370242,302.8271014020467,301.78306345654363,304.3743821693451,333.5789624351407,313.44024853862794,364.0154510867598,349.8124705720635,328.16827371470373,382.82491631779516,167.1,167.1,167.1,133.49,133.49,133.49,0.3811134426664373,0.14822332083047943,0.6141643354411769,0.29378706297834106,0.2623877350804414,0.32856475,1.3484592705492118,0.8703469119641268,1.9380262630312723,0.3296021693438489,0,0.8487985169491538,0.4076713842427556,0,1.0498440196456098,0.054768990177076385,0,0.17420813503750487,25.47640557582988,8.503707532981108,51.501132291013796,29.431957308117358,9.253335874475972,60.702211218276354,167.1,167.1,167.1,133.49,133.49,133.49,0,0,0,1.0427611751512735,0.9815293777751875,1.0866975774493073,0,0,0,5.363282891600082,2.7463365494309775,8.035530442253402,6.633624301856851,3.396830867138516,9.938817529749882,2.142228347819173,1.096955004565818,3.209590366773199,27.430972167814616,10.168168251603474,53.13353602931454,31.557855779573256,10.149821692026192,63.20698137376249,CIP+CRO
MSM,cip+cro+nda,0.3,0.075,0.05,302.0472583919815,301.1354891064378,303.4269855216859,302.7943570394295,301.7522076013045,304.23359648091633,332.62072807675173,312.5818347916413,362.1696512112288,349.1056599879943,326.39051043970204,380.68902134886224,167.1,167.1,167.1,133.49,133.49,133.49,0.3799611177514864,0.14964601370343306,0.6144340870484853,0.2939031577933867,0.25928190416347746,0.3281342881239705,1.258856734883366,0.7665987777610711,1.7544605561522906,0.23343289253007285,0,0.6871419921586286,0.2887235560826905,0,0.849897704472928,0.10913708169003736,0,0.28731944051260744,24.86049202021736,7.728641492739565,50.14795065882965,28.778807231424445,8.60979464428231,58.897562216739736,167.1,167.1,167.1,133.49,133.49,133.49,0,0,0,1.0424758221275066,0.9755571821793417,1.086385611613179,0,0,0,5.334414056066865,2.7633554083885223,8.059124837808167,6.597917625026622,3.417880794701978,9.968000468428157,2.130697418144617,1.1037527593818957,3.2190145541652666,26.825026110784265,9.937736006674394,52.719922329452416,30.98264103994907,9.364823509292327,62.707358858166465,CIP+CRO+NDA
MSM,cip,0.3,0.1,0,302.3177220104624,301.374630848468,303.7425171956373,303.0742131092879,301.92680241262224,304.5996615069187,338.6670343732979,318.1352794326899,370.28469388191024,355.33760546689916,330.5960641115828,390.16256210031827,167.1,167.1,167.1,133.49,133.49,133.49,0.3754225843014308,0.15186899481298327,0.6115287884000359,0.32370483926474425,0.2872101679893407,0.35908828832103507,0,0,0,2.3791155441379317,1.055852407943136,3.8562856175276377,2.942630289973446,1.3059404722945889,4.76968127625663,0.8780822040619163,0.37460848289270415,1.464287819485048,25.615513665623368,8.381802881688149,52.191601191396025,30.053615719518078,9.225798361621147,60.320556149161234,167.1,167.1,167.1,133.49,133.49,133.49,0,0,0,1.0417840354107268,0.9826162834753359,1.0853374172185433,0,0,0,7.030230256029421,3.6445942562121174,10.316137498789578,8.69540302397376,4.507848927059603,12.75960671782708,2.808048512553691,1.4557414348187045,4.120521448629811,27.771209552904082,10.491190116248104,54.5023707190187,32.098434920380605,9.971384649602918,63.680906476185626,CIP
MSM,cip+cro,0.3,0.1,0,302.08501786558173,301.18818620620044,303.37877578682287,303.09321411825243,302.0346078355598,304.49528903751195,333.39926567813177,313.74081344162715,362.2436289205259,355.6015949100154,332.3031050777202,386.408799585794,167.1,167.1,167.1,133.49,133.49,133.49,0.3833761886871112,0.15069997657943623,0.6136250821422115,0.28705838995374405,0.2530382259449175,0.3221055965729882,1.6878324856494529,1.0929612800201574,2.2934718747972567,0.23621567030977605,0,0.678151656955849,0.2921654596106617,0,0.8387779281552508,0.019936499659190664,0,0.11052614534011793,25.397201133687123,8.705182790948477,50.26554106888601,29.097025250954395,9.234870957136645,57.92536802650037,167.1,167.1,167.1,133.49,133.49,133.49,0,0,0,1.0449868114595988,0.9849929458239279,1.0864591588335404,0,0,0,7.097538206230701,3.76475762527707,10.531750344078485,8.778653462779193,4.656474062323447,13.026289389468547,2.834932979002516,1.5037376678690932,4.206642572327236,28.03342553609895,10.544408996428382,53.26675795196329,32.12113416233665,10.368779923339774,63.14704123181207,CIP+CRO
MSM,cip+cro+nda,0.3,0.1,0,302.10771367656645,301.217281434381,303.48361434167344,303.129767782584,302.00192849367016,304.62001168970454,333.92529368109314,314.16806415886424,364.45024910494186,356.4595428169325,332.03893925471453,389.5169820469053,167.1,167.1,167.1,133.49,133.49,133.49,0.3796546800981268,0.15070421655308508,0.6164075926512691,0.2856638028767644,0.2495959550561799,0.32028949430037695,1.661477709439048,1.082251082251086,2.3087555439138328,0.23385820356186884,0,0.6878400723725603,0.28924960582748177,0,0.8507611312146032,0.05237493074275115,0,0.1698296056104368,25.66333673339046,9.259511340278932,51.9922614821215,29.63884668161824,9.964242673269412,60.728462401184984,167.1,167.1,167.1,133.49,133.49,133.49,0,0,0,1.0420365713468478,0.9763302075965203,1.0869858978052196,0,0,0,7.2075663432333625,3.8680612728012105,10.561039725397514,8.91474274582858,4.784246100557692,13.062516222106519,2.8788809487271774,1.5449997095387455,4.218341478430057,28.35251118142083,11.517067001192551,54.12722214569044,32.6472428408129,11.137050385096595,65.88706948369061,CIP+CRO+NDA
MSM,cip,0.3,0.1,0.05,302.31395080369856,301.36432373916796,303.6855145129154,303.0748264617403,301.96858274153743,304.54631350491195,338.51498887029516,317.669743834679,368.3489090405207,355.2540482802505,330.8089630864921,386.0285039913141,167.1,167.1,167.1,133.49,133.49,133.49,0.38579944901354823,0.14596957406130517,0.6262783788260845,0.32431567998688593,0.28909009892541526,0.3621388541946157,0,0,0,2.4594487381556336,1.0407264305666164,4.0869571208834525,3.0419911178194345,1.2872317722050624,5.05498938349884,0.9060538732981949,0.3722716517357223,1.5336232349851082,25.45129431256721,8.712037539908485,49.992258845108566,29.611192521102875,8.998474816477206,59.022723807303905,167.1,167.1,167.1,133.49,133.49,133.49,0,0,0,1.043227922501709,0.9783321692592022,1.086607246453847,0,0,0,7.143657616537301,3.5857148193786923,10.57090431372548,8.835696666947358,4.435023370222107,13.074717326203219,2.853354216543098,1.4322235258742146,4.222281639928695,27.650133888722223,10.653589821240173,52.25973667614254,31.585575322359976,9.501331534003619,62.46541708989109,CIP
MSM,cip+cro,0.3,0.1,0.05,302.11253887588026,301.19265016958053,303.3727983026702,303.11728150929946,301.9993964282079,304.55686794239836,334.02553408246865,313.84346572170284,363.3451460451064,356.1769041672104,331.823645691529,388.2900206870797,167.1,167.1,167.1,133.49,133.49,133.49,0.37426718825706845,0.14455488349962312,0.6152993893845341,0.2860470631104083,0.2503332885199906,0.3203206915864108,1.7172256733856535,1.1679319614386352,2.3346736809948823,0.36525570996453294,0,0.845858542797877,0.45176978410136326,0,1.0462076863827683,0.06913562959643156,0,0.2190923309178747,25.496499627517647,8.745152340364397,50.64974486671563,29.320642056710728,9.45131938303208,58.74673991782925,167.1,167.1,167.1,133.49,133.49,133.49,0,0,0,1.0433048638225813,0.9811808184806039,1.0861452205882354,0,0,0,7.230242599709239,4.011790621436721,10.517175497573938,8.94279007599442,4.962019027936151,13.00826236051585,2.887938408575347,1.602408779931584,4.2008210167654365,28.186889925927492,10.709288746983553,53.75873812095846,32.230032214290354,10.369695910302543,63.72663212668706,CIP+CRO
MSM,cip+cro+nda,0.3,0.1,0.05,302.088479931639,301.18766407453745,303.3703380119447,303.0919195312648,301.9593829479684,304.57111471682435,333.56655595387645,313.698359777678,361.6591050863044,355.72619955043035,331.41747228527487,387.05572064278005,167.1,167.1,167.1,133.49,133.49,133.49,0.37324013930633887,0.14776487783834968,0.6162676668978805,0.28694878763037124,0.2512934786293878,0.32166239293113585,1.5965985102300655,1.022359657196102,2.1571830286990274,0.22814388025850804,0,0.6759545022112528,0.2821817940599523,0,0.8360603577038502,0.13192728558077954,0.0011934843555309468,0.32817013157054425,25.390626554789375,8.759523403347444,49.12950021892713,29.30208468338663,9.352978974729554,57.97442060932865,167.1,167.1,167.1,133.49,133.49,133.49,0,0,0,1.0423929200656588,0.9813708462314279,1.0868632628714427,0,0,0,7.110601860146861,3.7323713067653665,10.408498386484425,8.794811359694348,4.616416755284258,12.873844105922554,2.8401509267242613,1.4908017681599994,4.157412680334088,27.97965266528867,10.924515462007387,51.66780803161996,32.28970224903671,10.682963721170463,63.01557802462319,CIP+CRO+NDA
MSM,cip,0.3,0.125,0,302.41010529665857,301.46142742340635,303.77747798496375,303.37409497105887,302.1862401918728,304.89312049635043,340.6280562140649,319.70642280493735,369.7823359946194,361.8394019880551,336.0726413492387,394.38898496154746,167.1,167.1,167.1,133.49,133.49,133.49,0.3831731672464689,0.15455165677699936,0.6213317842475672,0.3253445802297233,0.2868606192698667,0.360250881482856,0,0,0,2.990613271982154,1.4020141262094097,4.798281230254719,3.698966711143928,1.7340936823853859,5.93479695542689,1.1161251102282823,0.5136693762286645,1.801043300653594,25.949307583430667,8.52136488930323,51.376885661768725,30.11520118693332,9.40646718127843,59.798540308589565,167.1,167.1,167.1,133.49,133.49,133.49,0,0,0,1.0438260764264276,0.9740750779478459,1.0861303128893813,0,0,0,8.947877794513683,4.835591311396243,12.951102061259865,11.067262493405924,5.980944262210267,16.018686149104223,3.5740045512516705,1.9314552290286977,5.172991716432286,28.73913541463216,10.358289974846173,54.22360437825928,32.67930742672041,10.42822225810615,63.94936068702661,CIP
MSM,cip+cro,0.3,0.125,0,302.11328419465144,301.1957108962061,303.44961889743513,303.3839500054573,302.2436942044225,304.9298659472449,334.07256230291875,314.0597557965602,362.42035632728863,362.10083917191514,336.6893869543247,395.01462513472535,167.1,167.1,167.1,133.49,133.49,133.49,0.37599580110565095,0.14862907593113597,0.6147714815202755,0.2787486977293225,0.2436875117132071,0.3122371671891817,2.0429311650683077,1.4083956866197225,2.681557613378106,0.24471462309999953,0,0.6863504845550336,0.30267746520668587,0,0.8489187212306754,0.02349232956488596,0,0.11320231909542247,25.574749258164218,8.394781145751814,50.868154454143465,29.32048019965977,9.178448908772792,58.32305490042447,167.1,167.1,167.1,133.49,133.49,133.49,0,0,0,1.0437619655823565,0.9817792252007498,1.0856911423889195,0,0,0,8.951812627250323,4.967936569193642,12.793635376827908,11.072129326387344,6.144636675253654,15.823922075365584,3.5755762211416853,1.9843172108937719,5.110095613048374,28.894248952252052,11.75742218021763,55.170795192447656,33.0418546556428,10.198732415161729,64.5279814234189,CIP+CRO
MSM,cip+cro+nda,0.3,0.125,0,302.0886152560918,301.2050317424438,303.399073539411,303.36505036120815,302.2093153746456,304.82575270233843,333.5920150640066,314.1358842271276,361.4367311856297,361.8305163705042,336.0779290106323,393.7625975332172,167.1,167.1,167.1,133.49,133.49,133.49,0.38159766093051156,0.14667263510162867,0.6145785018625477,0.2792391696517721,0.24253969659335156,0.31407510501522073,2.0461043382102537,1.4297924890528264,2.715713748150176,0.22693011039449076,0,0.5876995305164324,0.28068053197299114,0,0.7269014084506971,0.06396201551497407,0,0.20909793478151772,25.228808374466293,9.179074636278784,48.806656472311445,28.81274311315711,9.561065782674289,56.67635986956489,167.1,167.1,167.1,133.49,133.49,133.49,0,0,0,1.0452555777597095,0.9841537024223572,1.0858260750652193,0,0,0,8.972648052675344,4.975752961677949,13.036880506923765,11.097899808241921,6.1543044500447275,16.124781985037597,3.583898407363534,1.9874392721193277,5.207253757358908,28.65709610979044,12.238014933836999,52.046811226898726,32.58962028060078,10.770940727060234,63.476977618616566,CIP+CRO+NDA
MSM,cip,0.3,0.125,0.05,302.41181538197117,301.4325863489891,303.78435918003936,303.37346046265304,302.19915689684876,304.8562499356329,340.74003213074246,319.26169567640596,370.7956184270629,361.93214924878515,336.423480484905,394.9006793271635,167.1,167.1,167.1,133.49,133.49,133.49,0.37810296075508454,0.15071422772966228,0.6149414293391611,0.324604935298299,0.29062138613861377,0.35961443533160264,0,0,0,3.0167962835690596,1.3908502959674405,4.845783127850022,3.7313514026601498,1.7202855993340715,5.993550101334236,1.130156421500123,0.5013356617800876,1.8473891916351406,25.867212212738863,8.96945461414892,50.69858174345429,30.160208123316515,9.366511379582809,60.11819783393415,167.1,167.1,167.1,133.49,133.49,133.49,0,0,0,1.043206234206193,0.9807225559409048,1.084859983034795,0,0,0,8.958570221715853,5.064787984626609,12.876556756365643,11.080487517401066,6.2644282126516835,15.926484123566798,3.578275372150444,2.0230020708685923,5.143216470828261,28.65940745119187,11.036555004246303,53.305782757522095,32.748401061126195,10.28588317548368,64.58080652686608,CIP
MSM,cip+cro,0.3,0.125,0.05,302.13774546448514,301.2233923556689,303.4905073138786,303.3794588934895,302.232399759863,304.8511477883862,334.5913078684092,314.3018944764449,365.88288936016227,361.96323100570334,336.56913475418304,395.076236151713,167.1,167.1,167.1,133.49,133.49,133.49,0.3734030908219835,0.1457767896214896,0.6139627643350443,0.2788734128614843,0.2461031784849935,0.311541398296866,2.0370343866093528,1.4408466079278037,2.6865612668815655,0.4029431984351419,0,0.9608906783770419,0.49838389050737364,0,1.1884862097229474,0.08616797274178202,0,0.23743339771874236,25.615149179310563,8.436762422518385,50.98877401795099,29.366670902804536,9.241385494736246,60.50010778428073,167.1,167.1,167.1,133.49,133.49,133.49,0,0,0,1.0432823014605013,0.9827198148036245,1.085625738524466,0,0,0,8.87493744747154,4.995991134221156,12.862290734554918,10.977045574309143,6.179336214343041,15.90883906719235,3.5448703656620624,1.9955229007114383,5.137518267516744,28.883393895318292,11.781468107429866,54.216334030840706,33.08274631199017,10.325347263658127,67.41147452930349,CIP+CRO
MSM,cip+cro+nda,0.3,0.125,0.05,302.10052348707137,301.2244537552296,303.4742120127581,303.38831616630955,302.2685269099419,304.88994133452445,333.8346447646589,314.92415854659095,364.1072183303593,362.32439448851704,337.4276000149081,397.26283982701136,167.1,167.1,167.1,133.49,133.49,133.49,0.38270682481795976,0.15055716037119254,0.6183277186351019,0.2783562079119118,0.24414548311163417,0.31246117468366696,1.9259785740970583,1.3113768091089908,2.605971832795483,0.24196511072016577,0,0.6673601874641473,0.2992767062853755,0,0.825430402820535,0.16391494856279523,0.0011667989253504746,0.3799469129733494,25.32273962891673,9.326116909367862,50.41113372479116,29.050218983855643,9.93518086011898,60.25684419370591,167.1,167.1,167.1,133.49,133.49,133.49,0,0,0,1.0429151522049958,0.9794786097566285,1.0864370676930553,0,0,0,9.110134714256004,4.995272214462231,13.170452363915162,11.267951412432154,6.178447012024181,16.289991528239216,3.638813993551687,1.9952357463102057,5.2606056733963715,28.72190404138873,11.34192138403705,54.6382655346358,32.75249822624321,11.15984046901546,66.61863171137169,CIP+CRO+NDA
MSM,cip,0.3,0.15,0,302.5469483486926,301.57953855844016,303.9833972963314,303.7047429167453,302.4879378758443,305.3210767097887,343.75096573099347,322.4126941528085,375.10786165227387,369.28993152718226,342.82225625456033,403.9391998882386,167.1,167.1,167.1,133.49,133.49,133.49,0.36629214631344054,0.14747868085990834,0.6112798680226522,0.32397504929736165,0.289223182318752,0.35963177701818694,0,0,0,3.5685673083288814,1.7506987110633723,5.5862652326301765,4.413814318170321,2.165367322527095,6.909422000064943,1.3519908719102585,0.6746786562591269,2.122899031372871,27.082399112204183,9.932029552476262,52.854282259621364,31.536458263816304,10.658480102039405,62.82533222875955,167.1,167.1,167.1,133.49,133.49,133.49,0,0,0,1.0430355572954648,0.9831382300949245,1.0858750369713102,0,0,0,10.774967850816168,5.838471108818165,15.391701737558048,13.327115132943499,7.221365088499088,19.03736363657222,4.303789683182684,2.332030319866657,6.1478278229581544,30.383213187728582,12.92690084462477,55.82247031169586,34.662083466059364,11.779794682257364,66.94762583570858,CIP
MSM,cip+cro,0.3,0.15,0,302.15387827294285,301.2392918390615,303.5063217872561,303.6922548293439,302.390768900076,305.3064680215761,334.9386625372071,315.23250598284324,363.80702446636633,368.89206870363785,340.9700772409562,402.63906567989847,167.1,167.1,167.1,133.49,133.49,133.49,0.37926703378858706,0.14980200777455013,0.6073024138463826,0.27032969873528645,0.23715877775142818,0.305036390006929,2.3976725366484715,1.6684742306266211,3.0674970849569068,0.2569831598397226,0,0.6744612068965515,0.31785191434721416,0,0.8342133620689659,0.028736619968255085,0,0.11615101037359224,25.97698195191193,9.28502626525732,52.75809447170023,29.682146736093813,9.859910192133587,59.4394237656624,167.1,167.1,167.1,133.49,133.49,133.49,0,0,0,1.0430940893612632,0.9859703542861467,1.0866974172641275,0,0,0,10.750782856278443,5.953469153383855,15.275966028600058,13.297201706643165,7.363601446065043,18.8942148922204,4.29412959589329,2.377963394066089,6.101600107285532,30.107014532082758,12.197639058246054,57.24258938992193,34.2215783407332,11.603199626040588,67.88723650390735,CIP+CRO
MSM,cip+cro+nda,0.3,0.15,0,302.12107818550334,301.2070128905348,303.55597750287006,303.6619332155372,302.42013336818457,305.362100550976,334.2127256360534,313.9533160998481,365.9026912341988,368.18579533359747,340.8954868132458,405.4235194465431,167.1,167.1,167.1,133.49,133.49,133.49,0.3900664926090471,0.15149247174266117,0.6202132097927627,0.27083589294047894,0.236496178325006,0.3026237081339712,2.3915500525399795,1.7067669024000416,3.1387857289212184,0.25511738269711826,0,0.6796058720436156,0.31554421123977355,0,0.8405765870627436,0.08100936997012141,0,0.22884502438362556,25.43088726368448,8.19856700891641,53.64206156566153,28.89048029541523,8.336180384020325,60.77145452044294,167.1,167.1,167.1,133.49,133.49,133.49,0,0,0,1.04419444482469,0.9852224872196852,1.0861215399626225,0,0,0,10.88149081059655,5.927112689370558,15.245815543871183,13.458869006268284,7.3310022183675585,18.856922996146135,4.346337598097359,2.36743596795438,6.08955725510113,29.478680366710385,11.168255358438444,58.82282584775568,33.22954037307277,10.049551226239585,67.38577033999763,CIP+CRO+NDA
MSM,cip,0.3,0.15,0.05,302.54707807788105,301.5384335609811,303.9574387919429,303.70369521908367,302.45139695415116,305.25748428766616,343.66790728873895,321.7454286746621,373.94903509260394,369.14391627303155,342.24572584246926,403.4660147334564,167.1,167.1,167.1,133.49,133.49,133.49,0.3702752910898251,0.15009706410165663,0.602977493309938,0.3246297059541478,0.2875049578226962,0.36053932842046726,0,0,0,3.567798045665197,1.7712049675438408,5.542590622451198,4.412862848780496,2.1907306688353825,6.8554026687499565,1.3513392978467205,0.6658771493256295,2.096215063597265,26.991198422955044,9.418854079740363,52.16529677714267,31.419421191966773,10.333729874661262,61.84729946625411,167.1,167.1,167.1,133.49,133.49,133.49,0,0,0,1.0428037031409092,0.9819145189003438,1.085793841589535,0,0,0,10.74095878230803,5.806604422015258,15.43900214285714,13.285050713091168,7.181950492575678,19.09586756493507,4.29020561683497,2.3193019739635994,6.166720779220779,30.30599348180711,12.313611595186357,56.65178261149436,34.5569322117742,11.261521165629757,68.34373785454453,CIP
MSM,cip+cro,0.3,0.15,0.05,302.16371469066183,301.25128707896886,303.5351340163245,303.6701827066788,302.4572862649913,305.3177498835246,335.26541927068547,315.203438334043,365.9071394461454,368.6000082680899,342.68287097235776,402.96412340548,167.1,167.1,167.1,133.49,133.49,133.49,0.3795583195246389,0.1433979412974157,0.61282692623391,0.2702500340583706,0.2378549081977774,0.3028371308745917,2.4201560107185247,1.758658272595937,3.157454254152965,0.44659348490203826,0,0.9793100855013439,0.5523731368220369,0,1.211268417783776,0.10740878700176479,0,0.2880254924420791,25.83827904159302,8.9603400359511145,52.583310663606845,29.422810441555676,9.638682496290036,59.507226259348556,167.1,167.1,167.1,133.49,133.49,133.49,0,0,0,1.0432152027550798,0.9835860750265275,1.0857925951827794,0,0,0,10.819220581095436,5.818714907645909,15.595244897959168,13.381849517263193,7.196929454791625,19.289117810760654,4.321465322373956,2.324139202606608,6.229128014842295,29.829081045802738,12.247983164766444,56.71564875801348,33.824177534888975,11.085314594996316,68.988448852385,CIP+CRO
MSM,cip+cro+nda,0.3,0.15,0.05,302.09509776555456,301.2251872194872,303.34862905694496,303.62322457562635,302.3910966295927,305.10317416299677,333.6480456882662,314.1710928659278,360.4986018086031,367.34459434557886,341.05227758088336,400.2832457934273,167.1,167.1,167.1,133.49,133.49,133.49,0.37828143210043647,0.1479479603702344,0.6084820686868686,0.27097170229537043,0.23776911067121959,0.30624999999999986,2.246570089329834,1.6146096263301133,2.934825092827831,0.24487484030210685,0,0.65989132518395055,0.30287563128275474,0,0.8161924738634846,0.19021276930663744,0.0024665299334811876,0.4301257839298697,24.889124555414565,8.473164336577906,48.51173859963338,28.427820734654937,8.484140209631796,55.700866630520665,167.1,167.1,167.1,133.49,133.49,133.49,0,0,0,1.0429805728214203,0.9788229044788694,1.086907203489282,0,0,0,10.750903904923714,6.0569858383551995,15.480896847986513,13.297351426740203,7.491636981566816,19.14768540480709,4.294177945727637,2.4193105281814975,6.1834545646215435,28.912218406149854,11.53484084059884,53.1009011949213,32.78347877011073,10.311095265487337,63.49635796591943,CIP+CRO+NDA
MSM,cip,0.5,0,0,302.01114515522846,301.1306982474335,303.2887331069761,301.97606992103897,301.104388577972,303.28584952375155,331.81450582883787,312.46515824942804,360.314306247231,331.0362734560142,311.94267752193394,359.64988075306377,167.1,167.1,167.1,133.49,133.49,133.49,0.2717916285536456,0.10479238070696421,0.4430404383635298,0.5266099640479981,0.48370105245031,0.5680533187587478,0,0,0,0.366057045050364,0,0.8703381032012099,0.4527609225527071,0,1.0764854491024392,0.003245912446124815,0,0.007717489172019034,24.907056242488185,8.65102223446935,49.738496874434645,29.237746207736887,9.933162520060527,57.96727589910256,167.1,167.1,167.1,133.49,133.49,133.49,0,0,0,1.043017628310167,0.9819195544554455,1.0871084075198607,0,0,0,0,0,0,0,0,0,0,0,0,24.84234264886078,8.689209348195142,49.54551907769475,29.086633637854383,9.904736203474151,57.811556855240525,CIP
MSM,cip+cro,0.5,0,0,302.0481201341576,301.12976829723016,303.3102812825005,301.9860054511629,301.08040089305933,303.24132476049743,332.66562111555237,312.4297786541389,360.5610881199675,331.3051974771663,311.4866772031712,359.0187053833009,167.1,167.1,167.1,133.49,133.49,133.49,0.2706401097184012,0.10397896915972522,0.44569347558155237,0.5157223469744926,0.4709418574013682,0.5590871438424944,0.4735246365698124,0.16609920573804793,0.810012028306027,0.35691832404232604,0,0.8468843805842503,0.44145761392773103,0,1.0474765030025528,0.0031648772941922205,0,0.0075095195913765485,25.24375725451953,8.214607445609106,50.46986920639153,29.517333000197063,9.588941498916334,57.41960515053949,167.1,167.1,167.1,133.49,133.49,133.49,0,0,0,1.0434503642770627,0.986941523809524,1.0862849029117263,0,0,0,0,0,0,0,0,0,0,0,0,25.045904848924156,8.164563802803281,50.29007729385556,29.35577482612922,9.508750788482557,57.25172374555684,CIP+CRO
MSM,cip+cro+nda,0.5,0,0,302.036875700107,301.1452629784628,303.45504484197187,301.9750010879664,301.10616233916204,303.3828768691098,332.3975257176112,312.75738953126626,363.1001433560583,331.04144597857817,311.88538730593586,360.95394121181704,167.1,167.1,167.1,133.49,133.49,133.49,0.2698297910576737,0.10592297888066635,0.44465704112491833,0.5159501908385004,0.4722981440509471,0.5584958018867925,0.4623404318778505,0.21006753486734991,0.8013249464668085,0.3571050683234263,0,0.8595828004920574,0.4416885902581572,0,1.0631826569754397,0.012718480651039248,0,0.0625408363633653,25.0235479663156,8.5660724634759209,51.55291567965038,29.254577861163945,9.993400988677898,59.30991540696615,167.1,167.1,167.1,133.49,133.49,133.49,0,0,0,1.0430948456544864,0.9819511678565269,1.0858464311330454,0,0,0,0,0,0,0,0,0,0,0,0,24.825952975221004,8.567374077434046,51.17231479338225,29.097671167323163,9.896888826505604,59.11333189669358,CIP+CRO+NDA
MSM,cip,0.5,0,0.05,301.96860276783923,301.0758564069322,303.3049478625636,301.93390003036075,301.0263328910834,303.2880709664182,330.9011570893238,311.1596550454472,360.50331773046656,330.13027857417137,310.3424187242719,359.6036885834266,167.1,167.1,167.1,133.49,133.49,133.49,0.2725854295225819,0.10808558857879409,0.4473207509812592,0.5261822908072099,0.47945256009332604,0.5669970090065484,0,0,0,0.3682893969551969,0,0.8648845629510818,0.455522026925812,0,1.0697401891813045,0.0032657072265559082,0,0.007669131369833043,24.249779162374434,7.181600958186031,50.386108686332285,28.327156433417223,8.45772535599616,58.12064934819873,167.1,167.1,167.1,133.49,133.49,133.49,0,0,0,1.0443998343014969,0.9839555640737652,1.0859367430087492,0,0,0,0,0,0,0,0,0,0,0,0,24.18800496761716,7.18027565365532,50.27221278363447,28.182771233526317,8.42890232522771,57.795694385269016,CIP
MSM,cip+cro,0.5,0,0.05,302.0315470023644,301.1376851306679,303.3101996264012,301.96406390316287,301.0756229725335,303.19129917762507,332.3443052854734,312.8097826718042,360.2146039333986,330.86451581316965,311.49697787818997,358.610995618892,167.1,167.1,167.1,133.49,133.49,133.49,0.2659340549285906,0.10792047999991092,0.43792223690714166,0.5165639485931933,0.47182846302642417,0.5596801754385965,0.4757627184756672,0.20660623971206535,0.8168075670563817,0.40037925885438624,0,0.907483386727691,0.49521265895849675,0,1.122428924485126,0.018220987527355032,0,0.10885175290246478,24.955658354241663,8.144653644744677,48.903040360841636,29.082653057112736,9.591870047013016,56.89033958982446,167.1,167.1,167.1,133.49,133.49,133.49,0,0,0,1.043084441122599,0.9745439504931771,1.0862023724100534,0,0,0,0,0,0,0,0,0,0,0,0,24.751542470571355,8.004087563587152,48.799679904047416,28.92082889365904,9.531274310437203,56.74776664810358,CIP+CRO
MSM,cip+cro+nda,0.5,0,0.05,302.05519550431217,301.11903901758524,303.349112038991,301.9928452310298,301.05318607305935,303.2896138424224,332.8356500802378,311.9403938063366,361.248229675724,331.4703303675466,310.83211132645863,359.6019597729375,167.1,167.1,167.1,133.49,133.49,133.49,0.27781864849035015,0.10841131359092923,0.44531702765438735,0.5165811141874861,0.47429077820748183,0.557339611001589,0.44536671217551693,0.16889057681842884,0.7718605505841727,0.3548340143970005,0,0.8654501133362552,0.4388796169443011,0,1.0704396952217023,0.03639071068722862,0,0.12038493438465171,25.467514518072004,7.898434714321863,49.737294502991276,29.677058950819177,8.868223411860747,58.1370156297179,167.1,167.1,167.1,133.49,133.49,133.49,0,0,0,1.0436815167613198,0.9864988986462833,1.0857713818346264,0,0,0,0,0,0,0,0,0,0,0,0,25.26725024564302,7.742910402904433,49.70871697567722,29.522053118969644,8.643878875456082,57.74757699610737,CIP+CRO+NDA
MSM,cip,0.5,0.025,0,302.1379526420198,301.2615035713641,303.43600983710365,302.2437926031963,301.3620152136761,303.5783747783024,334.6069290453846,315.51837617798094,362.5829131516051,336.9265830664834,317.47998693639084,365.0226234737312,167.1,167.1,167.1,133.49,133.49,133.49,0.2734773496483374,0.10529454332227006,0.4415992138113812,0.5274510034470149,0.47980625112885167,0.5697232860652403,0,0,0,1.2710089576211447,0.4248190045248853,2.2787690416924837,1.5720587706381357,0.5254411764705857,2.8185158230168312,0.3723112822652318,0.11170835115546739,0.7284726735958583,25.066018059167963,8.927088724095963,50.62131766439533,29.251659999563383,9.916542465459365,57.12992436601513,167.1,167.1,167.1,133.49,133.49,133.49,0,0,0,1.043180862926006,0.9807940114782234,1.0852259672619047,0,0,0,1.8080330948654864,0.7216682609602793,3.126207044010694,2.236281866736086,0.8926018281233378,3.866677078001088,0.7221733083821242,0.28825222118560256,1.2486847116195463,25.390972450730494,9.16047190547743,50.77733104689839,29.477529138109936,9.915189480692309,57.279911393475615,CIP
MSM,cip+cro,0.5,0.025,0,302.09643576060154,301.17677709505693,303.49130804698547,302.2762888883941,301.31752239931564,303.6678062521506,333.72518897737956,313.722616327578,364.9820615769585,337.71748204582866,317.0031248134738,369.79444275394,167.1,167.1,167.1,133.49,133.49,133.49,0.27483587103732626,0.10812441202980466,0.4427114662205461,0.503726921952631,0.4569158466167859,0.5466844449453399,1.0418871263270553,0.5894302039460773,1.5437211011683465,0.37845429731839203,0,0.8583771428571443,0.46809457464296744,0,1.0616914285714263,0.010289898249962084,0,0.06158860492274545,25.75979384248261,8.674360793928148,51.89351211605599,29.78992260675499,8.966716236315925,61.682748319065716,167.1,167.1,167.1,133.49,133.49,133.49,0,0,0,1.0439172963811698,0.984150987243121,1.0865509610832491,0,0,0,1.7768088942542681,0.6847921225382958,3.105154325535197,2.1976619355918543,0.8469912472647689,3.8406378352980783,0.7097015874158283,0.2735229759299778,1.2402757331583294,26.155757403852217,8.834060418884016,52.05127989858049,30.39380499386866,9.234468353824754,62.702111275977636,CIP+CRO
MSM,cip+cro+nda,0.5,0.025,0,302.0736142032888,301.17178619156874,303.33918188742405,302.25993345302993,301.31685815218447,303.51661749367094,333.2490657998735,313.55808250772196,361.44643395336533,337.37834129775587,316.6833136494481,365.60130708492926,167.1,167.1,167.1,133.49,133.49,133.49,0.27144623936716905,0.10586780045045302,0.44489921690973483,0.503906063895329,0.4575617977328644,0.5453285755478662,1.0346993691655508,0.6281689468660493,1.4900390206903478,0.3580696683241295,0,0.893313437487364,0.44288166437629806,0,1.1049026963266435,0.03252952634526195,0,0.11836410288572162,25.393241123001527,8.572198099098731,49.06968374758365,29.342580201643223,9.4630276874665,57.15919901050284,167.1,167.1,167.1,133.49,133.49,133.49,0,0,0,1.0443849711659883,0.9846978826788401,1.0857668264666793,0,0,0,1.787683682983355,0.6969739360239404,3.0501060529168336,2.211112515068804,0.8620584319746536,3.7725508881060357,0.7140452480361698,0.2783886946892247,1.2182880863224272,25.848944253262655,8.795837994123188,49.20033336588372,29.96635571756318,9.616278536424645,57.89123530531471,CIP+CRO+NDA
MSM,cip,0.5,0.025,0.05,302.1692148175102,301.2338067056161,303.57952645642456,302.27450233276755,301.2972197069687,303.72264511766826,335.42507617526485,314.5934389731094,366.62469303532464,337.74052541758715,316.5998739597593,368.92713573505546,167.1,167.1,167.1,133.49,133.49,133.49,0.27384982423729337,0.10390034570818808,0.444059169079093,0.5261708128628695,0.4820145664418455,0.5707095521448331,0,0,0,1.255418509227667,0.4135336831909147,2.258305390225549,1.5527755854267429,0.5114828260780414,2.7932051730997114,0.36513141937767435,0.11004259850905099,0.7208873321930847,25.689578782364645,8.259714160033974,52.04773006705113,30.14883530539763,9.527187441500407,61.222676470989825,167.1,167.1,167.1,133.49,133.49,133.49,0,0,0,1.0419286358084001,0.9806679108915174,1.0870661391503753,0,0,0,1.7832825065459195,0.7048225211291138,3.070389700641487,2.2056688807198013,0.8717660244960932,3.797638898788321,0.7122873088935608,0.28152361444684265,1.2263898788310748,26.0211520245721,8.496759002774253,52.19076088193026,30.38416443902796,9.696199484652707,61.93003625635686,CIP
MSM,cip+cro,0.5,0.025,0.05,302.1010230348888,301.16002824828007,303.5202492979629,302.2735185972498,301.29316151254625,303.70053807485476,333.8453786192508,313.2311854182814,364.03889836051223,337.66730564651937,316.2063228417953,368.9716948985183,167.1,167.1,167.1,133.49,133.49,133.49,0.27377932785103315,0.10923749903782783,0.44495362514947245,0.50320438989783145,0.4612828947368422,0.5477785102827404,1.0733071496786333,0.6077180369055887,1.575412059770776,0.45446595039178544,0,1.0226691036297566,0.5621102660102267,0,1.264897406254951,0.043804469049352784,0,0.1706598113064942,25.718301601166623,8.293417073512568,52.24926134603842,29.63299379904512,8.841367370349467,59.95990208531083,167.1,167.1,167.1,133.49,133.49,133.49,0,0,0,1.0448611295627686,0.9851547312052041,1.0889221693288222,0,0,0,1.8187904647099893,0.7055577825100522,3.0098746744628184,2.249587215617891,0.8726754390959601,3.722790348674539,0.7264700689846577,0.281817296097641,1.2022186748932835,26.076683332033234,8.35815906636896,53.50518511842645,30.230743233722656,8.988780737444669,60.88814418179869,CIP+CRO
MSM,cip+cro+nda,0.5,0.025,0.05,302.0892913083109,301.1469971060968,303.480219607089,302.27263171790366,301.31550710708194,303.68621943132166,333.53862148046426,313.2118280719033,364.1192451375898,337.60145000347393,316.3998474735969,369.0065429598048,167.1,167.1,167.1,133.49,133.49,133.49,0.272995625931341,0.10687157504865366,0.44191730654294087,0.5025688166066327,0.45832781981458753,0.5440346361185985,0.9775136580206611,0.5518763796909475,1.4348785871964693,0.3716778116558226,0,0.8855587325919752,0.45971301788361585,0,1.0953112203803772,0.08729868684156177,0.0011659357998183425,0.2663953308194461,25.529335940852782,8.284733377972714,51.23382018840526,29.6025349042204,9.349912637199143,60.076666066076804,167.1,167.1,167.1,133.49,133.49,133.49,0,0,0,1.0429051153172382,0.9855698760636331,1.0850500892219845,0,0,0,1.8063749685172161,0.7884843018745971,3.0131678442435006,2.2342309983665167,0.9752438445378162,3.7268635351032176,0.721511011550254,0.31494020685197227,1.2035340486673158,25.908152030161954,8.410515817089054,52.04245381961917,30.215344885329596,9.55339993975807,61.57439035341873,CIP+CRO+NDA
MSM,cip,0.5,0.05,0,302.2906542597268,301.3403937360862,303.66720927304067,302.53587695041534,301.54453394961644,303.93346842625476,338.03592034484035,317.0044722532501,366.8388722194835,343.43346694504515,321.56626775150386,372.89511097189876,167.1,167.1,167.1,133.49,133.49,133.49,0.27193218192839563,0.10561352168569597,0.43958704781841657,0.5268099846029555,0.4784141510238389,0.5695003047647649,0,0,0,2.127414323175508,0.9607326484756973,3.5602957906712174,2.6313113888581556,1.1882907490293373,4.403583617747434,0.7233419275071025,0.3155794891420982,1.2358945761494236,25.823255022053,8.77332134697294,50.94517749653601,30.05716155506046,9.32502750629742,58.0168132378672,167.1,167.1,167.1,133.49,133.49,133.49,0,0,0,1.043439085097073,0.9803322847460114,1.0886055095485734,0,0,0,3.5533300252671838,1.6542250346958565,5.543855866644313,4.394967948650888,2.046042995062794,6.856967597320168,1.4192882350484037,0.6607385503658175,2.214353677362323,26.54368260140414,9.293980685769101,51.78181186551964,30.665311015415092,9.633275736431882,59.62489128203648,CIP
MSM,cip+cro,0.5,0.05,0,302.10087103691933,301.1915637953909,303.38177618805355,302.5326301445356,301.52736294615926,303.86987298876403,333.69907710716865,313.7478479265738,362.17729590783836,343.22771510433955,321.41667347894514,372.4457395299217,167.1,167.1,167.1,133.49,133.49,133.49,0.2656624656517275,0.10781476382337309,0.44317846489106605,0.49094031322567094,0.44594817623823435,0.5316230748994701,1.6289553503190943,1.1029006867064,2.26246671508109,0.37333510958155436,0,0.9494640837407463,0.4617628616113763,0,1.1743531241858132,0.017360348734922634,0,0.1097852892646372,25.29222910176217,8.550686782693878,49.259655510854614,29.024149971160888,9.423363556120918,58.1417296528305,167.1,167.1,167.1,133.49,133.49,133.49,0,0,0,1.044505667622025,0.9826944902382264,1.0884221624588364,0,0,0,3.585991665271241,1.6934371550057898,5.619136164235507,4.43536578953464,2.094542855963782,6.950078705133305,1.4323341049973002,0.6764008447858223,2.2444224972980944,26.329861397090493,9.106346958890482,50.29427115412254,30.395898039808397,9.884622889153173,60.33967884728644,CIP+CRO
MSM,cip+cro+nda,0.5,0.05,0,302.11502136673937,301.2370932587437,303.4705754855974,302.54923923713244,301.56904929436416,304.02043640917844,334.11392134724196,314.34933090273046,363.2495267407925,343.71426240592365,322.11065110484856,375.03176182068324,167.1,167.1,167.1,133.49,133.49,133.49,0.2727576437154093,0.10631646516333182,0.4418511001405465,0.4913038387144073,0.44650397949508125,0.5328400212089077,1.6038531972855563,1.05085592578106,2.209449514277303,0.38417219193870406,0,0.9597853453286834,0.47516680362573566,0,1.1871190686790227,0.05075380200686947,0,0.17159323856250236,25.66928120009827,8.966591057400127,50.997061046641534,29.39712417685146,9.67201419904776,58.813237839988446,167.1,167.1,167.1,133.49,133.49,133.49,0,0,0,1.0443883937084288,0.9855627052990393,1.0865483260458932,0,0,0,3.5996926726747875,1.7609535022297411,5.515176643162522,4.45231200279787,2.1780510524862655,6.821495443847681,1.437806627526277,0.7033685501796391,2.202898483448842,26.740152886419928,9.814796952031683,53.09446216787426,30.80954826991641,10.162684977561959,61.472377838233754,CIP+CRO+NDA
MSM,cip,0.5,0.05,0.05,302.29501341574735,301.36735689107525,303.6870230936251,302.536168536168,301.5780284514677,303.996243000439,338.10842422891614,317.9114458534621,368.6997555206485,343.4091359641313,322.1523441946687,374.3408797634732,167.1,167.1,167.1,133.49,133.49,133.49,0.2733762761194727,0.1089440716233958,0.44613295715332607,0.5262389258189141,0.4793697469982847,0.5677257092263653,0,0,0,2.179625370679918,0.9183918078317983,3.7265195846141337,2.6958890888510285,1.1359211024652236,4.609179000525693,0.7362294549573731,0.2759439124099209,1.2728863677664377,25.69845521966186,9.13293468736634,51.70666426971239,30.044340795271623,9.916873609878852,60.66011671585824,167.1,167.1,167.1,133.49,133.49,133.49,0,0,0,1.042583104394336,0.9805519487467248,1.087636979894135,0,0,0,3.5836074477615383,1.7645530166977799,5.5241349514722256,4.432416848833033,2.1825031440750657,6.832575607416887,1.431381789327983,0.7048062856278049,2.2064766542068335,26.383346643179124,9.609669039406327,52.08379874588954,30.639685736830206,10.104318809609413,61.848717549569884,CIP
MSM,cip+cro,0.5,0.05,0.05,302.15196811290804,301.24735616728293,303.41602760120315,302.5662610276965,301.56219967475676,303.9297895449726,334.90987885544143,314.86786389024394,363.4364640982248,344.0726370290735,321.90990433556556,373.31952625101945,167.1,167.1,167.1,133.49,133.49,133.49,0.2719352068397434,0.10539636171159911,0.44408987167958736,0.49097116686123377,0.4463541194341771,0.5312327928611468,1.6065135610647978,1.0670026241166723,2.213464429241957,0.4972887342200249,0,1.1153454111039347,0.6150760083023364,0,1.379524924119044,0.0664531365588864,0,0.21577452939156533,25.97885387811577,8.980573483990328,50.785276498710076,29.896096738242303,9.600820301727595,58.65989478708389,167.1,167.1,167.1,133.49,133.49,133.49,0,0,0,1.0433409767547814,0.9794678277502735,1.086810934843583,0,0,0,3.5887383564140865,1.6763779919156157,5.483337600401626,4.438763058983807,2.073443077874238,6.78211503970431,1.4334312016352797,0.6695869914984883,2.1901811792625026,26.97311914881819,9.485753902920282,52.688713704899705,31.244039217726225,9.899484927424345,60.02570746316697,CIP+CRO
MSM,cip+cro+nda,0.5,0.05,0.05,302.12727359021636,301.21206856831043,303.4245925476481,302.5644754836109,301.58801410263635,303.8855327206935,334.3556405336266,314.451912254896,363.1591883456933,344.0150461197522,322.2726987508206,373.1100450601918,167.1,167.1,167.1,133.49,133.49,133.49,0.2722558453059709,0.10674025994070169,0.4452656380221462,0.49003314936045383,0.44449070426726606,0.5296084497344089,1.5050311018806506,1.0336482288821907,2.0423853975662585,0.38447516739518367,0,0.9566680517997592,0.4755415415225781,0,1.1832634163616937,0.12477927740255336,0.001226451722940673,0.3206826343672909,25.70190271338815,8.991628216540235,49.971926407720524,29.66004109448875,9.647160339997887,58.98336444776976,167.1,167.1,167.1,133.49,133.49,133.49,0,0,0,1.0430061244413353,0.9799451453198589,1.0861155703685297,0,0,0,3.626617347956704,1.643277549329379,5.526863488346569,4.485614027673242,2.0325025001011974,6.835950422597046,1.4485610113263714,0.6563658529035693,2.207566499579226,26.782754155613386,9.521616160194492,50.97406189276455,31.022712345350925,10.17976776962853,61.23489682892067,CIP+CRO+NDA
MSM,cip,0.5,0.075,0,302.41872282843815,301.4964982549834,303.8496088316468,302.80337907094753,301.78679493916957,304.2982860165708,340.85052060840997,320.83381457889135,372.4168453984144,349.3146503448906,327.19874785719816,381.7029054045031,167.1,167.1,167.1,133.49,133.49,133.49,0.26748994551104227,0.10549434575750093,0.44023682101987577,0.5270314727389557,0.4815734887650073,0.568337132768637,0,0,0,3.1137386986615017,1.4858566107116538,4.958989801240868,3.8512554937990124,1.837795007481107,6.133570785477896,1.112840244904402,0.5061639020681087,1.802497705018361,25.816804301927412,9.268518971472512,52.290525530716536,29.9181085820769,10.2184693817044,61.38081141894474,167.1,167.1,167.1,133.49,133.49,133.49,0,0,0,1.04362324126516,0.9834989197175533,1.0866218476275924,0,0,0,5.423496653898387,2.8115294117647127,8.179272184321983,6.708100231051983,3.4774652406417093,10.11660578605666,2.1662792194832985,1.1229946524064156,3.267004387410922,26.948928138851407,10.351280139764887,53.74320229710389,30.875657726173444,10.515521187269096,63.16287229067097,CIP
MSM,cip+cro,0.5,0.075,0,302.1631969133819,301.2510039362057,303.4967493281423,302.83862846268516,301.77242520790065,304.2101481514024,335.15895123248805,314.9707853123934,363.95723713932676,350.0866151833539,326.7714818088908,379.78787383016277,167.1,167.1,167.1,133.49,133.49,133.49,0.2754161219301831,0.11135523051930472,0.4470899265640975,0.4777787384093728,0.4348060549177949,0.518,2.1985356175287456,1.560428978440585,2.9382201334141884,0.3749226089917737,0,0.8568682605400187,0.4637263744224026,0,1.0598251540135095,0.02367539861042718,0,0.11292896174863358,26.00451584319684,9.379316999972733,51.4924228570786,29.73167705908608,9.826832883522368,59.38015493825809,167.1,167.1,167.1,133.49,133.49,133.49,0,0,0,1.0431977312182574,0.9835990246932337,1.0848549232889848,0,0,0,5.339182509397396,2.735951319689985,8.243267547123018,6.603815529078119,3.383985803064404,10.19575902157738,2.1326020567971704,1.0928068859602114,3.2925657242063493,27.644564484479197,10.291196533246103,53.57499499849895,31.94499592808526,10.748384908202214,63.94647543018206,CIP+CRO
MSM,cip+cro+nda,0.5,0.075,0,302.142075004915,301.2155190714708,303.44115394759217,302.8159640023462,301.78244043773157,304.2312055917232,334.71899554701764,314.19100193644687,361.8294606462578,349.6207554510303,327.8194950269453,379.86927923426515,167.1,167.1,167.1,133.49,133.49,133.49,0.27060960357767494,0.10867611859686584,0.44440793320428146,0.47922702588972843,0.44014626611709345,0.5203907699127545,2.170834544368987,1.571180260989893,2.8604780120869227,0.3830915921380087,0,0.9303364087173418,0.4738302541198907,0,1.1506948886539903,0.06510490899902802,0,0.21704693282917534,25.71830314561063,8.4906161939682665,49.98056059987177,29.254845961375395,8.860514322257472,57.50623838899327,167.1,167.1,167.1,133.49,133.49,133.49,0,0,0,1.045250540308807,0.9934018760370391,1.0866756535947713,0,0,0,5.334431672835998,2.6655382999424337,7.909453300653599,6.597939414484722,3.296894831283644,9.782877892156863,2.130704454719603,1.0646821776411686,3.1592320261437914,27.391049371797884,10.111433412824223,52.57614310986178,31.441421814874417,9.615075610710283,60.96391030634035,CIP+CRO+NDA
MSM,cip,0.5,0.075,0.05,302.43060791035964,301.460695610014,303.8712431988706,302.8151062573319,301.7845208326189,304.2589162176618,341.1243768156155,320.2883412548573,373.0992006600596,349.5855317235494,327.07324671145653,381.8308327612559,167.1,167.1,167.1,133.49,133.49,133.49,0.2776134354453665,0.10588707061267481,0.4442048764616237,0.5271086496629809,0.48236671484081795,0.5706601586878096,0,0,0,3.085335748018821,1.5164144733020262,4.957339896820152,3.8161250508528046,1.875590772498425,6.1315300864727815,1.1050147573510698,0.521612828916946,1.7641753683664825,26.02687049496564,9.063931528926364,53.39775039565349,30.272249255849054,10.04423893731658,61.539648075698175,167.1,167.1,167.1,133.49,133.49,133.49,0,0,0,1.043384111931329,0.9848628435909735,1.0861063341071793,0,0,0,5.398066657225053,2.88227238791129,8.161811838288953,6.676646912750878,3.5649643219388283,10.095009801264405,2.156121847429722,1.1512511535034724,3.260030291695539,27.14265386445689,9.92142226899455,53.940510292375066,31.258616398516537,10.405647601093534,63.26590536861995,CIP
MSM,cip+cro,0.5,0.075,0.05,302.19773802968433,301.27464818306737,303.6984670861907,302.8566895911751,301.76713076332624,304.4532072217888,335.91606360927193,315.5930248238042,369.04194551201897,350.4900162349924,326.7027383958493,385.557965822386,167.1,167.1,167.1,133.49,133.49,133.49,0.2745228816155787,0.10517295732818249,0.4444125482671765,0.47824373308253726,0.4337320389034663,0.5207871305302337,2.2042420538778598,1.5709217425766733,2.9347855087930945,0.5830280177714932,0.12479601226994039,1.240839400326751,0.7211234062275151,0.1543550613496938,1.5347432844910598,0.09545747716643614,0.0011065950920245546,0.2717841597991859,26.197234222162336,9.061015188160244,53.75216785938431,29.868663520322023,9.550365749187154,62.6324527953841,167.1,167.1,167.1,133.49,133.49,133.49,0,0,0,1.0437654203774815,0.9844266731513648,1.0870763286498273,0,0,0,5.48010557275412,2.871041102828747,7.9555447722567445,6.778117477468608,3.551072806766056,9.839886540090353,2.1888902271745163,1.14676509938838,3.1776421042725387,27.812726189443467,10.406008787422968,55.57806037347391,31.89448112065429,10.428244659502111,67.44224429957416,CIP+CRO
MSM,cip+cro+nda,0.5,0.075,0.05,302.1573467049386,301.2249263862224,303.5662443485067,302.8404209630867,301.80325176902267,304.35291609506396,335.00480655767024,314.5362974302574,366.4423957028057,350.09674239226536,327.2714192063486,381.59710825827494,167.1,167.1,167.1,133.49,133.49,133.49,0.27523014307049526,0.10681398121383207,0.4464835410154179,0.4776988868000148,0.4334706562972198,0.52221972210507694,2.0651400907365036,1.4203338952949685,2.7346969436813184,0.3821637641549813,0,0.9608641953441287,0.47268266179993446,0,1.1884534539473701,0.17865002178475353,0.0036735120792985654,0.38833822336323426,25.9012557761468,8.366503632646033,51.057233977970434,29.540087143816876,8.907627860549198,61.295731063701275,167.1,167.1,167.1,133.49,133.49,133.49,0,0,0,1.043666614195278,0.9854530651233983,1.0872000000000002,0,0,0,5.414102116845946,2.8021813835278526,8.229967711663624,6.696480514069802,3.4659030485030873,10.179309001412992,2.1625268081346642,1.1192608178334575,3.287253439712264,27.608511931479747,9.793347560133281,53.02852909431862,31.67205932821742,9.47176314313048,65.99595798765755,CIP+CRO+NDA
MSM,cip,0.5,0.1,0,302.58161425051554,301.55349299423824,304.0061052799134,303.10237766344335,301.9357808040027,304.5886465976231,344.50515812920355,322.2175159075861,375.07799034891724,355.99692679811693,330.22106888927425,388.5528047579049,167.1,167.1,167.1,133.49,133.49,133.49,0.26798664232429575,0.10377475037499606,0.4408206041653626,0.5258281311246265,0.47979195828667404,0.5685680816435433,0,0,0,3.9323639882435772,1.922248432865452,6.0492211173603785,4.863779487935398,2.3775501267020074,7.482033117118604,1.4521622222120139,0.6829445512391801,2.2585486899437464,26.686199808233354,9.497700013425055,52.249007932237106,31.084761314160303,10.120971393087528,62.136186540276874,167.1,167.1,167.1,133.49,133.49,133.49,0,0,0,1.042696101982418,0.9841503012324712,1.0861675644349496,0,0,0,7.0953462876909175,3.8104243443948844,10.489417964220937,8.775942368774443,4.71295735135532,12.97393020770352,2.8340574723162315,1.521978089309347,4.189733968773343,28.20496289810537,10.581120407866175,52.97661122013782,32.50326552532703,10.49069417548545,64.1901063792829,CIP
MSM,cip+cro,0.5,0.1,0,302.1769188738176,301.2912023758217,303.51579992255864,303.1078203521041,302.0107924027374,304.6071873163415,335.37172944629634,315.77613486434603,363.8562658041463,355.9165247663852,331.8474800026537,387.3553979729179,167.1,167.1,167.1,133.49,133.49,133.49,0.27553056341719234,0.10612489340900765,0.447271175429606,0.4650056578819115,0.4261395887308211,0.5090248311847759,2.787070003338625,2.028489755940009,3.5678465358586053,0.3963544313417245,0,0.9587878992955022,0.4902345151353191,0,1.1858853686525308,0.030493034952065533,0,0.11890909057418231,25.74681937644098,9.305151940699062,50.32028691522096,29.130852174036868,9.733931465072459,57.42101906155293,167.1,167.1,167.1,133.49,133.49,133.49,0,0,0,1.0444704012682409,0.9847745146150881,1.0853880266075389,0,0,0,7.212736644658865,3.5318690535438115,10.665752577295267,8.921137679282092,4.368423754275346,13.192031247344808,2.880946095486046,1.4107161901037768,4.260166391314607,28.05457192380127,10.815524764965824,52.65027072217641,32.042958244990636,11.113750278091592,62.51338664495703,CIP+CRO
MSM,cip+cro+nda,0.5,0.1,0,302.18132674325693,301.27852095952744,303.55374518183237,303.1131622689927,302.0215247027872,304.5572910710998,335.5778761212524,315.9005231765991,366.26890294723626,356.1937288248899,331.9493850329251,388.81550445025897,167.1,167.1,167.1,133.49,133.49,133.49,0.271550213875858,0.10857449113118771,0.4449412850519717,0.46548536159953713,0.42214634332356143,0.5063415891727638,2.7308954024484215,2.060643139570003,3.497791113765485,0.3944201131433951,0,0.9661614246468543,0.4878420364115025,0,1.1950053792784212,0.08327471294795794,0,0.22496110857834734,25.870308587816826,9.43514519453268,51.35215304162053,29.35101094144637,9.971881199198124,60.17396132582544,167.1,167.1,167.1,133.49,133.49,133.49,0,0,0,1.0437655710688802,0.9828186754415033,1.0856858851202127,0,0,0,7.2290361204853175,4.083839444444437,10.517316969806433,8.941297831400718,5.051133257575758,13.008437341708987,2.887456510818548,1.6311868686868654,4.200877524287598,28.186835201686122,11.322566609204637,53.68624044833023,32.27100526411399,10.97863555588881,65.14076258640058,CIP+CRO+NDA
MSM,cip,0.5,0.1,0.05,302.55957166331524,301.54618405554936,304.0241053895708,303.0781599611355,301.93609420139904,304.61868658449265,343.92874631342147,322.170676151076,376.4284705390212,355.34413854084664,330.654864383751,389.6019687517461,167.1,167.1,167.1,133.49,133.49,133.49,0.27785401630248585,0.10835579269207556,0.4437831148552146,0.5280966076731055,0.4818570074493365,0.5729894726263309,0,0,0,3.940651198346359,1.9688485782436858,6.099951898975346,4.874029597699047,2.4351879323332044,7.544779937037484,1.45140434747219,0.7182164422252001,2.2945734130053617,26.395666800168428,9.353121038502957,52.91929860969664,30.480402237872976,9.177324364350154,61.87832914667767,167.1,167.1,167.1,133.49,133.49,133.49,0,0,0,1.0441570566525935,0.982565348069273,1.087651630984965,0,0,0,7.1035192528162,3.8982717016755593,10.219133110130956,8.78605117361825,4.821612139083109,12.639625974129855,2.837321957507669,1.5570665049031611,4.081775487350593,27.901557577822057,10.286979445490287,54.29327816980308,31.82746978706249,9.677311215374116,64.09446660445603,CIP
MSM,cip+cro,0.5,0.1,0.05,302.2024997392555,301.33074407839484,303.48662011900626,303.0908571882697,302.03184869961024,304.5102730282382,336.01381989008854,316.9446770861693,364.59104149129877,355.6512182424311,332.0203046122076,386.6572367769556,167.1,167.1,167.1,133.49,133.49,133.49,0.27000146088385774,0.10618687687431104,0.44063011215406395,0.4647741161582957,0.42316373895095805,0.5061899305417166,2.7760680352064817,2.0126172820823234,3.5398350589006458,0.6053796326731191,0.12985477178423158,1.2606490748791352,0.7487692005654182,0.1606120331950203,1.5592450572258894,0.1169777211496955,0.001154956962621053,0.29487913015290995,25.57751778448625,9.81493573915305,48.66158463726705,29.177963535500734,10.784831299327209,58.11188166420264,167.1,167.1,167.1,133.49,133.49,133.49,0,0,0,1.0420863117569337,0.9794004289215686,1.0824392057727483,0,0,0,7.1712745154685,3.7222803053720392,10.518443101659754,8.869854874820163,4.6039356101673805,13.009830207940412,2.864385091655416,1.486771171661621,4.201327329309693,27.745291574689624,11.430408365952493,50.593747424055834,31.952225330739772,12.049918844852568,63.60259202647423,CIP+CRO
MSM,cip+cro+nda,0.5,0.1,0.05,302.1724346199683,301.28755818622744,303.5312690423386,303.0933635342818,302.03496820302706,304.552439968082,335.3214323420093,315.73342452808816,364.09998891933276,355.6556518296154,332.80616883234546,388.21385886094026,167.1,167.1,167.1,133.49,133.49,133.49,0.27578405141880097,0.10753938408578247,0.4497916796239963,0.4642138342931314,0.4196763672714544,0.5057086749457439,2.55787572315388,1.8834858770760083,3.2848265067336153,0.4000720113792903,0,0.9444251065886027,0.4948326371773089,0,1.1681206203316303,0.2215460328366786,0.05452562704471085,0.45738460349659577,25.534638266166546,9.142811875200456,51.01037664363511,29.108510116918062,9.76497267092571,57.767121774314,167.1,167.1,167.1,133.49,133.49,133.49,0,0,0,1.0418884753322457,0.9746749311919668,1.086000647948164,0,0,0,7.143066295708775,3.946157377023188,10.529654871358018,8.83496528650415,4.880839963927936,13.023697585335999,2.853118028322725,1.5761932325543948,4.20580558849577,27.76983112982106,10.890128905466337,53.313818399907305,32.05097772684484,10.80724137870768,63.645750348649976,CIP+CRO+NDA
MSM,cip,0.5,0.125,0,302.74485561189357,301.6964105860711,304.200964387961,303.4070108267768,302.22608972803965,304.95928488084394,347.94567573164534,325.5290978849341,379.13648791951925,362.5021944176921,337.14529087964115,395.69639780478593,167.1,167.1,167.1,133.49,133.49,133.49,0.27198523208235453,0.10552821767383126,0.44753299079800996,0.5270625927456586,0.48289975347377867,0.568054157153821,0,0,0,4.839639522712251,2.497841759870637,7.308551067456682,5.985951328499264,3.0894778693143494,9.03964660308609,1.8087284616732116,0.9258129849143749,2.7380832804479005,27.388771093944325,10.366180053727932,53.34127653386978,31.7208287392322,10.840102550234542,62.686742889386714,167.1,167.1,167.1,133.49,133.49,133.49,0,0,0,1.0427527522010565,0.9830136124492902,1.085897762008057,0,0,0,8.889356039656729,5.095195551807937,12.979317731654634,10.994879338712664,6.3020380834512135,16.053584952804655,3.550629509369199,2.0351476081674056,5.1842617557335995,29.31897621214533,12.389551608587263,56.017364745270584,33.490306447889374,11.724913032010416,66.01802432619938,CIP
MSM,cip+cro,0.5,0.125,0,302.20631107812056,301.3353819087957,303.6782262563367,303.3767539834038,302.2142665163862,304.98386088846974,336.078953344145,316.9194932836726,368.19024513889633,361.9532695145034,336.2397421101498,397.14333048143277,167.1,167.1,167.1,133.49,133.49,133.49,0.2725622906818327,0.10813971235754877,0.44903016247023214,0.45181692939005796,0.4112498975409837,0.4902712755565572,3.364788584737481,2.592617882588129,4.250237167511138,0.3965378342734563,0,0.9516307837212011,0.49046135868796353,0,1.1770330263904278,0.0372165361933054,0,0.12075443326024915,25.873055294474323,9.428221732444486,53.22149951668473,29.11384047687675,9.774259151844479,60.86999014763846,167.1,167.1,167.1,133.49,133.49,133.49,0,0,0,1.0432297299218554,0.9848717508506865,1.086198529837356,0,0,0,8.999626731624241,4.989552730220282,13.087250660792966,11.131268628034679,6.171372816903705,16.18708275931119,3.5946743615690364,1.9929512422992028,5.227372847416897,28.786407617858483,11.64424921131924,57.34723901598716,32.6819206117084,11.167585591900359,66.58423608378112,CIP+CRO
MSM,cip+cro+nda,0.5,0.125,0,302.2376814361037,301.2995062111052,303.6541903515135,303.4145805473196,302.2145952327202,305.03217594066433,336.74968734096655,316.29993734109803,367.6074305932285,362.7504421662365,336.57445278806324,398.4675931666763,167.1,167.1,167.1,133.49,133.49,133.49,0.2681957368648979,0.10293674664986292,0.4349191359473537,0.45284722137690764,0.4110167248671419,0.492643987782755,3.292005900433266,2.4808045285150064,4.166666666666665,0.4181368967494964,0,0.9393119300227285,0.5171763518431424,0,1.1617963422704822,0.10851763781154533,0.0011863327848621768,0.2783924611973385,26.363722018692442,8.896743351579326,53.2223017004408,29.730806171959856,9.027922897414248,60.11948359290586,167.1,167.1,167.1,133.49,133.49,133.49,0,0,0,1.0428547282792033,0.9838792014337759,1.0854374318099165,0,0,0,9.018394985885855,4.700068852797713,13.177203709053096,11.154482310790119,5.813322100005342,16.29834198971634,3.6021708683039844,1.877324194279312,5.263302328268526,29.25095296673522,11.177194347460626,57.008564183641305,33.45752375084716,10.452833497110928,66.75538725654879,CIP+CRO+NDA
MSM,cip,0.5,0.125,0.05,302.7102685348349,301.66722452920794,304.1815923014734,303.37485951198073,302.2168965177099,304.9323903457651,347.2954277594879,324.4297228649274,379.9352756813293,361.9418438058945,337.21685966694355,396.60208297437464,167.1,167.1,167.1,133.49,133.49,133.49,0.2718853550322968,0.10523452127475533,0.4431099615081771,0.527926484923951,0.48162895475354334,0.5704804834004722,0,0,0,4.918628929026386,2.5187690929628177,7.438159246209702,6.083650080533275,3.1153620279871865,9.199953635490093,1.8438325223714935,0.9081501679061426,2.818391097576914,26.722020377814104,9.848721094702203,53.09102707235257,30.913953370229294,9.77036842649148,61.8098165644396,167.1,167.1,167.1,133.49,133.49,133.49,0,0,0,1.0437905901249895,0.9845681864271885,1.0881502806796939,0,0,0,9.012354999574063,4.70567778183054,13.087250660792968,11.14701169982467,5.820259553928927,16.18708275931118,3.5997583478087805,1.8795645397949114,5.2273728474169,28.662270748302777,11.422373532193681,55.13581666203618,32.63729667255825,10.396470901702411,65.33155324137017,CIP
MSM,cip+cro,0.5,0.125,0.05,302.2370702833074,301.32070093906754,303.5565147175299,303.36497491953185,302.2050146352253,304.8569075822795,336.72287982854726,316.90654918424406,364.62687690987894,361.63555054534345,336.48264780228646,393.5147493462012,167.1,167.1,167.1,133.49,133.49,133.49,0.2732310784722961,0.1066230452502741,0.4394370087753213,0.45341359346327903,0.41333570589587904,0.4945307443365696,3.3513926359311697,2.532709052265921,4.1804423375199695,0.6674087818776372,0.1340256959314772,1.381677704194256,0.8254905072544706,0.16577087794432552,1.708940397350989,0.14290581651161818,0.0012184412733260003,0.33967525195968706,25.812742335677818,9.120525473022832,49.51565460107681,28.98353438649511,8.86514931198967,55.9846947653656,167.1,167.1,167.1,133.49,133.49,133.49,0,0,0,1.0447333484108225,0.9870311120874186,1.0857917910447763,0,0,0,8.973384288425171,4.937084232200345,12.81433262669089,11.098810427998636,6.106476686943429,15.849521653543308,3.584192478201458,1.9719940214891947,5.118362608520088,28.58946421628789,11.126301398820537,53.80017466374466,32.482213763261356,10.27899358862913,61.74398626624792,CIP+CRO
MSM,cip+cro+nda,0.5,0.125,0.05,302.2218257700433,301.30603308218906,303.54364537717623,303.3878339897835,302.2267478805048,304.95385175494897,336.3799300883901,316.4351446729436,365.0759197034517,362.1320088302887,336.60970391328283,394.89065190186494,167.1,167.1,167.1,133.49,133.49,133.49,0.2720819825333832,0.10442827255226522,0.44180716676087395,0.45311427934752435,0.41085901148056164,0.4931888919805307,3.103168758665408,2.3365153487172283,3.9044965510141068,0.41481390847977345,0,1.0049668661311442,0.5130662841502104,0,1.2430022358450716,0.2700102437486569,0.058798235942668524,0.5537642706343788,26.03185209993924,9.33929882476827,51.72384580932622,29.406349425274236,9.427202785173936,58.57537689168286,167.1,167.1,167.1,133.49,133.49,133.49,0,0,0,1.0433432747846842,0.9781151807912071,1.0870019253186929,0,0,0,8.939826499724328,4.727211327498184,12.676771524754194,11.057304177602793,5.846893512034999,15.67937797713445,3.570788664213264,1.8881655725747635,5.063417289005508,28.888785810077653,11.24461767004841,56.16874405321512,33.0892863586744,10.805774298302062,65.59369506603299,CIP+CRO+NDA
MSM,cip,0.5,0.15,0,302.82555638404267,301.8158540648433,304.4194238671642,303.6225232174711,302.4441524277311,305.18705256214764,349.767478126364,328.1557685378137,384.6201413237638,367.29391283821536,342.05159737875795,402.2119524500622,167.1,167.1,167.1,133.49,133.49,133.49,0.27875957569348464,0.10963530365064181,0.4461894548431895,0.5264366830412975,0.48480906155481085,0.5695053980453504,0,0,0,5.818862741882542,2.961088446628825,8.656082102319164,7.197112304886356,3.662448667451195,10.706352387778217,2.2022335688609402,1.1452981762816221,3.2633777088325924,26.491089769137403,9.795942724374086,52.98747720670099,30.654241757057907,9.94540894395113,64.1243962373833,167.1,167.1,167.1,133.49,133.49,133.49,0,0,0,1.0418564989796633,0.9830743665375072,1.0865958668552127,0,0,0,10.770904138404727,6.106003723289438,15.069009910636174,13.322088893986292,7.552265189941738,18.638239371016123,4.302166535550698,2.438889488452408,6.018936695413075,28.753591988821825,11.679904155555596,55.25338989852983,32.70896910696681,10.47073127647099,67.51255987024086,CIP
MSM,cip+cro,0.5,0.15,0,302.24191343627285,301.32123996450525,303.57277952865377,303.64681124843617,302.4785911023748,305.18511338899935,336.9095403008927,316.6015296793774,365.80015944385985,368.0251329238914,342.2892096817926,400.0541892386084,167.1,167.1,167.1,133.49,133.49,133.49,0.27257754248610677,0.10960245472561383,0.44589534433583217,0.4400026684261167,0.3998472187307614,0.47946868834290446,3.9261328776949602,3.0842282717282745,4.820690885758369,0.4088318582590377,0,0.9640355394966172,0.505667331955958,0,1.192375959260757,0.045449707108830124,0,0.16697745237040196,26.171237640165014,9.027138668687705,50.1901831613558,29.19356207816926,8.967663455560048,57.73286632389138,167.1,167.1,167.1,133.49,133.49,133.49,0,0,0,1.0452452287388945,0.9878828097345134,1.0873027950226735,0,0,0,10.691501759749121,6.0061290412152015,15.380690064102566,13.223879353426716,7.428734298221363,19.023743749999973,4.270451254093753,2.398997060718648,6.143429487179479,29.618293209095576,12.43431386077658,53.50947140010644,33.69656659257849,10.28807040305233,66.05170158916741,CIP+CRO
MSM,cip+cro+nda,0.5,0.15,0,302.2260143567022,301.3454623759437,303.5934637350139,303.64749565794955,302.50289514561183,305.2029631199216,336.5214430919811,317.1856326583039,366.1796830989362,367.94914198873545,342.9655492764037,401.98120172831295,167.1,167.1,167.1,133.49,133.49,133.49,0.26859401935104665,0.10786111160496373,0.4407323766234235,0.43985902117129433,0.3975360909429659,0.4800066225165563,3.872316294952154,3.0354646897563633,4.787921214192551,0.40580152491577465,0,0.9725686354667644,0.501919237120222,0,1.202930195153535,0.12297480532782047,0.0012170719360696418,0.28691669359999056,25.65728180729862,9.099836441617143,51.333464778793854,28.783453861641675,9.181783955751145,58.240464183353545,167.1,167.1,167.1,133.49,133.49,133.49,0,0,0,1.0430252462226424,0.9764389506374632,1.086361104702784,0,0,0,10.829094745406351,5.805368815902911,15.427824347351835,13.394062465499804,7.180422222130111,19.082042208823164,4.325409308757929,2.3188084422043898,6.162256090170889,29.164670003290606,12.099027541804476,55.019334457905586,33.1632492480645,10.390163132984648,67.78352856913752,CIP+CRO+NDA
MSM,cip,0.5,0.15,0.05,302.8736444665121,301.8645125407238,304.45636730383956,303.68516393514346,302.5160495739819,305.29236503294067,350.7591319158227,328.67385379117724,383.80155194153724,368.5907846617698,342.8564452696773,402.8445534793016,167.1,167.1,167.1,133.49,133.49,133.49,0.2731999198117472,0.1075680725761232,0.44492222981747853,0.5273633973487943,0.4798533958852413,0.5716371329693668,0,0,0,5.876947962955575,2.9502876806178406,8.682293589472069,7.268955528873716,3.6490896436336424,10.738772299552323,2.226960019865342,1.0919487512072383,3.303810335834109,27.29193660581103,10.989131560755647,52.268513062572005,31.355890207436424,10.869281169625745,64.12681805820786,167.1,167.1,167.1,133.49,133.49,133.49,0,0,0,1.0433716176095709,0.9824429089527494,1.085250934644143,0,0,0,10.921640168513017,6.042857486418083,15.141963276791177,13.508528097866037,7.474162203403994,18.728472392918835,4.362374248487384,2.413667313635599,6.048076081159606,29.600413707088705,12.523794615750559,54.51954084562263,33.42730743799923,11.51940888125009,67.11901008950257,CIP
MSM,cip+cro,0.5,0.15,0.05,302.2900544377616,301.4019853172335,303.69201025864385,303.66035108586897,302.387544632873,305.3052067868495,337.9331374691231,318.7549507483256,370.0891167452196,368.2590065080085,341.10911355005754,403.26802443017533,167.1,167.1,167.1,133.49,133.49,133.49,0.2702497942759383,0.10489173551788245,0.4405020584935425,0.44065619735067585,0.40142972248134334,0.4818196388800509,3.924123296480401,3.0719526275670326,4.842155081467583,0.7206261413657795,0.13606152398149407,1.4935112552139616,0.8913128732038954,0.16828891003399027,1.8472627228373424,0.17042161603998215,0.0012387359342721862,0.3857459916664254,26.1750725040052,10.003074240258957,53.74030575725664,29.27733819683337,10.261307058384148,61.80309714574885,167.1,167.1,167.1,133.49,133.49,133.49,0,0,0,1.0425124550778673,0.9820473205448885,1.0865654864044352,0,0,0,10.813854578414299,5.970387773275173,15.333922244428384,13.375212528965378,7.384527392045025,18.965898554919697,4.319322007674668,2.3847211109103563,6.124749258838625,29.62481327295275,12.26946994823811,58.23788810113534,33.44527292298091,11.964139697132968,69.3940891894181,CIP+CRO
MSM,cip+cro+nda,0.5,0.15,0.05,302.2825765967365,301.35164987838374,303.5008712740526,303.70114752688465,302.3839642259729,305.23294837310857,337.78139418438036,317.0663628024765,365.0239044532243,369.16240059413923,340.7375815059949,402.8338646585673,167.1,167.1,167.1,133.49,133.49,133.49,0.2736440503856132,0.10550623595608129,0.44636437783709476,0.439009363191694,0.3964175226946966,0.48130492497114274,3.6585945134988713,2.8086841362680173,4.497354497354498,0.4173519835156014,0,1.0048853211009199,0.5162055249059001,0,1.2429013761467882,0.3187693070640227,0.10837404391906962,0.587730134452305,26.714043686131262,9.09944929497035,50.6892560382936,30.020074181226367,8.927248002268616,57.013899705207024,167.1,167.1,167.1,133.49,133.49,133.49,0,0,0,1.0422656920642621,0.9789248345619034,1.085086223371614,0,0,0,10.721888992989442,5.791741447313179,15.074397146129387,13.261464074009867,7.1635670896908215,18.644902621307043,4.2825886695116795,2.3133653328459642,6.021088491024677,30.299839323054865,11.626863624868715,55.92297674178229,34.60136686622621,10.50092729459462,65.56290278100033,CIP+CRO+NDA
MSM,cip,0.7,0,0,302.02448621520074,301.1255987051482,303.3167591680398,301.96197962678553,301.0669396241722,303.27179744138573,332.1886397306692,312.3653728402164,361.55832214195544,330.80786108691507,311.1910864671634,360.0634774106137,167.1,167.1,167.1,133.49,133.49,133.49,0.16580745444792788,0.06415471554876803,0.2717708775821444,0.7290444885206178,0.6814986398163487,0.7747416681965937,0,0,0,0.5288773445684383,0.12390913705583703,1.1252451258199456,0.6541466628817011,0.15325812182740942,1.391769474602191,0.004689677683902912,0.0010987309644670147,0.0099778086727923,24.90279294287699,8.167855670705212,50.27770026759524,29.070576034982203,9.200135408010986,58.857628976606044,167.1,167.1,167.1,133.49,133.49,133.49,0,0,0,1.0438251260010978,0.979931887140126,1.0850869589752272,0,0,0,0,0,0,0,0,0,0,0,0,24.748416376716836,8.108784198064653,49.949691140385006,28.86282852056947,9.069621417076787,58.23448385002066,CIP
MSM,cip+cro,0.7,0,0,302.0789267625055,301.1589136239239,303.4317421862446,301.9799289482244,301.04283652053687,303.3250950421494,333.31472672205456,313.22301674555837,362.6708754354781,331.1486484336906,310.5952788764983,360.6302885099654,167.1,167.1,167.1,133.49,133.49,133.49,0.16333718535372424,0.06432326694212581,0.27120502812541203,0.7130298414575228,0.6645424250477655,0.7590365034677665,0.6561490423648774,0.28899236834394365,1.0449594050445294,0.49742539031411787,0,1.136870487563427,0.6152450326117181,0,1.4061484070094667,0.004410785934244055,0,0.010080893443005277,25.296258970459277,8.094816000910793,49.77405978968029,29.4402383568885,8.700729923111277,59.0168326148031,167.1,167.1,167.1,133.49,133.49,133.49,0,0,0,1.0426414703717384,0.9842596191647836,1.084074061618853,0,0,0,0,0,0,0,0,0,0,0,0,24.945965148807282,7.7077089347959955,49.52815381356057,29.205203221480087,8.624415966071105,58.6193394034319,CIP+CRO
MSM,cip+cro+nda,0.7,0,0,302.035508268082,301.13787748762354,303.36822639365175,301.9366336417279,301.04274857588024,303.3031471464583,332.3757799980504,312.50291843405034,362.98142854035234,330.2155153658945,310.3787712819094,360.4059612182487,167.1,167.1,167.1,133.49,133.49,133.49,0.1691043912924388,0.06560621729170195,0.27010735025882193,0.7159512330605685,0.663348273655293,0.7609418660672742,0.6448346356724478,0.2896871378910793,1.0293535033392098,0.5046680287210102,0,1.121591230087874,0.6242031545524369,0,1.3872501210617163,0.018094379345445586,0.0011782815367591452,0.11090651051710346,24.623078945361417,7.61769273168197,50.191030523155405,28.477450272678464,8.506765905766708,58.78672954919091,167.1,167.1,167.1,133.49,133.49,133.49,0,0,0,1.0447181949094742,0.9832410791138169,1.0860723604368931,0,0,0,0,0,0,0,0,0,0,0,0,24.283099210002558,7.3704489792081365,49.95798750704532,28.267715796624692,8.431309826986634,58.627360571309865,CIP+CRO+NDA
MSM,cip,0.7,0,0.05,302.05376578635355,301.05867352862754,303.37975832092377,301.9928454853002,301.02258903559726,303.34764767517925,332.822726249187,311.0751939651107,362.4878993967221,331.47587395330146,310.02390785793665,360.76152538633534,167.1,167.1,167.1,133.49,133.49,133.49,0.16283777694973384,0.06314359887250148,0.27226193013013367,0.7290795792844506,0.6770741744614516,0.7736051129517346,0,0,0,0.5163849154325608,0,1.1218152435451456,0.6386952904331635,0,1.3875271941052474,0.004578904426666741,0,0.009947395113717047,25.402239854624025,6.994767123592324,51.12330771905084,29.750660680084266,8.097394188933885,59.11635265318495,167.1,167.1,167.1,133.49,133.49,133.49,0,0,0,1.0429645503008753,0.9866666666666668,1.0847826037217818,0,0,0,0,0,0,0,0,0,0,0,0,25.255851400821935,6.861963375413626,51.15622967149331,29.53571112994489,8.052694985872586,58.81127164091086,CIP
MSM,cip+cro,0.7,0,0.05,302.0852686990674,301.1929629974732,303.3145660971595,301.9777332494391,301.09296687335393,303.2068160430352,333.47415865175594,314.0499089087727,360.53756154287333,331.1194304407822,311.63395925192907,358.70293926096053,167.1,167.1,167.1,133.49,133.49,133.49,0.16407188664617242,0.06445733400880062,0.26903361390704605,0.7144302899638023,0.661844191616109,0.7567238830920715,0.6673156020733999,0.3246665496665492,1.0515378112216196,0.5554665553530274,0.13174774609117054,1.1190529553762323,0.6870337655001539,0.16295337535785231,1.3841106333352162,0.024457434348871692,0.0011682377229685,0.11431061220249163,25.292655494926393,8.768598114263453,49.203363894485584,29.410086976511344,9.651686484175427,57.19292175902309,167.1,167.1,167.1,133.49,133.49,133.49,0,0,0,1.04309863974293,0.982700851183426,1.0853895584944808,0,0,0,0,0,0,0,0,0,0,0,0,24.92017113012547,8.552613438945512,48.6798962294881,29.16987141283217,9.496555877825257,56.712719447268356,CIP+CRO
MSM,cip+cro+nda,0.7,0,0.05,302.0616831205809,301.136156541151,303.5098948893801,301.963807035611,301.049469057414,303.39649358106163,332.97584449401637,312.7397360148481,364.4765453019547,330.8335456969697,310.5235488188753,362.97777071379016,167.1,167.1,167.1,133.49,133.49,133.49,0.16664669938011492,0.0651226216105901,0.2724740152553017,0.7147394451808008,0.6647911435239205,0.759226677233015,0.6042931027126823,0.2790023216274268,0.9868963273568527,0.5023583269513846,0,1.1367082860385924,0.6213463793088583,0,1.4059477866061256,0.04995191109955421,0.001197378745396729,0.17337925732463902,25.08761332594067,7.7866064739549605,52.53859441217641,29.101269498500834,8.679845272873608,61.54399687288985,167.1,167.1,167.1,133.49,133.49,133.49,0,0,0,1.0430812463023875,0.9856798165895573,1.0840490340128561,0,0,0,0,0,0,0,0,0,0,0,0,24.75390825019609,7.519282580473782,52.39333891076092,28.890116560489812,8.609649647011894,61.014206960378424,CIP+CRO+NDA
MSM,cip,0.7,0.025,0,302.1944984960579,301.26523264118663,303.5128097964411,302.21951446699364,301.2838064951235,303.52968143035207,335.9690243543781,315.4492560309446,364.59990210187294,336.51937197232,315.7036082458885,364.35198203204584,167.1,167.1,167.1,133.49,133.49,133.49,0.16598434009235877,0.06658707719422076,0.27227391947942226,0.731046574060833,0.6819913888560799,0.7756154755445314,0,0,0,1.7490911293932954,0.704802744457939,3.077744089990112,2.1633789707937683,0.8717415635438823,3.80673524087849,0.5106981449741704,0.16859991722251552,0.9592450803463713,25.051720350401016,8.002823658536906,49.41897102262787,29.093618638796457,8.986436377570493,56.90340544015187,167.1,167.1,167.1,133.49,133.49,133.49,0,0,0,1.045822429721788,0.9870777159088773,1.086058169535079,0,0,0,1.7891863256889111,0.7168509636083276,3.1049781183319674,2.2129710721074782,0.886643510908109,3.840419891846441,0.7146454408407537,0.28632807301818364,1.2402053516264435,25.14443534607345,8.06903110048149,49.30991656085122,29.10770690813284,8.986436377570493,57.1290173779383,CIP
MSM,cip+cro,0.7,0.025,0,302.1309254513313,301.22540386323374,303.3528458676364,302.2650207959007,301.321142931699,303.5048550500463,334.44611244599827,314.6040449748283,362.087115926027,337.4374938765178,316.7705550753108,366.0567350252551,167.1,167.1,167.1,133.49,133.49,133.49,0.1663124784498017,0.06529640436963742,0.2735242307410758,0.6977362031393646,0.6483290530087923,0.7424977390180879,1.462126030668096,0.9543904343303442,2.0376137829483736,0.5101720354557934,0,1.1552646677035152,0.6310108343954347,0,1.4288994128497903,0.013344259466110885,0,0.06397918702364688,25.67609788042049,9.227375044974435,49.641346616166544,29.499131767051992,9.620241426912541,57.3423936249082,167.1,167.1,167.1,133.49,133.49,133.49,0,0,0,1.0448774004750356,0.9855374070166184,1.087560473249498,0,0,0,1.799054464069908,0.7142761984370857,3.063444570928838,2.2251765671188997,0.8834588896310583,3.7890487531307997,0.7185870203187043,0.2852996478818888,1.223615821588447,25.85566280521332,9.033453247461562,50.342656737282326,30.05613352512219,9.825274874884764,58.52206010485674,CIP+CRO
MSM,cip+cro+nda,0.7,0.025,0,302.0980816156809,301.1856391141569,303.39185874956524,302.2359671143335,301.28361314623334,303.5475513037021,333.76064751841466,313.608791041165,362.8708088240433,336.834955203751,315.8209488927487,365.70421790689545,167.1,167.1,167.1,133.49,133.49,133.49,0.167296129606828,0.06485435007423662,0.27185278402286017,0.6979915427497458,0.6489430907680217,0.7442071151709176,1.4336195874467832,0.9040503698619667,2.027105411676176,0.5182674219679357,0,1.1344256033752254,0.6410236854393313,0,1.4031244301852286,0.04525089962034463,0.001149008970278748,0.1673768442622949,25.056077808477774,8.22630168260307,48.82240378924213,28.794996029430756,8.885950269328845,57.20908096040656,167.1,167.1,167.1,133.49,133.49,133.49,0,0,0,1.04388309227312,0.9855852924959831,1.0846342163661582,0,0,0,1.8197811327334803,0.7168306885753511,3.05341433575506,2.250812532202626,0.8866184335526555,3.7766427672548084,0.7268657663897906,0.28631997466661857,1.2196094966268818,25.31077784173608,8.378509448435725,48.926359739556005,29.32796805480405,9.033312122901277,58.34594724886673,CIP+CRO+NDA
MSM,cip,0.7,0.025,0.05,302.26258175676816,301.2785760586738,303.6703477746125,302.28809239978153,301.31726949731194,303.69075688395276,337.44824161856843,316.31083823939207,368.17159210402133,338.0074399234479,316.6241222397275,368.50631232959034,167.1,167.1,167.1,133.49,133.49,133.49,0.1664390217582537,0.06313937140345206,0.27280383428476657,0.7296013502655465,0.6764801878525044,0.7756737823855699,0,0,0,1.7635993208757201,0.6722698290407186,3.050186918549908,2.1813235568875835,0.8315029368139826,3.772650907485882,0.5153573065409338,0.16912664096916227,0.9308949973522684,26.193087766643906,8.69820521755996,52.715939110645046,30.569626421985763,9.972004932373608,60.97731007574107,167.1,167.1,167.1,133.49,133.49,133.49,0,0,0,1.0434050631274903,0.9778446765498653,1.087061230532122,0,0,0,1.8017867011852389,0.6915640841338389,3.08491535336711,2.2285559589751602,0.8553672083914553,3.8156050819765897,0.7196783436592261,0.27622786552717665,1.2321917851761897,26.29621441328575,9.001385637072813,52.961418201061456,30.5927481918909,9.920771058491129,61.0132415945048,CIP
MSM,cip+cro,0.7,0.025,0.05,302.12739089644117,301.2232753272525,303.4593360364136,302.24735467347057,301.28172089801956,303.55794444648905,334.4090621824391,314.7051628598163,362.9980264881988,337.09123921845764,316.2699459535,365.3899373230082,167.1,167.1,167.1,133.49,133.49,133.49,0.16611625542530153,0.061873126493701004,0.2733789879841095,0.6973012011448964,0.646282335881738,0.7392097480832424,1.4413116255027747,0.8986267166042444,2.0654486586494003,0.6194768836456784,0.13288747346072166,1.2827433905728356,0.7662055112227228,0.16436305732484185,1.586572608742542,0.05794665449986185,0.0011857712765957294,0.17597952137954265,25.355998311811565,8.43107302184363,50.18463937725766,29.15570145080463,9.269689011505916,56.6735650843126,167.1,167.1,167.1,133.49,133.49,133.49,0,0,0,1.0427589883205504,0.9841200850340136,1.0835776261977952,0,0,0,1.8126200068859375,0.6968394568258125,3.1120985728884083,2.241955229798288,0.8618921001784703,3.849226889601472,0.7240054349280783,0.27833498035860943,1.2430494379646901,25.521408809434565,8.195999201417276,49.72172297346905,29.652903844878878,9.42299198540496,57.7243841527937,CIP+CRO
MSM,cip+cro+nda,0.7,0.025,0.05,302.1243002702288,301.2602922267773,303.48913574078796,302.26015343975024,301.36345928967097,303.65754125499524,334.34351231799764,315.2504561355181,364.33164596153654,337.375468811176,317.81694207447384,367.98888431426116,167.1,167.1,167.1,133.49,133.49,133.49,0.16553160357525587,0.06546434860146534,0.27263384753767017,0.6979616120325252,0.6501227937453357,0.7396141711229948,1.3568873811116238,0.8350967165269947,1.9334123588371082,0.48724920628236135,0,1.1316026229005218,0.602658528588417,0,1.3996328015952102,0.11142680462578704,0.0012875543207429073,0.2799229208184882,25.57497712192118,9.36447466531754,51.17898312689169,29.457112962879293,10.240240227211311,59.426141379250154,167.1,167.1,167.1,133.49,133.49,133.49,0,0,0,1.043195044167187,0.9851411046726278,1.08439632168182,0,0,0,1.7722409740207568,0.683094239176008,3.119303761809239,2.1920120626907957,0.8448912050776517,3.8581386918111953,0.7078770466611108,0.2728447991596139,1.2459273693118906,25.810364374407634,9.54369118902573,51.785225730407355,30.014870477210525,10.348110503794006,60.701962798277115,CIP+CRO+NDA
MSM,cip,0.7,0.05,0,302.42865981823604,301.5003599871002,303.7024502784505,302.5390133208443,301.5930651104979,303.83730572864334,341.0602358286935,320.5500383957246,368.63072607131284,343.4846536777446,322.94755353246893,371.69461673659794,167.1,167.1,167.1,133.49,133.49,133.49,0.16726112326437412,0.06411095834407926,0.27520866040082964,0.7279267048584248,0.6755469102652492,0.773676987327189,0,0,0,2.9804972022789773,1.4351508725054392,4.8736618173868065,3.6864545600643397,1.775079162725813,6.028032107253547,1.004003071259694,0.4388232921236422,1.6643571141067723,26.125118967166944,9.825602082609624,50.32477029075058,30.449351662542313,10.83080917712452,59.976604525532,167.1,167.1,167.1,133.49,133.49,133.49,0,0,0,1.0425007677997367,0.9790398267892706,1.0855350585685744,0,0,0,3.561730572633445,1.7398448500199608,5.560771773018532,4.405358240620198,2.151942627644914,6.877890187062311,1.4226436222373562,0.6949372303962138,2.2211103103604986,26.45580266247515,10.17081936821592,50.27839093174422,30.702529120833013,10.891842280507365,60.52399434522919,CIP
MSM,cip+cro,0.7,0.05,0,302.18476387738207,301.2734526550625,303.4603141003399,302.5508233292544,301.58492793709036,303.9147034484727,335.6190270103241,315.63650579584976,365.07180922127,343.74318306581927,322.076600317508,374.2510210980224,167.1,167.1,167.1,133.49,133.49,133.49,0.1628695489896754,0.06411755739772348,0.27300494532365943,0.6797983696921551,0.6304312966224617,0.7233317733990148,2.240441928414312,1.551724137931035,2.92774842085003,0.5314306974165695,0,1.1569491180051574,0.6573048001358641,0,1.4309828402359734,0.025728896730749126,0,0.1167684109272798,25.923065009727466,9.089208373320744,51.237188138818894,29.623212930290148,9.478917220346942,58.988234735812064,167.1,167.1,167.1,133.49,133.49,133.49,0,0,0,1.0430030892974531,0.9842787652073746,1.0859226639079687,0,0,0,3.589807561514657,1.822227421221543,5.642222297872135,4.440085514853126,2.2538382459476876,6.978632995522781,1.4338582686989363,0.7278428747489786,2.253643672260803,26.67013121765304,9.815039575138643,52.457832855857816,30.927515573497306,10.076504193735078,61.07515192540768,CIP+CRO
MSM,cip+cro+nda,0.7,0.05,0,302.1626187889879,301.2472801242325,303.4809846637318,302.52178532513204,301.534215074194,303.9503515690793,335.15071286661345,314.4656211122874,363.23933821221647,343.1255493116913,321.12186201412555,373.79992373327906,167.1,167.1,167.1,133.49,133.49,133.49,0.16353853807010166,0.063379190573347,0.273059791797021,0.679381554767506,0.6254726722957554,0.7238103078490854,2.1978497386348224,1.5200456450006004,2.915525101441531,0.5224485202764801,0,1.1354517207564037,0.6461951141908248,0,1.4043935926243334,0.06868383228492031,0.0012090518617870747,0.22108787146184822,25.585157760203696,8.220795992626524,50.547261167748694,29.162203021898485,8.309042849139193,57.72227053095972,167.1,167.1,167.1,133.49,133.49,133.49,0,0,0,1.043383516726866,0.9825537907806103,1.0856789859619556,0,0,0,3.528037410341632,1.7198049754785645,5.589792295672174,4.3636845521904055,2.1271561299995683,6.91378447946096,1.4091857366758396,0.6869328069494177,2.2327018276370723,26.301227385166666,9.00216096217855,51.5624341003757,30.488965099672583,8.74051519995443,60.47143805875641,CIP+CRO+NDA
MSM,cip,0.7,0.05,0.05,302.4440651897093,301.45816580012547,303.8357039841757,302.5544650273648,301.5584394157666,304.00214283032903,341.4130991753356,319.74272395807947,372.20355496640946,343.8419433816032,321.87203074442783,375.44994559993796,167.1,167.1,167.1,133.49,133.49,133.49,0.16772367501295263,0.06514358911543264,0.2730241376260023,0.7291758321371791,0.6763887167008197,0.7761532547525541,0,0,0,2.992390219230095,1.4434066210086625,4.862127541569024,3.7011645442035124,1.7852903589293103,6.013765835286241,1.011596260123228,0.45165488023479516,1.6611722353532077,26.426200960664413,8.593014803652645,51.63888932244806,30.80331209740153,9.818723983147633,59.83381021112873,167.1,167.1,167.1,133.49,133.49,133.49,0,0,0,1.0427159468757599,0.9805629756274455,1.0887044246328659,0,0,0,3.5801481189229096,1.79578797803122,5.558047976163424,4.428138147090862,2.2211363847145913,6.87452123461723,1.4300000475007628,0.7172823046937279,2.2200223582694636,26.756452996249948,9.304110079609481,52.22722184425073,31.05082030049469,9.911113035357902,59.96637529575276,CIP
MSM,cip+cro,0.7,0.05,0.05,302.18523939508685,301.2837398745131,303.5296060892592,302.530314043233,301.57106797083907,303.9179348957518,335.6519090212168,316.1402150462861,365.3723720891998,343.3185204932809,322.2978074077413,373.2836808240931,167.1,167.1,167.1,133.49,133.49,133.49,0.16391120556291555,0.06482087075201473,0.2694777034664464,0.6792373953980155,0.6328014508135067,0.7245161847323199,2.2620277312696446,1.5962363920320535,2.944483439174339,0.7049221008351844,0.13861151545564854,1.4372775479298063,0.8718891905441097,0.1714428897427542,1.7777095602010895,0.09281494423225148,0.0012713688038412797,0.260249661277332,25.54643299045016,8.769312217774775,50.8687473397673,29.134004003139253,9.71410687494876,59.02328481601539,167.1,167.1,167.1,133.49,133.49,133.49,0,0,0,1.0436720780388626,0.9854798886138615,1.0873338112149322,0,0,0,3.6435999135924693,1.8562497486965905,5.618177001848969,4.506619065517831,2.295919065271553,6.9488923565767315,1.4553442696886358,0.7414322370572723,2.2440393840265873,26.249455453787213,9.482778961394889,51.38145091331348,30.341162151775524,10.04944726253163,60.060852742504984,CIP+CRO
MSM,cip+cro+nda,0.7,0.05,0.05,302.1695230366764,301.25633388487137,303.40371778252637,302.5384645928713,301.56897703477034,303.8433679187359,335.2956631326933,315.07910866732175,362.77730065956877,343.48716482320515,322.163238512516,372.2282245376313,167.1,167.1,167.1,133.49,133.49,133.49,0.16691480053718324,0.06531813030153079,0.272487663849294,0.6791257655070638,0.6320084413997764,0.7252239115646258,2.063724426249502,1.4140025575447555,2.7105209826689407,0.528399515021436,0,1.144535594638768,0.6535556551427462,0,1.4156290630925177,0.17881042764152777,0.0047779344067058966,0.40272902944844635,25.649356886178357,8.878833252025027,50.029480922698546,29.329269496976732,9.02304071128397,56.14579811334505,167.1,167.1,167.1,133.49,133.49,133.49,0,0,0,1.0427232141659164,0.9834639123203042,1.0860971183445447,0,0,0,3.5857871882097525,1.6746022078047846,5.614431685393262,4.4351128802565585,2.0712466834511454,6.944259928498474,1.4322524317821348,0.6688776992350143,2.2425434116445313,26.457477513458908,9.58710063679067,51.48081813378582,30.618446749781302,9.540957936385974,59.41776667002448,CIP+CRO+NDA
MSM,cip,0.7,0.075,0,302.6147582425156,301.58687251775876,303.986088405431,302.81233410158984,301.7620568513107,304.172330756939,345.1230972489923,322.2884166395375,374.6683152879518,349.4677611854334,325.9889705171006,378.6876607296585,167.1,167.1,167.1,133.49,133.49,133.49,0.16644556405029468,0.06617569070212391,0.27428099093905794,0.7301157089716637,0.6813532219861198,0.7737359488230828,0,0,0,4.320882186045606,2.162531669363554,6.618294676672586,5.344321687693251,2.6747465918482214,8.185896826883019,1.5467832095342193,0.7743636246123565,2.3754709779563705,26.364829287693233,9.5080657276332,51.794577876614085,30.455126530108142,8.913754623675453,60.593622675864395,167.1,167.1,167.1,133.49,133.49,133.49,0,0,0,1.044713211565162,0.9836665461224099,1.0874492099322801,0,0,0,5.4598951800672415,2.985779640844964,8.128017295147808,6.753120072933465,3.6929881913406764,10.053210719026485,2.1808176945467492,1.1925945202288575,3.2465319121056897,26.952344401538223,10.179589148207656,52.29880909694531,30.93046867436675,9.249241151694894,61.32835968076879,CIP
MSM,cip+cro,0.7,0.075,0,302.22983743995934,301.30811081106856,303.573266543688,302.83104200063394,301.74243776887073,304.33161596316046,336.6283732734435,316.60232739603714,367.17048737268385,349.94948620124484,326.7933068331039,383.0884162669573,167.1,167.1,167.1,133.49,133.49,133.49,0.16444779571742296,0.06480346117081937,0.2718756274062343,0.6621099956327504,0.6129434271911942,0.7078678551983713,3.050871307341916,2.2725476578216295,3.956844150348169,0.5478789627426024,0.13232558139534834,1.1927692094313385,0.6776489838747175,0.163668076109936,1.4752872399445167,0.035742099662715666,0.0011745721332930737,0.12068863657645319,26.20014269913098,9.2016458292859,53.27993126617608,29.558798613869712,9.838700721044555,59.95209433630048,167.1,167.1,167.1,133.49,133.49,133.49,0,0,0,1.043082671821957,0.9783652706046312,1.0855413277161925,0,0,0,5.403094867114041,2.8850481568770907,7.9701151932832905,6.682866099019549,3.5683975565528003,9.857908095351116,2.158130239301023,1.1523598645458928,3.183461892188564,27.550546892073868,10.071641910795163,54.92098090358478,31.589934717523466,10.611778377147868,63.53831566159793,CIP+CRO
MSM,cip+cro+nda,0.7,0.075,0,302.2186126985825,301.29109537344476,303.4935942078449,302.82210053630894,301.7611714893422,304.1814235418099,336.3867079190051,316.05857468730755,364.22819488560515,349.78864956519965,326.64104587894457,379.03705501167775,167.1,167.1,167.1,133.49,133.49,133.49,0.1641298897642923,0.06466993459378302,0.2739169542263483,0.6625256377349661,0.6094810531846193,0.7061465147597501,2.977060940319365,2.18842353667681,3.803210367127042,0.5309162676827152,0,1.1701129961517331,0.6566685231292124,0,1.4472647003848267,0.09257381379404217,0.0012183745459835367,0.23436489589632328,26.031939839885354,8.657591995350892,49.26072185616216,29.361802429537295,8.902584167677293,56.58856522314432,167.1,167.1,167.1,133.49,133.49,133.49,0,0,0,1.0438244755867236,0.9828294370489119,1.0851227321237993,0,0,0,5.415218514092751,2.9080047156767272,8.250734655858937,6.697861339966295,3.5967915811489535,10.204994781647537,2.162972724913225,1.161529284101586,3.2955482728306933,27.38393622616158,9.848733704498848,51.402594859680846,31.37742293954519,9.752999911279531,60.622680698517776,CIP+CRO+NDA
MSM,cip,0.7,0.075,0.05,302.6075075292484,301.6653384293531,303.9901123702082,302.80221013413257,301.8242341593773,304.23983499063934,344.9226247526679,324.3082083212049,375.2527792819467,349.200023020269,327.90107935943763,380.4572592266433,167.1,167.1,167.1,133.49,133.49,133.49,0.16361804687612905,0.06425665080625287,0.27027582520134047,0.7309594041322355,0.6813491652364241,0.775107109119862,0,0,0,4.321595080852514,2.1164195759575555,6.687488959251109,5.345203437996444,2.617712437653842,8.271480392721275,1.5453699492518784,0.7762314825945691,2.4246187100269094,26.23894414848335,9.76852823737394,52.34385313512333,30.34560818377883,10.360706042456092,60.79942768756956,167.1,167.1,167.1,133.49,133.49,133.49,0,0,0,1.0447400014389148,0.9847160464583846,1.0860055806087936,0,0,0,5.438459602468596,2.8509401905376026,8.236634234127933,6.72660728750769,3.526210814035284,10.187554549209331,2.1722557926460277,1.1387362959488794,3.289916214302576,26.817038732556185,10.298620881904869,52.76534882581889,30.816102286826844,10.3980771958431,61.84845997516983,CIP
MSM,cip+cro,0.7,0.075,0.05,302.2542275019396,301.32751728879776,303.5569857763905,302.81893451290756,301.7717885228153,304.2164914010694,337.1826290840714,316.7867843952668,364.9236091202643,349.7206710502272,326.3061938830969,378.5662449382893,167.1,167.1,167.1,133.49,133.49,133.49,0.1641867754818504,0.06463680734757085,0.2715650498535147,0.6603881079783205,0.612085328492984,0.705471968325792,3.039547990810876,2.270025892415563,3.8050307740759015,0.7790840522228025,0.14128269956558512,1.5266277239381703,0.9636170618761505,0.1747467676445033,1.888223122682118,0.1289528656460589,0.002251859931113674,0.33887143931004166,26.06347193130044,9.305363458468586,49.81538355359151,29.438321245324182,9.586617161926949,56.61426725902149,167.1,167.1,167.1,133.49,133.49,133.49,0,0,0,1.0425137382470517,0.9820221172835769,1.0845655982753708,0,0,0,5.424480653888284,2.8254537838177463,7.981787167247157,6.709317300219867,3.4946877244647885,9.8723446804991,2.1666722535102583,1.1285563923221547,3.1881239683843874,27.243160965586988,10.070059270954616,51.6506481362791,31.374224351613982,10.210208287072744,60.30480402012483,CIP+CRO
MSM,cip+cro+nda,0.7,0.075,0.05,302.2364285047426,301.35987222780705,303.58962261210587,302.8425432391967,301.7729671746078,304.3428258696386,336.76943666843437,317.09480653154355,367.1629386423031,350.2178127958025,327.1693999326183,382.93074437902976,167.1,167.1,167.1,133.49,133.49,133.49,0.16846596194892388,0.06678953360325722,0.2716343943619616,0.6613632798438945,0.6106603169914121,0.7069076576415848,2.86426147871999,2.16112201201746,3.6394447650605706,0.5495904867371012,0.13025001133415073,1.1975472735834867,0.6797658975994999,0.16110088875911618,1.4811970312264808,0.24048369568031988,0.0583448133223426,0.48783533029565185,26.25236233580536,9.651668824689594,52.08166156053997,29.655523220466858,10.118020679116182,59.40114705701093,167.1,167.1,167.1,133.49,133.49,133.49,0,0,0,1.0438093971376148,0.9836024400713844,1.086252662556054,0,0,0,5.451281231278751,2.9998942324173967,8.224702913756454,6.742465833510857,3.7104459498736797,10.172797189142914,2.1773770695313748,1.1982322385434547,3.2851505487124353,27.582940324223028,10.619391693621216,53.730387905209085,31.73370954618367,10.800749829832988,63.70478346121563,CIP+CRO+NDA
MSM,cip,0.7,0.1,0,302.7755325005033,301.7808428423272,304.24481581396606,303.05231710482184,302.0018640777208,304.5082979364953,348.71245279976046,327.0436675459183,380.21984940647616,354.8053637813623,331.79269294446425,386.76907346458887,167.1,167.1,167.1,133.49,133.49,133.49,0.1646866003125176,0.06212942139170896,0.27096172635333143,0.7294787346111323,0.6798508557886163,0.7739458200711479,0,0,0,5.433136217060662,2.816322808399309,8.055567524253844,6.720023010764518,3.483393996041423,9.963600573416057,1.9958486771473432,0.9974866587719525,2.9923962467712095,26.536620067413764,9.587506550995979,51.432123325615926,30.652175522952557,9.915505852312474,59.965348051489634,167.1,167.1,167.1,133.49,133.49,133.49,0,0,0,1.0439208737785801,0.9847134501041195,1.0857960267008089,0,0,0,7.072743924227845,3.6891039099055196,10.313967098945731,8.747986433840847,4.562901089396643,12.75692223941339,2.82502952717201,1.473519695600543,4.119654537044949,27.34268101171641,10.356851111128318,52.1970105470543,31.363353611706533,10.10961533123022,60.83644787381503,CIP
MSM,cip+cro,0.7,0.1,0,302.23175540677283,301.3426020493201,303.55037515168254,303.06336047926715,301.9579660809254,304.56701221681317,336.6076260218163,316.8218356886911,366.31711679667274,355.0200666969734,330.41204666972595,387.11101295778536,167.1,167.1,167.1,133.49,133.49,133.49,0.16682736261413383,0.06423350391517164,0.27433400704732286,0.6437113857688718,0.5959614873417721,0.6855002122665069,3.831004237023996,2.9843798531984125,4.743443689566438,0.5422699136657231,0,1.1511800342043472,0.6707113814735897,0,1.4238472974585354,0.04177955551077891,0,0.16674913750352305,25.43932713869702,9.048326046224304,51.36383045094251,28.50759385323833,8.757691898860584,58.01504915269649,167.1,167.1,167.1,133.49,133.49,133.49,0,0,0,1.0429180392605273,0.9808705124107809,1.0868254464285714,0,0,0,7.161797255290315,3.75106868673933,10.357579845597202,8.858132841001753,4.639542776544586,12.810865054272378,2.8605996386364896,1.498269965944773,4.137074550885607,27.30668341961375,10.280275518615747,54.187938598593455,31.308925344903702,9.80241776509061,63.19138341914214,CIP+CRO
MSM,cip+cro+nda,0.7,0.1,0,302.270848376026,301.3610844900359,303.73174234110786,303.1104567090047,302.0321943944096,304.6935732116978,337.53447062459736,317.483421696862,368.60811054836233,356.1586767148123,332.5627758382573,390.65866377410646,167.1,167.1,167.1,133.49,133.49,133.49,0.16703062601480378,0.0664662995968056,0.275175411818518,0.6435650795742246,0.5946376022572338,0.6874010609003516,3.7817163558484888,2.9211445710697514,4.668400570839229,0.5549278551097362,0.12266381909547794,1.217967567567566,0.6863674692973356,0.15171783919598145,1.5064540540540536,0.12559299064599355,0.002391920875374212,0.32948944365493593,26.22586531192418,9.361098422918852,52.840769262227994,29.40358883950868,9.312978380543166,60.34608907260795,167.1,167.1,167.1,133.49,133.49,133.49,0,0,0,1.0431221364529577,0.9830246687412166,1.0881172966081913,0,0,0,7.229830875420214,3.8463243984595272,10.492833561191507,8.942280831133662,4.757360653566768,12.978154819294458,2.8877739556719177,1.5363174622381837,4.191098243006675,28.1597607442921,10.626310259366912,55.188356632957074,32.234479163046835,10.552826650061135,65.99365378996754,CIP+CRO+NDA
MSM,cip,0.7,0.1,0.05,302.8220509311101,301.768555806711,304.3874718324005,303.1008350171213,301.99523566740856,304.67510517096156,349.6566992513585,326.6516962447093,382.4355553955042,355.78275963432753,331.48586919005464,390.12221946542695,167.1,167.1,167.1,133.49,133.49,133.49,0.16644049832015395,0.06538526417043296,0.2736869228048592,0.7298743928598425,0.6798808552490728,0.7763664074941452,0,0,0,5.500465238917623,2.820018443574855,8.197364213219876,6.803299512235305,3.4879649753849984,10.138983073436924,2.021166359912803,1.0762853520442344,3.043377753298754,27.284150843201317,10.137512018180779,54.35776105355866,31.47485102220319,9.988108883855626,62.833248521196445,167.1,167.1,167.1,133.49,133.49,133.49,0,0,0,1.0435334725999033,0.9818591149445216,1.0863869192720044,0,0,0,7.167411337004983,3.8931796457307377,10.60145033959545,8.865076668065837,4.815313984250597,13.112498450867259,2.8628420422611365,1.555032611331978,4.234482481065444,28.07971542499515,10.63486879791765,54.907454040240204,32.16190365383075,10.1634833319787,64.36206956013007,CIP
MSM,cip+cro,0.7,0.1,0.05,302.3192305679999,301.39015005821125,303.73016832953283,303.1123438786387,302.02285184211377,304.68364562203806,338.5174848857036,318.0790593276021,369.3880795715636,356.08164619420563,332.3390768512325,389.5690420134086,167.1,167.1,167.1,133.49,133.49,133.49,0.16240638527882537,0.06402340068434632,0.2761128050595936,0.6435107734813245,0.5947847776679531,0.6865440889925775,3.8663976882037128,3.0262681105078424,4.770319129113635,0.8576534415226347,0.26464417622356934,1.6562309264951738,1.0607963121181463,0.32732751082198003,2.0485240002336513,0.1663450928785427,0.0024829449485060137,0.3863200164476061,26.33157624965511,9.421060609574473,51.72190592030231,29.463388095335002,9.304692898134924,60.040076758793305,167.1,167.1,167.1,133.49,133.49,133.49,0,0,0,1.0433146205680295,0.9808740526370433,1.0877372329731092,0,0,0,7.260962833016025,3.9627221419017244,10.529537897902769,8.980786670681189,4.901328241177856,13.023552905674107,2.9002088324876274,1.5828096109209646,4.205758866393487,28.040259695129986,10.84675880878137,53.63212254278503,32.16145742604589,10.297675547417448,64.88385706853036,CIP+CRO
MSM,cip+cro+nda,0.7,0.1,0.05,302.2385644527163,301.3941872124368,303.45977814011974,303.06780458699603,302.00023627012143,304.44701780102486,336.802542936667,318.3244537497186,364.0995510422173,355.18581805259623,331.78794870980147,386.44744466028925,167.1,167.1,167.1,133.49,133.49,133.49,0.16996976876322134,0.06437758130780337,0.2773730322613941,0.6453770326602287,0.5994623732466721,0.6913049500480352,3.588600258268487,2.7746826647115705,4.439412630671855,0.5504286913819284,0,1.2183003455914936,0.6808026384938807,0,1.5068656535223717,0.3081721776060427,0.06220067703828178,0.5757905237468987,25.703408736436252,9.873588454434879,49.137899837098686,28.670033339625242,9.709697446651028,56.10396461142727,167.1,167.1,167.1,133.49,133.49,133.49,0,0,0,1.0447269624001634,0.9865158530988217,1.0872096918172158,0,0,0,7.1401811613207755,3.957955845232696,10.351487860843386,8.831396782291865,4.895433004612376,12.803330128569904,2.851965634015328,1.5809058336925599,4.134641260921627,27.604025731366207,10.769273168754035,51.8831899244373,31.52030364336736,10.986082820259295,62.545433499508874,CIP+CRO+NDA
MSM,cip,0.7,0.125,0,303.02876276029866,301.96298411366683,304.52028193384166,303.3946538382485,302.22231252295546,304.9782287777052,354.2176993803105,331.29563080911663,385.81096992208677,362.2630726731262,336.96132372790953,395.4968954016714,167.1,167.1,167.1,133.49,133.49,133.49,0.16744248759028516,0.06575603242070127,0.2734342568133231,0.7296087609822194,0.679735095005429,0.7763755124766064,0,0,0,6.805978050031037,3.847417017642188,10.025674374495571,8.418034681948438,4.75871206935247,12.400344810697788,2.5503409479186914,1.4666311154371154,3.794646922558276,27.924351709230834,11.297868612849557,53.81040965686318,31.96726444142869,10.90820606231698,63.267799159900925,167.1,167.1,167.1,133.49,133.49,133.49,0,0,0,1.0442334157082982,0.9869341189276064,1.0870355228635682,0,0,0,9.03668528959646,5.253597146897824,13.015707756726542,11.177104836141716,6.497958509779433,16.09859428002853,3.6094764697221837,2.098417138080299,5.198796835247856,28.969384658212125,11.898910205819558,54.921322541401395,32.86416156935617,11.435085985540248,65.03600566485697,CIP
MSM,cip+cro,0.7,0.125,0,302.3277669780441,301.4508090262914,303.6630487915976,303.3960505600371,302.2732007536784,304.9511781326515,338.69829607981194,318.8892563635088,368.1824156657271,362.3456670642159,337.2754517744588,395.9841852289571,167.1,167.1,167.1,133.49,133.49,133.49,0.16758279286714847,0.06416759132420154,0.27624026715347755,0.6253298695453339,0.5745656061907265,0.6683519309864064,4.619251153892123,3.61830572588429,5.63887174964165,0.5703129459033891,0.12991703274981323,1.2076867671720795,0.7053966561289483,0.1606890412258624,1.493738154347765,0.057097934056659604,0.0011520043645334374,0.17491777930138577,26.542561167297304,9.793702499582036,52.487117887151555,29.541290232592267,9.937882463972063,59.45920098094734,167.1,167.1,167.1,133.49,133.49,133.49,0,0,0,1.0424115149292852,0.9862193029753447,1.0861071706106848,0,0,0,8.973093580687653,4.783636192910797,12.98909636845511,11.098450863539457,5.916683110308187,16.065679746987577,3.5840763623133296,1.910703064751077,5.188167586058118,28.99934673040689,11.837003829601688,54.88531078163728,33.14521520629045,11.435290057005705,66.81714691270138,CIP+CRO
MSM,cip+cro+nda,0.7,0.125,0,302.3391472435946,301.40760524702847,303.8470069660402,303.3999513088725,302.21341977666503,305.1198741196353,339.05031738526543,318.38800984487125,371.49320524278875,362.5882906208215,336.60121967299483,398.80849579570287,167.1,167.1,167.1,133.49,133.49,133.49,0.16474791025888982,0.06337975915275375,0.27412273651914776,0.6243359460177331,0.5722610030292425,0.6683994619000494,4.536386915795618,3.653224732619686,5.518578559432733,0.5682207210498024,0.1328354015667317,1.2286267702971059,0.702808869149552,0.16429865173811642,1.5196379840637562,0.1461390042436297,0.0035086803557039456,0.3431507101987565,26.76534956765833,9.611840121246885,55.122242032802184,29.903343086040813,8.9732644135084,62.659056069239284,167.1,167.1,167.1,133.49,133.49,133.49,0,0,0,1.0414053355426027,0.9761366360921502,1.0856110248447206,0,0,0,8.934785763515457,4.735903908747455,12.993241096709745,11.051069498043603,5.857645008718391,16.070806191113356,3.5687752690187957,1.8916376053472799,5.189823093429358,29.176345648151514,11.421146232916794,58.08651092931259,33.54657353826585,10.468577285852914,68.80610453856262,CIP+CRO+NDA
MSM,cip,0.7,0.125,0.05,303.0052904436613,301.9335247059484,304.5189601805361,303.3755309024174,302.2306595418991,304.9696702072235,353.8250763835545,330.2163975270603,387.3896380774027,361.98494775252027,336.8502545921678,397.17209870858954,167.1,167.1,167.1,133.49,133.49,133.49,0.16215510435568356,0.06407549965019975,0.27362245944234953,0.7288225388472097,0.6785552239059335,0.7730380191029902,0,0,0,6.747902477476761,3.5560483985260896,9.971196283185845,8.3462033918176,4.39833019287258,12.332963097345136,2.5224274766874495,1.3151578610038617,3.787347797524444,27.698131997643394,10.16802103077495,54.35132508091409,31.76599097218891,9.611096238693914,62.954367824442485,167.1,167.1,167.1,133.49,133.49,133.49,0,0,0,1.044195410141901,0.9861156437510274,1.0854465258193136,0,0,0,8.985331573822696,4.832938662374815,13.015771960354757,11.113587534549993,5.977663309598118,16.09867369085898,3.588964520619386,1.9303956951489099,5.198822479771031,28.78587405290531,10.979477405156427,55.013999987185,32.71187867002078,9.937292322754981,64.5971881603875,CIP
MSM,cip+cro,0.7,0.125,0.05,302.3824668261421,301.492022263723,303.73117897085626,303.4054211527971,302.29821449850766,304.95206008917376,339.9021715362335,320.3227629652312,369.6905942349288,362.5578889215205,338.0749044071563,395.879853494939,167.1,167.1,167.1,133.49,133.49,133.49,0.16750799470777963,0.06488600809738158,0.2751297752415628,0.6264770578364428,0.5740925396571919,0.6711396383741782,4.61003879160843,3.6382149431774886,5.597836526988973,0.9364378375802795,0.25995234643548776,1.788384188168659,1.1582414953870805,0.32152437928268485,2.211978941157958,0.20091793768757313,0.0037490593645485163,0.4639453684922246,26.748827845885398,10.044751229207394,52.81633649929261,29.641960393678183,9.725352440532491,59.413564707669806,167.1,167.1,167.1,133.49,133.49,133.49,0,0,0,1.0436539685490058,0.9798873790762306,1.0873532877276473,0,0,0,9.073500315507513,4.930423147027331,13.192595426719702,11.222639829445823,6.09823786430932,16.31737937305489,3.624181305123627,1.9693334186880194,5.269450162453948,29.082916543168714,12.048804633371653,55.40478345765319,33.054357662790665,10.55994060100918,64.39215843254468,CIP+CRO
MSM,cip+cro+nda,0.7,0.125,0.05,302.3145975682964,301.43518254654083,303.6244192062428,303.3745526999292,302.23580039161254,304.884228756863,338.36750375177763,319.3484222027137,366.4920282601887,361.81426066247997,336.9671729889222,395.0579695407274,167.1,167.1,167.1,133.49,133.49,133.49,0.16730824606066577,0.06540646058233483,0.27149007382458024,0.6269508923326128,0.5767280916336809,0.671748217062953,4.288594048100232,3.4128723239218104,5.269120975945214,0.5778466325091278,0.13316667476880548,1.2394400652069646,0.714714763631477,0.16470838995409834,1.5330125043616731,0.3706069708595989,0.11334507216847203,0.6906432580878801,26.28657474084024,9.819662484325127,51.140173023742946,29.22212038944625,9.879052351227807,57.60879034790084,167.1,167.1,167.1,133.49,133.49,133.49,0,0,0,1.0436308341948644,0.9791047630440609,1.0855111962350485,0,0,0,8.940127927123353,4.836085299779977,13.037448126415006,11.05767700077096,5.981555256150612,16.12548405027031,3.5709090618003487,1.9316525402540234,5.207480478676707,28.684273159800174,11.24973909230955,54.36553044025602,32.750026474068434,11.378911565612276,64.64017793052665,CIP+CRO+NDA
MSM,cip,0.7,0.15,0,303.1994784420139,302.13806895211223,304.7173191900064,303.6461948721297,302.44816735841255,305.16578273041324,358.0225171692859,334.4647581416858,391.0045645873417,367.85979515299624,341.7835896125928,402.3520901791086,167.1,167.1,167.1,133.49,133.49,133.49,0.16363971602378644,0.0630877281852116,0.2705625804210146,0.7303594344548615,0.680540637254902,0.77804298268904,0,0,0,7.970680142080855,4.22979148706895,11.544753693693702,9.8586068573125,5.231655343847954,14.279231621621614,3.018893138514182,1.5926740033257094,4.434813454836516,28.174098722744695,10.818343519354016,54.0458144393648,32.319251394975964,11.037407295486828,63.908111548212545,167.1,167.1,167.1,133.49,133.49,133.49,0,0,0,1.0444313451329437,0.9817591068779609,1.086698791977693,0,0,0,10.696834425576542,5.871199224396334,15.366303205391347,13.230475108739542,7.2618451502898536,19.00594923542693,4.272581253225971,2.3451027418103236,6.137683018609746,29.440704345579537,12.073075736482386,55.40422254358298,33.50771005673137,11.498845324507187,66.51228687577752,CIP
MSM,cip+cro,0.7,0.15,0,302.378420497414,301.466628118089,303.78249142016807,303.68051936783286,302.34500734021225,305.3379095205295,339.80431378488254,319.69543435807327,370.1798253375047,368.6395497984631,339.41451711325857,404.312168587711,167.1,167.1,167.1,133.49,133.49,133.49,0.16293762560844416,0.06405495779421035,0.27148951187063725,0.6082119075609865,0.5635375273522977,0.6503489879093749,5.459191947646728,4.43592552026288,6.47101592314778,0.5641086731913595,0.12957922783738265,1.2167511290537716,0.6977228460634145,0.16027122420563888,1.5049494912237904,0.06312292354904071,0.0011757234230851807,0.17895773813179378,26.880665893785906,9.981844041622487,53.55239614964196,29.589419839602165,9.742849944658676,59.07503855727384,167.1,167.1,167.1,133.49,133.49,133.49,0,0,0,1.0430152948907532,0.9821911060451703,1.0861447521728176,0,0,0,10.76417358943977,5.860379879583484,15.611852066913501,13.313764154441278,7.248463147115446,19.30965853587008,4.2994781871863585,2.3407812268667043,6.235761330449552,29.890415151832062,11.789250898835272,56.68882117362518,33.985709472161005,11.66632767781104,68.97971099353198,CIP+CRO
MSM,cip+cro+nda,0.7,0.15,0,302.3693910476173,301.4577975844001,303.7566150902991,303.6670438235704,302.43902445546394,305.30937071673685,339.6266336477878,319.1671853232673,371.02271687451264,368.3903952488667,341.0094380829098,403.86257133495104,167.1,167.1,167.1,133.49,133.49,133.49,0.16625195060705683,0.06552113328751741,0.2705220399410651,0.6077164359388828,0.5604881591607437,0.654136525138811,5.356598334451775,4.360398442500531,6.415901798669785,0.5703641884018741,0.13302869287991287,1.2764889904266292,0.7054600358704443,0.1645377258235929,1.578836798112752,0.17169248295774261,0.0025864471349546095,0.3859423412698392,26.682136598022904,9.703457626743933,52.5492731201107,29.373804483090947,9.382794053129416,60.800026190329554,167.1,167.1,167.1,133.49,133.49,133.49,0,0,0,1.0428431964577975,0.97919774566474,1.0880251892836343,0,0,0,10.763858911283242,5.959391922213908,15.43604452705358,13.313374941955459,7.370927075542267,19.092209411437192,4.299352496917735,2.380329094988772,6.165539434036424,29.663233279614,11.939397598232878,56.43154703923137,33.759101895979384,10.637646653701005,68.46272234270522,CIP+CRO+NDA
MSM,cip,0.7,0.15,0.05,303.2355592705798,302.10766897438333,304.7039549144418,303.6838456028877,302.46878592686727,305.20700288130644,358.8235065902732,334.20645217247926,391.7605202370793,368.6953710900162,342.5247615431222,401.7868328973912,167.1,167.1,167.1,133.49,133.49,133.49,0.16588410186273495,0.062341211258265056,0.2757069767122939,0.7285687464976018,0.6721079657543431,0.7737619182389939,0,0,0,8.011939492773578,4.311397436323361,11.709589902903357,9.909638853380196,5.332590390365449,14.48311075784093,3.0295757019840814,1.6154137532002046,4.372147027740677,28.701538857381315,11.44991231731612,54.92808337558794,32.96161321438254,11.274613184462996,64.74051819040992,167.1,167.1,167.1,133.49,133.49,133.49,0,0,0,1.0425171076369624,0.9816346526583467,1.083173466189436,0,0,0,10.747811551425167,5.9950287149927695,15.371405123570039,13.29352662172199,7.415004760683249,19.012259588451432,4.292942782962601,2.3945633148237615,6.139720851401995,29.9816957151017,12.475481445580606,56.64522478168976,34.143739473763965,11.741540307701227,67.86696891265807,CIP
MSM,cip+cro,0.7,0.15,0.05,302.4514089191357,301.5349471225369,303.826681443013,303.6833457081655,302.46821755217803,305.26849419114757,341.41756086952773,321.4658098391361,371.514617064837,368.7146692727539,342.16737053190553,402.9482911704875,167.1,167.1,167.1,133.49,133.49,133.49,0.16696815106579807,0.06502945448421103,0.27049993722633703,0.6103595445392259,0.5603189247151535,0.6544394931551318,5.434202461906675,4.370872714974811,6.5566361714822206,0.9898349872246367,0.2736100186126435,1.9214653536782285,1.2242862363955147,0.33841699298446426,2.3765815682217557,0.22839224031576869,0.00710312959225358,0.4970755373286877,27.284880743609286,10.319221922631323,54.61848089300405,29.93309432761252,9.273311786904069,60.97023302695017,167.1,167.1,167.1,133.49,133.49,133.49,0,0,0,1.0444880454433716,0.9807804849798987,1.0891491712707184,0,0,0,10.725414137763265,5.766586688449056,15.423904790421442,13.265824180778768,7.132454201730065,19.07719426985902,4.283996699857511,2.3033178976070676,6.160690521817159,30.070395576034606,12.23932888308068,57.950314241961365,34.21758437415209,10.803452949467644,67.9587264410178,CIP+CRO
MSM,cip+cro+nda,0.7,0.15,0.05,302.3997793914579,301.4626583838541,303.84171829926794,303.7081297381805,302.4910429179512,305.27414804011056,340.2943543788188,319.94176807442034,371.37189565227555,369.2812785702062,342.48437956737155,404.21181095167,167.1,167.1,167.1,133.49,133.49,133.49,0.16840122938574179,0.06396838534015026,0.2716048907360597,0.6082362647553751,0.5586746924225079,0.6559162333985381,5.036623526704648,4.030297221309382,6.097824653922209,0.5964618623349178,0.13430970575787987,1.261754455665044,0.7377391767480056,0.1661221580323755,1.5606122573144232,0.4448361758242021,0.1654539416720973,0.7691437279052084,27.225318847256442,9.962062202268386,54.38575844970008,30.024711796502235,9.569909179120964,60.23131540305243,167.1,167.1,167.1,133.49,133.49,133.49,0,0,0,1.0426890013345946,0.9803222364919231,1.0876648815996701,0,0,0,10.827763978286775,6.071516449979385,15.718678139367812,13.39241649431332,7.509609298213018,19.441787316810363,4.324877767329755,2.425114415233816,6.278430316091958,30.225370417928087,12.14748396624224,57.84604782012161,34.45901209167876,11.293134140998237,69.35924276792032,CIP+CRO+NDA
MSW,cip,0.1,0,0,305.7310452783739,302.4169326506801,310.72461267058424,305.738459063338,302.43591628748277,310.7344150116673,511.4207749575467,376.3088951114728,719.1232058784603,511.6999196308594,376.0603060184498,718.8566759267211,167.1,167.1,167.1,133.49,133.49,133.49,0.48310906221478095,0.19166888398347434,0.7889613116252165,0.12140277842786844,0.09288206333245279,0.1531801178343949,0,0,0,0.09099895136859969,0,0.5110704607616283,0.11255286499760578,0,0.6321220597517333,8.069087395681876e-4,0,0.004531779928466242,205.42390257622296,69.35947798940246,411.9210873529285,209.81326773859814,74.13624489858263,416.97750866125716,167.1,167.1,167.1,133.49,133.49,133.49,0,0,0,1.0428917620881974,0.977420355615518,1.0880651611731436,0,0,0,0,0,0,0,0,0,0,0,0,205.49299918687802,69.52000666959299,412.0237168661809,209.75442544558388,74.10783006944953,416.97750866125716,CIP
MSW,cip+cro,0.1,0,0,305.7425815034458,302.41713449318394,310.9711785382892,305.7468236435218,302.43523908536855,310.9676036078319,511.52622856663424,375.90564874118013,721.1793089058314,511.6820908386821,375.77142492485893,721.546998375407,167.1,167.1,167.1,133.49,133.49,133.49,0.4889545766385247,0.19589102290070456,0.7795732749861688,0.1199973338161574,0.09012820512820516,0.15114149616196682,0.10849876602708086,0,0.33482142857142755,0.0836888448751251,0,0.5110439069454963,0.1035112945519701,0,0.6320892164273093,7.42088335288296e-4,0,0.004531544469639716,205.5762076900799,70.13088236595847,414.11398238872204,209.77901964701294,73.87718435742924,419.65473215162234,167.1,167.1,167.1,133.49,133.49,133.49,0,0,0,1.0442829156300004,0.9798047385620915,1.0868279292797494,0,0,0,0,0,0,0,0,0,0,0,0,205.61313626718965,70.22958099559581,414.1827652452657,209.7280878254026,73.87718435742924,419.65473215162234,CIP+CRO
MSW,cip+cro+nda,0.1,0,0,305.8568026417479,302.49737669042395,311.17214536161094,305.86152262808537,302.5010564863099,311.15908487685925,516.9054529798402,379.23989354833856,726.9606414154496,517.0798341954452,379.16131322715256,726.8835858189757,167.1,167.1,167.1,133.49,133.49,133.49,0.47807864965592967,0.19257473956504373,0.7919746963308876,0.11961921950849237,0.08905859762577983,0.15199876791946915,0.10293628604400962,0,0.32258064516129026,0.08074669017109182,0,0.5130327868852448,0.09987226425299682,0,0.6345491803278702,0.0034040534347804362,0,0.009327473824364088,210.80020721507543,74.0041382094758,420.27275179661564,215.20013376534376,77.3109609564544,424.96085173467327,167.1,167.1,167.1,133.49,133.49,133.49,0,0,0,1.0427510718223072,0.9780949045429435,1.0864742149995101,0,0,0,0,0,0,0,0,0,0,0,0,210.8389004192154,74.18808360763,420.3769431294437,215.13580243555612,77.11341254688041,424.96085173467327,CIP+CRO+NDA
MSW,cip,0.1,0,0.05,305.8759461177724,302.5230502623643,311.58713090430126,305.88364801414724,302.5250568544145,311.5941566057921,517.5886867238198,380.04706589115307,744.44769631487,517.8813598065199,380.479016029911,744.0866727014939,167.1,167.1,167.1,133.49,133.49,133.49,0.48514173878120237,0.19132246187941623,0.7900122860120478,0.12177106119338434,0.09250000000000005,0.15437037001533746,0,0,0,0.08052132655445864,0,0.49972055888223543,0.09959352125281075,0,0.6180838323353292,7.14001218049601e-4,0,0.004431137724550874,211.70890894002702,74.64658464935013,435.50018834015987,215.99792090329552,78.6677082120983,442.36283878840715,167.1,167.1,167.1,133.49,133.49,133.49,0,0,0,1.043220593127339,0.9752830031594227,1.0890180591467358,0,0,0,0,0,0,0,0,0,0,0,0,211.7651910441221,74.63709411731483,435.62439264772524,215.93885112030745,78.66336333694092,442.36283878840715,CIP
MSW,cip+cro,0.1,0,0.05,305.7880676186163,302.4217933916121,311.0263389108253,305.7909787249469,302.4229535143297,311.03616306489863,513.9904336352663,375.73606746133225,714.5165710793668,514.0914753056069,375.49696314902144,714.5991637917418,167.1,167.1,167.1,133.49,133.49,133.49,0.4870947640581272,0.193250574311342,0.7922586719543984,0.11922893569818793,0.0906844006756063,0.152498344556678,0.11448096861317152,0,0.33558927980256936,0.09687474861208188,0,0.5162328491096523,0.11982039724883076,0,0.6385072058447647,0.005683803375627786,0,0.10284740971079046,207.87650270226246,70.75028219358194,409.65781874899636,212.2053307925771,73.54687648020739,412.6415537089891,167.1,167.1,167.1,133.49,133.49,133.49,0,0,0,1.0425792438823402,0.9779528885404223,1.0856794633692306,0,0,0,0,0,0,0,0,0,0,0,0,207.90048116139388,70.82469557957656,409.72971342663357,212.14846834978397,73.45566216755105,412.6415537089891,CIP+CRO
MSW,cip+cro+nda,0.1,0,0.05,305.94842693630056,302.4558572468751,311.148433852387,305.95269733227593,302.46956176906446,311.1516391396823,520.5169142195647,375.10149443982885,733.0660110807883,520.6718552195755,375.37760368806755,733.3298321799675,167.1,167.1,167.1,133.49,133.49,133.49,0.47799897806411196,0.18581218380167489,0.7823647315152965,0.12012768295599158,0.09036000533025364,0.15105154639175258,0.10115543771155264,0,0.3144654088050292,0.08636789337772692,0,0.5130855680361587,0.10682489959796657,0,0.6346144631653526,0.00710814851203032,0,0.10461902664611271,214.4769679371707,70.54396498356627,426.53757726384174,218.78720361505233,73.4371922694864,431.53070989001446,167.1,167.1,167.1,133.49,133.49,133.49,0,0,0,1.0428361198550187,0.9756513736263738,1.0857190286921468,0,0,0,0,0,0,0,0,0,0,0,0,214.51185535297563,70.52116741818729,424.81050383027457,218.72652837780961,73.40346626172861,431.53070989001446,CIP+CRO+NDA
MSW,cip,0.1,0.025,0,305.9512880543047,302.43176699296885,311.4166097807014,306.12900597634484,302.5949625616186,311.61263182270545,520.727233301657,376.39309194866377,734.363295885727,528.0052525745016,384.2578397970957,748.8075510872558,167.1,167.1,167.1,133.49,133.49,133.49,0.4782669682468416,0.19324542829544714,0.7844080858217436,0.12209755420923789,0.09196003577754985,0.15263887499999998,0,0,0,0.3076843583647495,0,1.021982251589163,0.38056214415732686,0,1.2640478671796536,0.09112576466672366,0,0.31864404437873944,213.95333118349288,69.90128160179948,428.18490958586113,218.4437139625059,74.535296678915,432.63887323541576,167.1,167.1,167.1,133.49,133.49,133.49,0,0,0,1.0412434329861051,0.9831554758223344,1.0869305037313433,0,0,0,2.0468742620631213,0.5681775695931467,3.7769827586206826,2.5316946956002004,0.7027554968853434,4.671594827586208,0.81757240056843,0.22694422814872534,1.5086206896551713,215.7238614802996,71.3550517621868,431.45155239186624,219.7885157617615,75.01179405330669,438.86850823660063,CIP
MSW,cip+cro,0.1,0.025,0,305.8525723568871,302.37555534539985,311.23779816475485,306.0463123543616,302.5625737242552,311.4481147508282,516.0275213781734,376.175888198215,735.7082240547918,523.950460461954,381.3736561701113,744.8371350272939,167.1,167.1,167.1,133.49,133.49,133.49,0.49054667563653204,0.19011324365161603,0.7905298999271759,0.11665842019216158,0.08692427115870899,0.14804221991701244,0.24366377999584035,0,0.6316122584943378,0.09136090788204641,0,0.5007450861723439,0.11300055414105492,0,0.6193510280561171,0.0026144849846477577,0,0.0047138782882674805,209.92481523852442,71.32195285956789,428.46691823503494,214.08401873627355,74.2895800402482,434.43099395449383,167.1,167.1,167.1,133.49,133.49,133.49,0,0,0,1.0438612449113822,0.9822592876730218,1.0877577310309243,0,0,0,2.108498428146109,0.5596056068534645,3.9583391579526723,2.607915095301663,0.692153188281852,4.895907108370438,0.842186622522012,0.2235203734036849,1.5810589383099025,211.8150151422957,72.17799943790827,431.4630627225078,215.58183364916962,74.45154703066157,437.6282597341949,CIP+CRO
MSW,cip+cro+nda,0.1,0.025,0,305.8153219483363,302.44178967013875,310.7884389049863,306.0096448913104,302.61994639755153,311.03234823975566,514.6586749406688,376.8581889351443,726.5025955043068,522.601316640968,384.6225682903188,731.7433466882744,167.1,167.1,167.1,133.49,133.49,133.49,0.47766365634571556,0.18741860718769573,0.7800153252603106,0.11757305911452556,0.0861201881370636,0.1484633315354189,0.2472317306721139,0,0.6012024048096195,0.08784527952497645,0,0.5248637316561855,0.10865221783713136,0,0.6491823899371064,0.005663040254840004,0,0.10310345563595258,208.54544945300455,70.95033312869712,417.9626796072656,212.74585420359844,74.86226324936924,424.3596423020429,167.1,167.1,167.1,133.49,133.49,133.49,0,0,0,1.044331877566284,0.9784911126720321,1.0890223571324706,0,0,0,2.0967371171116285,0.7390718388819826,3.856482831283273,2.5933680128007146,0.9141275987705486,4.769925201850046,0.8374888628821011,0.2952036423078698,1.5403749925240704,210.44514998353844,72.56718042550256,419.74554932501815,214.23510141402738,76.03229362840366,424.7850060530987,CIP+CRO+NDA
MSW,cip,0.1,0.025,0.05,305.80425327661976,302.5403933550461,310.50913547041125,305.97600265373,302.66741257073267,310.5714276628275,514.1817949336765,378.96700751083375,704.5495067466836,521.1899505352128,384.86431037944647,711.603366171127,167.1,167.1,167.1,133.49,133.49,133.49,0.49786279637469866,0.19388850102175753,0.7921062691236417,0.12297848500209196,0.09248221153846148,0.15177790313308429,0,0,0,0.3304249373915269,0,1.0219297942489878,0.40868903224420927,0,1.2639829848503785,0.09928907857347209,0,0.3240269039346418,207.4362984491751,73.50282702919633,398.1215471805403,211.7946563531917,77.1232572742198,402.36344097789816,167.1,167.1,167.1,133.49,133.49,133.49,0,0,0,1.0428468891122729,0.9808011509537784,1.0857785784589427,0,0,0,2.000403631488316,0.701911185311758,3.71111905750947,2.4742170815093143,0.8681651128121078,4.590130721155054,0.7990108769325435,0.28036075463802507,1.4823130921510859,209.13605187565824,74.33160711716823,400.7332419958655,213.02742708703067,77.49601741485118,403.0170203347945,CIP
MSW,cip+cro,0.1,0.025,0.05,305.78799805517656,302.4212255137975,310.9564901553385,305.9717231790202,302.58577641628665,311.0716991551421,514.0268906957817,375.4679329684218,724.8893782384876,521.5630583544042,381.5077213049973,734.1276615448918,167.1,167.1,167.1,133.49,133.49,133.49,0.486802311491142,0.18823593227385987,0.7882780637393283,0.11725541804597699,0.08591601772346504,0.15090244073352652,0.23230766007563566,0,0.5758712125414659,0.11755357750438063,0,0.5304237288135591,0.14539719128457637,0,0.6560593220338977,0.01123224558506491,0,0.1070663811563165,207.8138648881832,70.16276058775213,419.6516080831063,212.02802817760764,73.76476241944975,422.2932307709352,167.1,167.1,167.1,133.49,133.49,133.49,0,0,0,1.0437434783825899,0.9816419364770106,1.0866276389866294,0,0,0,2.0393160905401424,0.5360456299110151,3.8640295004306657,2.5223463037093006,0.6630128205713558,4.779259366925068,0.8145534792060002,0.21410993365993453,1.543389319552108,209.54844723522365,70.84127749529031,421.361454785237,213.40865419354438,74.89238752560158,424.5236827996015,CIP+CRO
MSW,cip+cro+nda,0.1,0.025,0.05,305.7107959160671,302.4314497123509,310.867232221995,305.9041233985533,302.6205874916702,311.0587006617805,509.87094870382606,376.74301369425007,720.3218134910226,517.766125265463,382.71515123710213,730.4796028505028,167.1,167.1,167.1,133.49,133.49,133.49,0.48865606644853765,0.1898910941637395,0.7879079217575766,0.11712332284454961,0.08737159702640344,0.14817263210194745,0.23030246603054727,0,0.5342741935483871,0.08168482621449788,0,0.5007199999999992,0.101032606189413,0,0.6193199999999998,0.01807305396111234,0,0.10870849591229977,203.7537758432577,70.68867467279574,414.71500469154495,207.9437619903007,74.85341085398674,418.12702104573594,167.1,167.1,167.1,133.49,133.49,133.49,0,0,0,1.044236002328568,0.9810306415576123,1.0884947798119744,0,0,0,2.0868404419096946,0.7450088229078602,3.8080158966839806,2.5811272217676793,0.9214708104395614,4.709978441313152,0.8335358850893493,0.297575021132711,1.5210160954960772,205.64628905438735,70.77668453321125,420.8705515859332,209.4529882776919,75.40765497551132,423.33123440187813,CIP+CRO+NDA
MSW,cip,0.1,0.05,0,305.8744010149809,302.4408696229826,311.1041021393642,306.224866435965,302.74937436992286,311.4172021329305,516.8453320989975,376.4898423620169,723.838903795861,531.1768892658672,389.9436197398891,739.9163742668159,167.1,167.1,167.1,133.49,133.49,133.49,0.48995930944534943,0.19019926445514174,0.7837963102516508,0.12269894116994681,0.08993459682501322,0.15511963682538624,0,0,0,0.5687984447668789,0,1.4729237382526925,0.7035234318841338,0,1.821798868778281,0.19567763486460527,0,0.5286823964149548,209.5280448670877,69.11921033808414,416.66928896013775,213.73394558575134,73.55593288903822,419.6674901432794,167.1,167.1,167.1,133.49,133.49,133.49,0,0,0,1.0448498728594002,0.9828479822957361,1.090569157894737,0,0,0,4.16793702956976,1.8099003246753238,6.655929223402665,5.155150106153427,2.238591366587962,8.232445451824853,1.6647775321815625,0.7229191263282183,2.6585433868839523,212.99296667644435,71.98336599999146,420.4910169811484,216.45340803040324,75.31527324837015,423.61671908861916,CIP
MSW,cip+cro,0.1,0.05,0,305.8765471242994,302.4324822526896,311.3651612068733,306.2494395491532,302.7520161931918,311.7152086544831,516.7505288860979,376.5935637684121,741.2524824176328,531.98733413025,390.5882339579858,761.1214983710851,167.1,167.1,167.1,133.49,133.49,133.49,0.48851029243717664,0.18579229050045246,0.7864373279366421,0.11442864217880722,0.08377150718778079,0.14599617902523263,0.370399226538904,0.09559773327689652,0.7767368063163459,0.08656218872511134,0,0.5109648971244974,0.10706521553210575,0,0.6319914924251882,0.0037454315718037337,0,0.0982366613554447,210.4003911683181,70.60957556737524,436.4430563029313,214.670241071675,74.14369373122149,439.58245638985886,167.1,167.1,167.1,133.49,133.49,133.49,0,0,0,1.0428092798857505,0.9798113472784525,1.0863904210620419,0,0,0,4.064847235426446,1.8446610061919522,6.666955960070464,5.027642574381503,2.2815854256965937,8.246083969465646,1.623600908861817,0.7368034055727548,2.6629477392836165,214.00824988702678,71.8365552284575,442.1247798723255,217.58159778933958,75.57312671312268,444.4115670478016,CIP+CRO
MSW,cip+cro+nda,0.1,0.05,0,305.77088779436656,302.4425578055008,311.16813717178434,306.15340536131964,302.7660134431772,311.46709293524526,512.7639717331449,374.66674994930685,732.2081543743396,528.425316908565,387.734006186393,747.2323869956576,167.1,167.1,167.1,133.49,133.49,133.49,0.5019558278735444,0.19362359914878524,0.7877853581018653,0.11301950148317735,0.08289369719542065,0.14530907153644657,0.3629466935741425,0,0.8097165991902838,0.08523781855048079,0,0.515144032921811,0.10542715646405938,0,0.6371604938271569,0.011898830001703584,0,0.10775862068965546,206.52040291868232,68.47377921578352,425.631031506013,210.6678166536543,72.79062056573525,430.0385270342361,167.1,167.1,167.1,133.49,133.49,133.49,0,0,0,1.0434993720588615,0.9795215738928589,1.0872085598512136,0,0,0,4.203009540671178,1.7592077233235746,6.773449453072811,5.198529854466517,2.1758917702683203,8.377801396543097,1.678786363904449,0.7026712427398839,2.705483884435539,210.24709244331078,71.30494026469216,430.05245155363775,213.59799660290977,74.33050574321278,435.38363617225116,CIP+CRO+NDA
MSW,cip,0.1,0.05,0.05,305.81259159807485,302.41822806664277,311.05779643687674,306.15742242680204,302.7609203623404,311.40466004192757,514.4585100174843,376.61902532996936,726.0225782254299,528.5628843956592,389.51321056675124,739.5226735143207,167.1,167.1,167.1,133.49,133.49,133.49,0.4892133827663692,0.19125106658999616,0.791546349200705,0.1225166245847823,0.09230769230769235,0.1548850654069767,0,0,0,0.5764708669572376,0,1.4333587786259538,0.7130131357324583,0,1.7728625954198476,0.19878498000290992,0,0.5274847046413493,207.25514119609392,71.47735410181616,415.50498858900386,211.3468432244834,74.40480567767182,422.9209918173496,167.1,167.1,167.1,133.49,133.49,133.49,0,0,0,1.0454040590665008,0.9814199240719911,1.0887027449766904,0,0,0,4.1299998245148135,1.8403094642421272,6.676438028747436,5.10822713556182,2.2762031822064914,8.257811950718684,1.649624470568307,0.7350652916768374,2.6667351129363444,210.60311932179826,74.42501323556881,421.5662870729884,214.0148234757513,75.79751915078653,424.63433332062607,CIP
MSW,cip+cro,0.1,0.05,0.05,305.63935701041396,302.3792421721284,310.56564600916187,306.01174469077,302.69075905974813,310.9967571897781,507.85222676258877,374.38369693670353,711.7308501449479,523.1212139628873,384.9378657360275,727.1892535246872,167.1,167.1,167.1,133.49,133.49,133.49,0.4762162265409103,0.19700317697100428,0.7779523867523422,0.1134531834064297,0.0849857382550336,0.1437714285714286,0.36704456472865643,0,0.7575757575757578,0.11959055946110919,0,0.5407636017690003,0.14791665059405298,0,0.6688482861630809,0.017695731659687214,0,0.11038909195932384,201.58772155887831,67.2399820472382,404.4164623952811,205.66206807553806,72.37849003597186,410.03408520949665,167.1,167.1,167.1,133.49,133.49,133.49,0,0,0,1.0435037790013788,0.9786362711458666,1.0883812635861991,0,0,0,4.093481630745873,1.5811380053073885,6.44644404396781,5.063059281741361,1.9556446505970861,7.973341838373023,1.6350381972942454,0.6315457762052188,2.574869805067824,205.22021248449292,68.89720923819041,408.39894809565743,208.6662623921921,74.31546129468376,412.50474470663056,CIP+CRO
MSW,cip+cro+nda,0.1,0.05,0.05,305.92135980804073,302.3963297152606,311.0377616770677,306.3025127645416,302.7046899466845,311.5045130396691,518.8412119539772,376.00476421620226,727.7675269750606,534.442680034871,389.9548284537923,746.3599262241022,167.1,167.1,167.1,133.49,133.49,133.49,0.48994663820311263,0.19337450072103304,0.7933378124780046,0.11275640187177503,0.08286573906524666,0.14316004158512724,0.34822446900975373,0,0.7446808510638303,0.08123718542932858,0,0.5226995702343631,0.10047893768991008,0,0.6465056275713883,0.028564357543820106,0,0.1203549180904155,212.48721717866513,69.68256165478486,421.5847580532768,216.76405832045012,73.68096113954186,426.2377207874564,167.1,167.1,167.1,133.49,133.49,133.49,0,0,0,1.042970266447015,0.978660625880086,1.0888413875788951,0,0,0,4.111400378114553,1.7180728041901667,6.866568850831471,5.085222244315994,2.125013678485095,8.4929769545793,1.6421953898843873,0.6862409347300558,2.742678083891784,216.30841021448535,72.49279005090162,425.50060970386227,219.8720651848623,75.8926534004135,430.44078729554906,CIP+CRO+NDA
MSW,cip,0.1,0.075,0,305.7726181121461,302.582351351522,310.748069635763,306.28738105899635,303.0270097332119,311.30596398084487,512.9284943435603,383.07807663741437,715.3642097438777,533.9922815880749,401.0564642047326,736.54344676323,167.1,167.1,167.1,133.49,133.49,133.49,0.49803855777425887,0.18630309464776024,0.8001734884454198,0.12098477887349318,0.08992754357616144,0.1511489361702128,0,0,0,0.80076018825148,0,1.8408823529411755,0.990427384142648,0,2.27691176470588,0.29233672547917844,0,0.707178492239468,204.86878269057345,74.84895327988934,404.9127508129166,209.10630194880977,78.45370410137825,409.95530703438834,167.1,167.1,167.1,133.49,133.49,133.49,0,0,0,1.0428736799749474,0.9842881404436727,1.087348092190033,0,0,0,6.2035084934875915,2.833518545133149,9.629776643990937,7.672864835011054,3.50466269646082,11.910675170068044,2.4778353145420953,1.1317776582254175,3.846371882086168,209.86073086314977,77.58221418831131,413.25965738778416,213.06106883456903,82.36804912024218,416.7843029179506,CIP
MSW,cip+cro,0.1,0.075,0,305.79392322878556,302.4246935753807,310.90350159241837,306.35774840716226,302.9368450793421,311.55293522481196,513.9374006717468,374.90647937697656,718.7091368292537,537.0942687843525,397.5722418171713,742.340215286139,167.1,167.1,167.1,133.49,133.49,133.49,0.4957829059266296,0.18646977760650532,0.779462928028854,0.11014942650572257,0.08187689026430252,0.1393212265612893,0.5235207576605162,0.10309278350515495,1.0242707030846745,0.09002745842934479,0,0.5141126870653441,0.11135126528691049,0,0.6358848645017356,0.007139247718336487,0,0.10431353214926113,207.31981889174074,69.8015296072158,412.2325795054465,211.6243877469687,72.46213715532744,416.16797266259096,167.1,167.1,167.1,133.49,133.49,133.49,0,0,0,1.041749911645862,0.9712428773100616,1.0872726357694809,0,0,0,6.189042976650227,2.888417432150312,9.452923988953373,7.654973031432775,3.5725648747390406,11.691933385601954,2.472057427963823,1.1537056367432146,3.7757325407227134,212.88772169763914,73.58845081414005,419.1040274817366,216.18294911976534,75.03400598062028,422.15160644871304,CIP+CRO
MSW,cip+cro+nda,0.1,0.075,0,305.72963097322577,302.4894016535918,310.9299984417462,306.29471073082544,303.0298012080627,311.61002226297,511.02088162520346,378.19825112879926,718.8187095841977,534.1630591554696,399.79479382723497,742.1572691461213,167.1,167.1,167.1,133.49,133.49,133.49,0.47917082548492257,0.1937876989196623,0.7786039037101243,0.11055228737235588,0.08204082889829445,0.14056814373333557,0.4947110950013643,0.10162601626016265,0.984546067697711,0.08692636988792851,0,0.5037678449730654,0.10751565625297951,0,0.623089754251314,0.01634883395116292,0,0.1082882975936612,204.74217956183,72.45746251470239,414.2265115781059,208.77002872052512,76.46943047989957,416.67233042587543,167.1,167.1,167.1,133.49,133.49,133.49,0,0,0,1.0437693823360208,0.9827359559360969,1.087710843373494,0,0,0,6.1327688461032634,2.962641548365793,9.428276545354068,7.585369870923217,3.6643696351931307,11.661447975053292,2.4495801430353343,1.1833525916143963,3.765887739796319,210.43794395857532,76.7849768089435,423.26433815948087,213.2529186100725,79.08088655045168,424.9251321652984,CIP+CRO+NDA
MSW,cip,0.1,0.075,0.05,305.8558665386502,302.5249145322587,310.7304007448572,306.3748148272316,302.961655872715,311.324799022029,516.2134457965029,381.3581457300395,709.8576484428968,537.4518589945546,400.8050537506578,738.6849429190659,167.1,167.1,167.1,133.49,133.49,133.49,0.4792096167478135,0.19246761461599676,0.7877564248259176,0.12255220253971816,0.09176602199853884,0.15401818181818186,0,0,0,0.8099370336734931,0,1.8863992180619098,1.0017778472892394,0,2.3332097054843004,0.2953924553152571,0,0.7151815042426936,208.09762297601415,73.9170183783744,402.5268972864922,212.42035990278157,78.14164089657717,405.1177193516527,167.1,167.1,167.1,133.49,133.49,133.49,0,0,0,1.0425921370010411,0.9760649243023947,1.0889263746979017,0,0,0,6.254184701860451,2.939504212022998,9.59141782183648,7.735544155528468,3.635752014279603,11.86323071860474,2.498076650367651,1.1741109650195711,3.8310504161353554,213.14564668302364,76.6890649196383,411.3169591452233,216.43513912818742,80.08758369110512,411.2057455446726,CIP
MSW,cip+cro,0.1,0.075,0.05,305.8668034736763,302.41564556848044,311.52045028255725,306.43325775921727,302.9774401567583,312.2241707637886,516.8589673550393,376.43070033695216,746.0544891270989,540.0739167535143,398.50129749219616,771.8229717054181,167.1,167.1,167.1,133.49,133.49,133.49,0.48992912402697186,0.19223929993113847,0.7928544849311057,0.11097231741332537,0.08262778468564197,0.14056152442059847,0.5101794926342219,0.10437869693806551,1.0205653103130383,0.13557848404974607,0,0.5503024913276582,0.16769145778416827,0,0.6806465468306543,0.02336150016416624,0,0.11383234700245085,210.26831049642465,70.88653475590564,440.8602774714271,214.43146766060138,74.11165620962934,443.89875194665086,167.1,167.1,167.1,133.49,133.49,133.49,0,0,0,1.0427531974592081,0.9786376646609206,1.0905116390723066,0,0,0,6.214300057011288,2.96114132588266,9.494690618762467,7.686212476650085,3.662514071628146,11.743592814371256,2.482145732949068,1.1827533655067286,3.792415169660683,215.96574663790003,75.50558502301318,448.31215722739756,219.02975671025035,76.613108917444535,450.2296698719385,CIP+CRO
MSW,cip+cro+nda,0.1,0.075,0.05,305.72179961624744,302.44981552773794,311.00526042602155,306.2886685735599,302.9620664060056,311.6110476878673,511.01749168981763,376.15182442625195,726.605729785341,534.2342512188219,397.60469404085836,751.9738465251596,167.1,167.1,167.1,133.49,133.49,133.49,0.4829590446672641,0.1907993816826694,0.7813892567013375,0.11021935149657776,0.08188285159620368,0.1390260714970955,0.4658469611064733,0.10224948875255686,0.9395556781029638,0.09315388637207707,0,0.5109387755102074,0.11521821558546662,0,0.6319591836734666,0.04492758752524498,0,0.20492855219308573,204.55588311153096,71.29413075887706,419.0664237155876,208.74004617529002,74.03403551229215,424.61757805858645,167.1,167.1,167.1,133.49,133.49,133.49,0,0,0,1.0434932500217555,0.9851042467948721,1.0876748411259638,0,0,0,6.2345416430510205,2.8563632052872463,9.502113703688213,7.711248462962051,3.53291831821876,11.752774123198959,2.4902307249764424,1.1409023826838345,3.795380134082209,210.0359084312228,74.36893692564024,429.0806458277378,213.2287583900226,76.77980323406042,431.9509324682929,CIP+CRO+NDA
MSW,cip,0.1,0.1,0,305.9980125347156,302.5001788544147,311.2458163467488,306.6790866175368,303.0736026522763,311.9647865793096,522.6265463196756,378.81244344443684,737.0957522764393,550.5811829603829,407.00980120427204,767.5729479799852,167.1,167.1,167.1,133.49,133.49,133.49,0.48269264241698423,0.1903526648030029,0.778867187348289,0.12150346987876887,0.09211618257261417,0.15208817781515938,0,0,0,1.0264184368196125,0.22191000000000077,2.304401416735186,1.2695348024666933,0.2744713636363628,2.8502194548099387,0.38181264954784866,0.0021430693069306953,0.8314034045922416,213.88571781149258,72.23814032532648,429.987485605658,218.1490797267901,74.1612805601608,432.78882653333346,167.1,167.1,167.1,133.49,133.49,133.49,0,0,0,1.043100627254562,0.9781673827859055,1.0873029250434196,0,0,0,8.208402049481306,3.8510615720524055,12.437171854304635,10.152635319709143,4.763219868995629,15.38302698675496,3.278639578799051,1.5382096069869005,4.967715231788079,220.5524020379025,77.80625055764055,437.9073616730975,223.586707987538,76.99864966677802,438.8794710478966,CIP
MSW,cip+cro,0.1,0.1,0,305.8213592059905,302.5339824875991,310.43439792527784,306.579402239842,303.2334719616309,311.3738033196677,515.0892267329509,379.74178088998923,706.6205287900184,546.1846646683027,410.23114580020444,735.3620949275532,167.1,167.1,167.1,133.49,133.49,133.49,0.4919689847079006,0.1906877647684629,0.7858812840966587,0.10758361979285577,0.07961188969258583,0.14002586939934925,0.6485182080283222,0.20574023477028966,1.1582026875699882,0.09570840160951745,0,0.5183705703461243,0.11837779055121907,0,0.6411512654313052,0.00856567084803414,0,0.10582880515489229,208.4444886911518,75.09784879262125,397.4755446978666,212.6378967228763,77.76822257408462,403.49290895986536,167.1,167.1,167.1,133.49,133.49,133.49,0,0,0,1.0421784460771488,0.9734463744588746,1.088746932473855,0,0,0,8.412170579974653,4.209786248624866,12.545255647381754,10.404668244907139,5.2069116861686116,15.516711390670382,3.3600297890935664,1.6814931493149317,5.0108865822742334,215.74405229880344,80.01024752153378,407.044672942326,218.635831877709,81.64214249020792,410.941793066996,CIP+CRO
MSW,cip+cro+nda,0.1,0.1,0,305.8829820710135,302.49921204762285,311.4399436317137,306.6359865937577,303.1236781335099,312.380264926844,516.8552077610022,378.523646363857,742.1213988651593,547.6844864445488,407.00176750553663,777.8525036483632,167.1,167.1,167.1,133.49,133.49,133.49,0.4864646659314809,0.19080329474836139,0.7818279541632461,0.10754114870935887,0.07928571428571432,0.13904004794787683,0.6130979214469345,0.198402876001886,1.1483458287925141,0.09802948537358959,0,0.5260218682409679,0.12124864371619166,0,0.6506148415062234,0.022034254894759464,0,0.11087370437611971,210.1076072559421,71.12934686724378,437.09641995716623,214.42295778618106,76.37896333678265,439.0663454304706,167.1,167.1,167.1,133.49,133.49,133.49,0,0,0,1.0406629672194738,0.9742249968835147,1.088246689251617,0,0,0,8.292840512945144,4.123538146135901,12.153460834068845,10.257073786701524,5.100234951000284,15.032116479780155,3.312366397565563,1.6470435157916106,4.854394006258524,217.43589279861922,77.18201757035783,449.3834778364126,220.5567500880027,79.54465558548188,454.6698061645709,CIP+CRO+NDA
MSW,cip,0.1,0.1,0.05,305.94595112210175,302.51441976768075,311.2892431503026,306.6363297641504,303.132772376054,312.0583236416511,520.4181487301183,379.11089208579733,743.0654351494661,548.732463936682,405.4712610461915,779.7981402023178,167.1,167.1,167.1,133.49,133.49,133.49,0.4913330072239881,0.1900345334554846,0.7871851312943902,0.1206026563162235,0.09079048289844385,0.15436016780945513,0,0,0,1.0082331779123996,0,2.182025199868425,1.2470422027175017,0,2.698857338996867,0.3733111069148558,0,0.8179959100204522,211.82174794905998,70.79936922628303,433.5646154239392,215.99331237233773,75.59563837711026,437.743722574021,167.1,167.1,167.1,133.49,133.49,133.49,0,0,0,1.0440461874512972,0.9759159174385181,1.0880230470881735,0,0,0,8.337505890108357,4.103221660625809,12.35690868557724,10.312318557001733,5.0751063246101165,15.28375277031413,3.3302068581675814,1.6389286070561624,4.935656129404551,218.53815866736923,75.3582017660739,446.79488021648046,221.3021717851539,78.64942527798286,451.4791436765739,CIP
MSW,cip+cro,0.1,0.1,0.05,305.7788124947986,302.47388192373893,310.8674994640316,306.5216904805143,303.11591287647707,311.5837273498458,513.1019625139091,375.41003393220836,713.1410147386233,543.5203738964182,404.26786905633935,753.2180888963601,167.1,167.1,167.1,133.49,133.49,133.49,0.4849404866970292,0.1904523733276421,0.7851800988503337,0.10758759363392001,0.07927787972896672,0.13712269557307466,0.634829956276076,0.19683109464258178,1.124801996379364,0.1495827832311485,0,0.7210160855710648,0.1850128001891575,0,0.8917951791737335,0.03082322230150436,0,0.20366598778004022,206.2756754261866,70.53163140074031,405.721696643238,210.4844004516579,72.99463384302287,410.0369629292472,167.1,167.1,167.1,133.49,133.49,133.49,0,0,0,1.0419430471243185,0.9743445828595705,1.0873469387755104,0,0,0,8.239254428649287,4.029210347829084,12.060033639921954,10.19079536018349,4.9835647719633895,14.916560221034658,3.2909627850492442,1.6093666511539704,4.817076865282777,213.4946172720458,76.12912268681313,417.8625561095887,216.45763270487276,76.68727237483637,419.7169695995279,CIP+CRO
MSW,cip+cro+nda,0.1,0.1,0.05,305.8258926918489,302.49146770784824,311.1780309949612,306.58673177497354,303.1271323713013,311.88576357729494,515.4318528379497,378.22971877143675,720.1103081168148,546.6812193011576,406.2413104879633,753.4722136292853,167.1,167.1,167.1,133.49,133.49,133.49,0.4914186864448048,0.1905944174956615,0.7861098295135412,0.10757845349356877,0.0792857142857143,0.13698087475234735,0.621059760506444,0.19920318725099606,1.1472524818674952,0.09204074282651781,0,0.5119836400817974,0.11384141405839399,0,0.6332515337423288,0.05227817499978194,0,0.22647866774650532,208.92529900425038,72.53567326623444,416.2050423006531,212.93918411700966,75.87058726528676,418.9008677063023,167.1,167.1,167.1,133.49,133.49,133.49,0,0,0,1.043329030922085,0.977398843930636,1.0901872650375939,0,0,0,8.462381027666895,4.488226402870526,12.416639676113357,10.466771485170677,5.55130287551082,15.357631578947375,3.380085088539261,1.7927090601016655,4.959514170040485,216.33710249760696,75.94130854966075,426.23622654918125,218.91471899157088,79.51061726253944,429.5447392844523,CIP+CRO+NDA
MSW,cip,0.1,0.125,0,305.7652013435336,302.45279658788957,310.6804758314927,306.61327472420305,303.2114242148051,311.64538183673403,512.8101844771388,377.10319075443323,716.3495473570235,547.5299137996348,408.7289868436453,754.2369904591072,167.1,167.1,167.1,133.49,133.49,133.49,0.48150593864031166,0.19399371497412218,0.7931036346010139,0.12127541476967138,0.09209215297075556,0.15464099137799947,0,0,0,1.283716339205078,0.2543416650373929,2.6355074172773625,1.5877760089401043,0.31458475793049645,3.259750866089271,0.4873350635667583,0.0994035785288271,1.0062904683249096,203.3924289164643,66.72303694323534,407.19783290056165,207.5471219329825,70.41470561775995,410.4396551561377,167.1,167.1,167.1,133.49,133.49,133.49,0,0,0,1.0426841634465704,0.9773450456718763,1.0888227891401414,0,0,0,10.360886228848644,5.522069376076792,14.960907622785543,12.814954583900267,6.830020782057595,18.504532091675056,4.138395202447932,2.205651612109279,5.9757579576551905,211.45594571556052,72.84197874433383,418.8789741811344,214.09336554768922,74.29376115682832,420.9088674923629,CIP
MSW,cip+cro,0.1,0.125,0,305.8728277015264,302.64433430470353,311.0184750171919,306.80651943409805,303.44018098865365,311.930671111033,516.7228701802568,386.0224168568371,722.6266242952044,554.9709472455779,420.1570914898482,768.2511377671525,167.1,167.1,167.1,133.49,133.49,133.49,0.47490806145286035,0.1870972879395368,0.7914416315769357,0.10457705691923275,0.07654994220766713,0.13281141777547215,0.7706124941264465,0.2993862871865833,1.3375175003181916,0.09999509820065425,0,0.5248912980286463,0.12367982948080615,0,0.6492164856508633,0.009507049843308331,0,0.10639094078976676,209.9603160631944,79.41746669823041,417.80025269330594,214.11691283189882,83.58275028491332,419.71955789193754,167.1,167.1,167.1,133.49,133.49,133.49,0,0,0,1.0440508406098479,0.9833882773355991,1.0877110467417115,0,0,0,10.313325703262844,5.091587647943322,14.9726671442936,12.756128923439736,6.297575615362408,18.51907696078431,4.119398347684472,2.033706521785963,5.980455002513825,218.89326165616626,85.87948927095167,428.99588920032335,221.6214203189351,87.53716461247019,434.53966364329483,CIP+CRO
MSW,cip+cro+nda,0.1,0.125,0,305.86964084462426,302.4475317915973,310.9075882607923,306.8096653887446,303.28685345086745,311.93785365086376,516.7647660665897,378.26538994798966,731.3418097313671,555.315906085368,412.1762036843263,765.2059110494032,167.1,167.1,167.1,133.49,133.49,133.49,0.48090599090434105,0.1927741929186447,0.782196480553093,0.10538807521707794,0.07699413750290995,0.1335733334502996,0.7702096387088847,0.2796235309311646,1.3542272286821704,0.09934300284456914,0,0.527073684210526,0.12287327952088711,0,0.6519157894736793,0.028094778744365296,0,0.19805932689077302,210.0181960911235,72.33503865900556,422.81954071469147,214.1052685482108,75.85860354978469,429.1831458902177,167.1,167.1,167.1,133.49,133.49,133.49,0,0,0,1.043478696004732,0.9806097289257014,1.0897042409084272,0,0,0,10.271977080619811,5.161368707715843,14.817392561761567,12.704986510563712,6.383884941808956,18.327024207841006,4.102882681187015,2.0615788096005168,5.918434479054781,219.37850482553915,78.50878830896589,434.0243120829828,221.86177389153136,79.18892773085233,437.7121313039656,CIP+CRO+NDA
MSW,cip,0.1,0.125,0.05,305.7413072386584,302.516983058417,310.6096214032729,306.5949602203929,303.23267645085014,311.5202635231961,511.86604791179013,378.4871490073068,705.3145751462083,546.8144656149466,410.74158036094434,741.4779771055042,167.1,167.1,167.1,133.49,133.49,133.49,0.49492294571975204,0.19370100397032594,0.7895714693166122,0.12229839948621943,0.09096370389344266,0.15390925283156748,0,0,0,1.26319063708036,0.25390195736258814,2.603178230751761,1.5623886111132146,0.3140409015693379,3.2197642232568713,0.47847299146439287,0.101005009775171,1.0121970748371971,202.6050086779938,69.23826148800357,393.8451383597752,206.61419235794318,74.8794210206401,400.42479013734214,167.1,167.1,167.1,133.49,133.49,133.49,0,0,0,1.0429163654564733,0.9784565934065935,1.0898125557537914,0,0,0,10.245044021130358,5.395993330645362,14.990830966386552,12.671674115606432,6.6740825002701865,18.541543046218493,4.092124948526265,2.1552937093167284,5.987710084033613,211.11613559995118,75.33679191722125,405.46608371042817,213.25702265506058,80.32047346899056,413.48652798906176,CIP
MSW,cip+cro,0.1,0.125,0.05,305.9214911467552,302.4892822479316,311.5527619975072,306.85144436292245,303.3132251824608,312.59297950017134,519.4811849638759,380.73443819564676,748.1855732190406,557.6902009856151,414.5760171401944,790.6162368111998,167.1,167.1,167.1,133.49,133.49,133.49,0.4877819521937069,0.18751020017626197,0.7843619282627058,0.10476868815653673,0.07653120588828381,0.13310682277202726,0.76994008328487,0.21366382373845105,1.348972680358451,0.1700948632013627,0,0.7617831284321975,0.21038334933269692,0,0.9422182599069874,0.036227779087944084,0,0.20734968095430517,212.46651008928916,72.84377092768285,442.11996411807434,216.63975913317722,77.48480761224666,445.49337208545336,167.1,167.1,167.1,133.49,133.49,133.49,0,0,0,1.0427290454563112,0.9745627515856239,1.0884358442463844,0,0,0,10.340685297269433,4.986205450733754,14.712255852031534,12.789968881420567,6.1672327044025135,18.19698493026076,4.130326448821471,1.991614255765199,5.87644026682838,221.56675458330017,80.78035238141153,450.40326932140977,224.2802086566181,80.37384897057721,453.73181633376413,CIP+CRO
MSW,cip+cro+nda,0.1,0.125,0.05,305.79306340466184,302.4503696222027,310.79967006901387,306.731181780786,303.257616595209,311.87612752536586,513.4950055595257,376.8319779389318,708.9454920346195,551.8996818960037,410.5199217761698,755.4557155940904,167.1,167.1,167.1,133.49,133.49,133.49,0.48810057794499057,0.19197947284784875,0.7867392707748959,0.10561515197818318,0.07850512509307819,0.13526663877832493,0.7236400223223982,0.2118420582135441,1.2820512820512813,0.09495694530028574,0,0.5162596230603396,0.1174483451097879,0,0.6385403214445796,0.0595388017800188,0,0.2237641462269154,206.90137921113563,69.97754209724025,402.12356981825604,210.86871683889083,74.17891841362436,406.6906010128131,167.1,167.1,167.1,133.49,133.49,133.49,0,0,0,1.0450392196311864,0.9845538912933912,1.0871378131331737,0,0,0,10.311331600303557,5.066746651197134,15.15865862584839,12.75366249940086,6.266850806876914,18.749122184375334,4.118601853452451,2.0237844109271186,6.054744618089305,216.05428332275406,74.79617248231659,417.4230648069218,218.4351832776322,79.48985437178507,414.84478844359427,CIP+CRO+NDA
MSW,cip,0.1,0.15,0,305.94283058425265,302.6217007527166,311.0041692772643,306.96198076285884,303.5555483731366,312.13501210918014,519.7836299075645,385.4664394422803,723.6874097583591,561.4741828054816,420.79363980538596,770.4308131169188,167.1,167.1,167.1,133.49,133.49,133.49,0.4812274074076497,0.18870299119571785,0.7819682170782037,0.12178002208146385,0.090890573082035,0.15471528780052413,0,0,0,1.492695430329868,0.26571899430103835,2.9747218057520057,1.8462536625497166,0.32865690915185936,3.6793112093352174,0.5673859855149987,0.10244856139176996,1.1483287421218498,209.72499429203634,75.58420835329032,417.1580636270881,213.87290847075622,78.53519653280733,419.9387870308492,167.1,167.1,167.1,133.49,133.49,133.49,0,0,0,1.0428608117870033,0.9752227325079182,1.086336383307434,0,0,0,12.333717383637978,6.8259153017241365,17.601161137095307,15.255068401571084,8.442694249608149,21.770153210229005,4.926392947610632,2.726440047021942,7.030340764137768,219.6115619950339,80.92785575818365,425.7629295671164,221.8135806801522,81.93300002595714,429.7057411253049,CIP
MSW,cip+cro,0.1,0.15,0,305.8050791384752,302.4892278595717,310.7566707455145,306.93122726582175,303.5158123746338,312.1478339163472,513.9624711639337,377.744875116656,711.518345666968,560.1328004652759,423.5103113821513,758.7871427267983,167.1,167.1,167.1,133.49,133.49,133.49,0.493881424392006,0.19295677181681184,0.786577572002519,0.10151870372818286,0.07307983580001468,0.13111906874316775,0.9097481245405326,0.377287824182036,1.6068712121826751,0.0892084188386616,0,0.5141126870653496,0.11033822886076038,0,0.6358848645017395,0.01180252956105919,0,0.10661550307072701,207.0479314697543,71.03341843823965,401.83670352925077,211.1820260722841,74.75026286108952,408.14355470885397,167.1,167.1,167.1,133.49,133.49,133.49,0,0,0,1.0431393308035617,0.979257028316249,1.0890609579100146,0,0,0,12.437707515853697,6.60083399807037,17.433879942471002,15.383689524521714,8.164300430749599,21.563249971982643,4.967929188310312,2.6365369859683523,6.963524501705943,217.95170265691766,78.2560846466219,416.83877503338397,220.20115225692982,82.88138874037934,423.4001274248479,CIP+CRO
MSW,cip+cro+nda,0.1,0.15,0,305.84719119754277,302.56370932513533,311.65445400357237,306.96723750970375,303.48380480813535,312.68422880374237,515.7573208402235,380.94580864503155,749.1969260324514,561.6222699485285,421.1314475418055,798.0682796266482,167.1,167.1,167.1,133.49,133.49,133.49,0.4773894454983999,0.18989265546939432,0.7927213962408644,0.10133600062924193,0.07414665634772014,0.13004911200451988,0.9055985768701211,0.34823316218665107,1.545339330715582,0.08920014866913993,0,0.5151705867379348,0.11032799982779157,0,0.6371933371515833,0.02601723863890266,0,0.19269686161827307,208.88170921484692,74.0026945741095,439.25118681038384,212.9720326244166,78.60001755860286,446.24729952929624,167.1,167.1,167.1,133.49,133.49,133.49,0,0,0,1.042410560556202,0.9730538316430721,1.0894949250600934,0,0,0,12.264722391648728,5.803092156465699,17.699820133096065,15.169731330076472,7.177606315590229,21.892180469781643,4.8988346347854,2.3178990878997054,7.069747616670427,219.89434739736643,82.28141510976575,453.63971627659504,222.10498347165708,83.73157671725062,455.6136675551448,CIP+CRO+NDA
MSW,cip,0.1,0.15,0.05,305.92265035471195,302.5730908760942,310.9429602573742,306.94583859465297,303.489818265873,312.1857216851466,519.3087515641448,380.7893897654595,731.5344686549237,561.1977133663114,418.19900764235933,776.7261714132485,167.1,167.1,167.1,133.49,133.49,133.49,0.48844411892553863,0.1914533967918074,0.7954607691670732,0.12300811363953618,0.09289674654766812,0.15380291689898432,0,0,0,1.5294545389948138,0.26689411831420345,3.1234837724754065,1.8917194941090196,0.33011037177335145,3.8633087753024977,0.5810957711046707,0.10660413736787229,1.193021868787278,209.17363882627072,69.73323055931084,416.82900083190447,213.2944660576532,73.42202867061388,423.1582874581687,167.1,167.1,167.1,133.49,133.49,133.49,0,0,0,1.0439589360145085,0.9834570062240665,1.0900598802395212,0,0,0,12.35423904765266,5.773501048218041,17.50131942938466,15.280450804825543,7.141006289308184,21.646663103144487,4.934589809735045,2.306079664570228,6.990461507183513,219.2059364759834,74.78776066405912,429.49116060757274,221.48478548629762,78.21673578257425,438.647895743102,CIP
MSW,cip+cro,0.1,0.15,0.05,305.7254562534602,302.3960274054117,310.87839715011717,306.8394363250387,303.4246960112981,312.1336373180185,510.636861564508,374.11861449216434,719.9291604543333,556.2821542212146,417.9884639051135,777.30889784164,167.1,167.1,167.1,133.49,133.49,133.49,0.49518139562136426,0.19018709381766424,0.7896024421454858,0.1016831022433365,0.07270862653933158,0.13150978453692086,0.914485470093488,0.3809342748506257,1.5386597938144326,0.17593748783287202,0,0.7511176292585159,0.217609851742799,0,0.9290265420841695,0.04046045205432828,0,0.21154687236272857,203.54398555115557,67.56906280903905,411.6287939538304,207.5655728673669,71.08064236281209,416.9281352976927,167.1,167.1,167.1,133.49,133.49,133.49,0,0,0,1.0428816030578845,0.9775125925925927,1.0888134714021782,0,0,0,12.29952862436245,6.391493076090874,17.30609754115376,15.212781729589697,7.905375243418687,21.405201168691786,4.912737108309015,2.5529210241615568,6.912485038006776,214.56229076009046,77.85751904866731,428.1984153137345,216.63182432177678,76.39600171113884,433.55770018348016,CIP+CRO
MSW,cip+cro+nda,0.1,0.15,0.05,305.79547598678096,302.463707554869,311.1993321697779,306.9297733514623,303.46778035630916,312.51652906586594,513.5730590632938,377.32502344876184,729.5732695469001,560.0333838857543,418.674868256118,782.818684971808,167.1,167.1,167.1,133.49,133.49,133.49,0.4916398207003761,0.19211917782098112,0.789835588628512,0.10178956349560692,0.07316259007408905,0.13208906203399945,0.843314323374583,0.3164556962025317,1.4438273735064486,0.09757742938773584,0,0.5194190871369317,0.12068951423632489,0,0.6424481327800814,0.07260710160838638,0,0.2958064585115489,206.77031807456464,71.13529944354428,418.4795031153716,210.75624898355176,74.18972281552107,423.13214748230854,167.1,167.1,167.1,133.49,133.49,133.49,0,0,0,1.0439060803262654,0.9772073722910218,1.0852883687965287,0,0,0,12.425428750248043,6.595534989339021,17.60584234118852,15.368502423717086,8.157746304516383,21.77594319928278,4.963024744467185,2.634420430315953,7.032210553278688,218.00467849562963,77.97693683229758,437.71266186451084,220.0436954416856,80.84180957973125,440.56505719849235,CIP+CRO+NDA
MSW,cip,0.3,0,0,305.8257545689099,302.54844873391806,311.009593103771,305.81646075545757,302.53862612405044,310.98821223137236,514.3658130481546,379.747658264388,721.9192675999086,513.967734455551,379.00364741489835,720.218366355706,167.1,167.1,167.1,133.49,133.49,133.49,0.37950227883466137,0.1447091881275542,0.617465702514531,0.32438491089800386,0.2769144997330266,0.37296276348547724,0,0,0,0.2494145442289386,0,0.7993232824778287,0.3084906045931185,0,0.9886501344147796,0.0022116164251008296,0,0.007087784338955001,207.82234307857357,73.42434344247293,411.88482558442286,212.20559076379618,77.3217232117044,418.46091745974303,167.1,167.1,167.1,133.49,133.49,133.49,0,0,0,1.0423311192056546,0.9807098595996891,1.086153505916484,0,0,0,0,0,0,0,0,0,0,0,0,207.7091801107116,73.40923122566997,410.282835085661,212.022579517544,77.05787389472106,418.42099546691173,CIP
MSW,cip+cro,0.3,0,0,305.79169579469567,302.4472478592058,311.50396389569835,305.7727931830499,302.43419124972434,311.5040742623405,513.5990459163608,378.2982442754056,733.0868825991013,512.8192425123216,377.1131038077793,731.9550897730068,167.1,167.1,167.1,133.49,133.49,133.49,0.3771310116467338,0.14583340234534325,0.6221104042226322,0.318075471191922,0.27212620170852997,0.3614509186242347,0.2928174880052833,0,0.6745709810814762,0.2558845710573582,0,0.8111015118790498,0.31649311500887334,0,1.0032181425485962,0.0022689876487751045,0,0.007192224622030239,206.91881430295953,70.1811646941623,425.82126003330296,211.0644401292324,75.21392287766946,430.0775089379524,167.1,167.1,167.1,133.49,133.49,133.49,0,0,0,1.044303452921293,0.9896979197133666,1.0866879293211062,0,0,0,0,0,0,0,0,0,0,0,0,206.7244889387478,70.24280906941884,425.71758110855933,210.87499748151114,75.21392287766946,430.06854949989213,CIP+CRO
MSW,cip+cro+nda,0.3,0,0,305.82832595115235,302.44188401064247,311.1919355021986,305.8098470453241,302.4240685539137,311.1564016059392,515.2000957199608,376.5828354884568,726.4338818381732,514.4366579486592,375.6845625298292,723.3162378583165,167.1,167.1,167.1,133.49,133.49,133.49,0.3714166323870842,0.1475186946131164,0.6131271470490505,0.31854524616678326,0.2722959183673469,0.36763004658385096,0.29102052471870826,0,0.6903979392432037,0.251393971692673,0,0.8548811932849374,0.31093887711436785,0,1.0573674321481583,0.009154972340414656,0,0.1063829787234047,208.49428999643527,70.0886075062844,419.967233529279,212.67448304993442,73.81928158121268,422.1519050396188,167.1,167.1,167.1,133.49,133.49,133.49,0,0,0,1.0425558588728259,0.9781015703290977,1.086655403869553,0,0,0,0,0,0,0,0,0,0,0,0,208.30245988883482,70.15391251608871,419.9397105073782,212.49117077209715,73.72293633077736,421.1825300373909,CIP+CRO+NDA
MSW,cip,0.3,0,0.05,305.8484848647144,302.51757166131137,311.18155903920734,305.838992543446,302.5285476669951,311.1702511447317,516.3469520535524,379.5267106362225,722.7204704843016,515.9376231049658,379.762778143741,722.7352813116644,167.1,167.1,167.1,133.49,133.49,133.49,0.38287882858476086,0.15121910134013006,0.6211262595724841,0.32352795986097244,0.2745498338870432,0.3717002564389228,0,0,0,0.24873741758184018,0,0.8537452586206915,0.3076530944575518,0,1.0559624412225703,0.0022056121865780694,0,0.007570356583072081,209.81849746653106,74.0516131366319,417.19612105610923,214.17723373671134,77.86917630308449,420.82665999698094,167.1,167.1,167.1,133.49,133.49,133.49,0,0,0,1.0427808653584778,0.9712222500000002,1.0883812635861991,0,0,0,0,0,0,0,0,0,0,0,0,209.68816542727896,73.5969792453814,416.56862486249713,213.99471177554486,77.6979221784798,420.82665999698094,CIP
MSW,cip+cro,0.3,0,0.05,305.9601435409859,302.4645179126375,311.073926412148,305.9373938500144,302.4301194099362,311.0769560950257,520.6266052701857,377.33500378441414,733.4693140313891,519.6908100356901,376.257121101238,733.3458841182551,167.1,167.1,167.1,133.49,133.49,133.49,0.37924920793516725,0.15321567315109286,0.6195813700804846,0.31712397716973834,0.26930027978486454,0.3669414556962025,0.2901214401047909,0,0.6667037861915367,0.2918883556960391,0,0.9723191341468016,0.3610247173064206,0,1.2026215972195977,0.015404294937412551,0,0.10869687789084173,213.71098555601554,70.78880871558556,423.7646573088443,217.95972338196194,74.56593113657456,431.8425852782041,167.1,167.1,167.1,133.49,133.49,133.49,0,0,0,1.0412876200238597,0.9782516312630057,1.0878982300884956,0,0,0,0,0,0,0,0,0,0,0,0,213.45784583925663,70.56670835109435,423.6767155994191,217.7497692517542,74.3338750430369,431.48824615123885,CIP+CRO
MSW,cip+cro+nda,0.3,0,0.05,305.9285332666729,302.5238491276492,311.16396186379586,305.9094365970983,302.50543614387135,311.114491961384,519.3110977698476,380.4968831372942,730.7931709174145,518.5248858291355,379.7285326948502,725.83957363527,167.1,167.1,167.1,133.49,133.49,133.49,0.3816608132801905,0.1480475486674993,0.6142752795382614,0.3184662867176,0.2715190591383807,0.36920184849277765,0.26647919155279487,0,0.6696642378215656,0.25890985512749215,0,0.8254995891276873,0.3202349646060842,0,1.021026532869783,0.02134705299656266,0,0.11278617710583115,212.59204144045478,74.95508513193482,422.7862470455894,216.76778920119918,77.82371285919675,425.88026345353103,167.1,167.1,167.1,133.49,133.49,133.49,0,0,0,1.0428834334280412,0.9790876829268295,1.0881118539663464,0,0,0,0,0,0,0,0,0,0,0,0,212.3910636542976,74.4381307757796,421.20707798245536,216.57919440320669,77.68500713393377,424.0537300588376,CIP+CRO+NDA
MSW,cip,0.3,0.025,0,305.7389298183646,302.434800932688,311.0134101295782,305.86101602843416,302.49981409715633,311.1084889108314,511.6225002051194,377.44494553651543,724.6494807538785,516.6084783958363,379.9799707059897,727.8632955397829,167.1,167.1,167.1,133.49,133.49,133.49,0.3684192815569017,0.14376496045438733,0.6207412965434005,0.3248924895663323,0.280519120691755,0.37077768543177436,0,0,0,0.8958101291468354,0,1.9296766387219437,1.1079907516840117,0,2.386737769398619,0.2657256676577461,0,0.6371481405383199,203.4369544245752,70.05281471070037,412.8081054585668,207.5151942879388,73.37146878947837,416.93194353771264,167.1,167.1,167.1,133.49,133.49,133.49,0,0,0,1.0430659708155712,0.976516297122123,1.088344091877812,0,0,0,2.0724928066964416,0.5280205959915609,3.7369160288302177,2.563381221128057,0.653086985759493,4.622037935323373,0.8278050833585404,0.210904535864979,1.4926170429901715,204.58712314222103,70.53090767678682,414.1916132429261,208.37031850189774,74.36854095866548,417.00990291867595,CIP
MSW,cip+cro,0.3,0.025,0,305.8268560957384,302.4623576585621,310.8964975549663,305.98903881003156,302.56306397745027,311.0519263342751,515.0055841203439,376.375721922633,712.9733287066097,521.6659427856804,381.6013813049399,719.3543303829892,167.1,167.1,167.1,133.49,133.49,133.49,0.3774632295821271,0.14505109082604603,0.610451282432228,0.311989930597721,0.26908263242662844,0.3581625108254086,0.6588436444888427,0.20039078156312576,1.2170686519355005,0.25746363740139266,0,0.8182145945714532,0.3184461973067395,0,1.0120160223478019,0.007458489422635976,0,0.10438553027139878,208.0260625419001,70.56576779202848,404.66095824291136,212.00475816684752,72.91525283989326,410.2361587099759,167.1,167.1,167.1,133.49,133.49,133.49,0,0,0,1.043996900093969,0.9772819867772301,1.0880283712581786,0,0,0,2.121525558731661,0.7421739130434801,3.793525303643729,2.624027818009451,0.9179644268774734,4.692055622009573,0.8473899819187015,0.2964426877470357,1.5152281928597713,209.55231432974642,70.59587167863046,408.21672666713823,213.33309870766382,73.18767729804026,413.67299375775673,CIP+CRO
MSW,cip+cro+nda,0.3,0.025,0,305.65385280448675,302.4039074186508,310.5340694616787,305.8160348773531,302.53798118548,310.7230077309448,508.5156505832076,375.2819614459739,709.3319061959394,515.1896457675027,381.262212696375,716.3203865561109,167.1,167.1,167.1,133.49,133.49,133.49,0.37716441224526687,0.14752600372166283,0.6221511685472686,0.31124485604728186,0.2647223580942318,0.35799251694520623,0.6365297392220366,0.20322123675782225,1.1813367079115105,0.2621546381177943,0,0.847816203682377,0.32424830340132704,0,1.0486290367162647,0.019047879214816467,0,0.11282560706401765,201.49450952049975,69.36797522681172,401.29364672508547,205.4754705306859,72.722438886354,406.68689075736137,167.1,167.1,167.1,133.49,133.49,133.49,0,0,0,1.0443348135126689,0.9791120548746055,1.0879399777803767,0,0,0,2.0947273277091485,0.7127333867230076,3.7689362614664956,2.5908821868446035,0.8815506491957512,4.661642445780929,0.8366861030952022,0.284683410577971,1.5054067189113673,203.08931479116197,71.16411639286956,403.15984906041115,206.79121595101321,73.2148041066003,408.8059210558468,CIP+CRO+NDA
MSW,cip,0.3,0.025,0.05,305.8494919655698,302.4553063272563,311.55007981896404,305.9682323326183,302.5739054886787,311.7334273959618,516.4512171574831,377.8962999070469,742.2427516134915,521.3091141885095,382.5931904228939,747.7410236935191,167.1,167.1,167.1,133.49,133.49,133.49,0.38328523492104594,0.146580996055554,0.614961678183898,0.32417110542340444,0.27633424396278444,0.37001817288801575,0,0,0,0.882925039907807,0,1.9484217959511858,1.0920537140831268,0,2.4099228843834593,0.259625119756149,0,0.6224248235445088,208.34194431893354,69.99110618378145,436.16237068672916,212.3165751863805,73.74191514928836,439.02769218482626,167.1,167.1,167.1,133.49,133.49,133.49,0,0,0,1.044392815820347,0.9863910347650838,1.0887454710955617,0,0,0,2.059368950039684,0.7077587043378982,3.7935253036437224,2.5471488619159954,0.8753976688978832,4.69205562200957,0.8225630891674723,0.2826963989207144,1.5152281928597735,209.3949650899927,70.16367499984426,438.2788483121063,213.0977227251556,74.31077787048774,441.1404740385854,CIP
MSW,cip+cro,0.3,0.025,0.05,305.85893624330134,302.4442391992045,311.40439186827,306.01222187454454,302.5455518662421,311.6085920313788,516.5344222858819,376.62969297012665,737.5962465107763,522.8391282646851,381.51944889096205,744.8236827384642,167.1,167.1,167.1,133.49,133.49,133.49,0.3875675696596744,0.15410532791451043,0.612604094337661,0.3091649864894885,0.2640452818298518,0.3538212731031129,0.6344215580751003,0.19426747053206242,1.2096774193548405,0.29559816172062914,0,1.0075356899461285,0.3656132239910931,0,1.2461795085026277,0.029686195052682295,0,0.20621074340882248,209.37388597704106,68.86513639073424,431.1678176399501,213.40529255911324,72.98942899407784,433.8080158719234,167.1,167.1,167.1,133.49,133.49,133.49,0,0,0,1.0428788493353247,0.9751199320834627,1.0891505003981665,0,0,0,2.026412644637833,0.7450088229078607,3.7608263651767055,2.5063865615056375,0.9214708104395564,4.651611648189089,0.8093995225426717,0.29757502113271106,1.5021674249787134,210.8964123924766,70.29178192048565,432.99047661064526,214.69862591101008,73.4418093443892,435.88386956460675,CIP+CRO
MSW,cip+cro+nda,0.3,0.025,0.05,305.8778712221774,302.4885883487266,310.9637692140103,306.03850111814234,302.6184127529971,311.13042636738714,517.1282369709121,379.3568339903657,718.4641744017242,523.7257362751367,382.64454630948404,727.3473535715103,167.1,167.1,167.1,133.49,133.49,133.49,0.37221362072856207,0.1483995650670276,0.6090582327472411,0.3086369605229251,0.261428228998781,0.3563905017528485,0.6075050881065306,0.19266896398399236,1.1135303891092303,0.2598176464933433,0,0.8309330235988203,0.32135777445729635,0,1.027746924778762,0.04953293810328514,0,0.21131425353594918,209.98940878417565,72.64689818186301,412.69461287509324,214.12715611228506,76.33256326147065,415.51116712379405,167.1,167.1,167.1,133.49,133.49,133.49,0,0,0,1.0429246045168903,0.9779109379660007,1.0884057175777266,0,0,0,2.0386593933789348,0.5129027075782252,3.935124885911857,2.5215340619656534,0.6343882905762658,4.867194328852306,0.8142911780551746,0.20486607588202027,1.571786581687111,211.62011964330108,72.33749369147736,414.39557149262293,215.49019649151847,77.53760618773752,419.2324332716632,CIP+CRO+NDA
MSW,cip,0.3,0.05,0,305.9414917379866,302.5919747529106,311.33798049795786,306.19796810610455,302.8065316053311,311.6133221531675,520.2434835719574,383.61999556308183,735.4647270830319,530.7362472106945,392.07215935637817,746.6645395722521,167.1,167.1,167.1,133.49,133.49,133.49,0.36899163779170124,0.14681536822128652,0.613393217939734,0.32416703619913817,0.2762362428842505,0.37001838966202794,0,0,0,1.5439706791963175,0.2640928270042193,3.046584799266138,1.9096739116469554,0.32664556962025254,3.768195594107489,0.5231558356005036,0.10245816222609215,1.0846599121218858,209.93236374519321,73.33468338158171,425.1912594859649,214.11952951807424,75.84115783137162,430.7122232767467,167.1,167.1,167.1,133.49,133.49,133.49,0,0,0,1.042165083722732,0.9769967439697612,1.0888238845060527,0,0,0,4.150497037786221,1.7955229537530588,6.6720222370971465,5.133579296696283,2.220808587071305,8.252350239413254,1.6578115664587878,0.7171764474169428,2.6649713361148546,212.44650728380768,74.33050436693583,426.8639349087452,216.06479073838238,76.81862639976818,431.6166535992034,CIP
MSW,cip+cro,0.3,0.05,0,305.7929147785619,302.5118637349766,310.8077069264627,306.13340324917243,302.84615303279764,311.1016636498397,513.554405283985,380.1109998685515,710.9748493922278,527.5414163858654,393.02563826626744,728.4901127413284,167.1,167.1,167.1,133.49,133.49,133.49,0.3783882951595631,0.15093514073882744,0.6250815300899402,0.3016294424804888,0.25411333319749524,0.3463484495798319,0.9834425108811845,0.4056795131845837,1.596886227544908,0.2637754636159216,0,1.0219297942489887,0.3262530358815559,0,1.2639829848503785,0.013574271821048967,0,0.11015086206896557,206.1700873746886,73.43358848332937,401.68087417639424,210.10562901610402,77.62892375588052,407.0717376044414,167.1,167.1,167.1,133.49,133.49,133.49,0,0,0,1.0436808797190797,0.9818286030499738,1.0872575727855498,0,0,0,4.139968797802362,1.710227490882948,6.796961195038889,5.120557349127174,2.1153101327161448,8.406882104392642,1.653606326011488,0.6831073218097723,2.71487505793213,209.45964700492988,75.29319378992673,408.3440242990922,212.91059486986276,78.70991286384319,410.40964507498495,CIP+CRO
MSW,cip+cro+nda,0.3,0.05,0,305.8078850632822,302.48365902973495,310.7283419383443,306.1482940591072,302.7839608016467,311.1208233339374,514.9117499950614,379.727276936192,717.6472667071861,528.9268576648639,392.0287638906013,732.6771000333816,167.1,167.1,167.1,133.49,133.49,133.49,0.38659671811541946,0.14645564343374545,0.6199198888999501,0.3009118280440704,0.2524768766286242,0.3489306368670886,0.9980486839325934,0.43290043290043356,1.6816143497757847,0.2595721374555869,0,0.9763025509969137,0.3210541144132331,0,1.2075485218952875,0.03159709843845169,0,0.20719262295081917,207.38383262835404,72.31601611224431,407.39355318416114,211.4021179930896,75.7340712563155,414.6027087091347,167.1,167.1,167.1,133.49,133.49,133.49,0,0,0,1.0418326828388824,0.9761488347457628,1.0891004184100421,0,0,0,4.145694352408727,1.7761766466227455,6.853780223964171,5.127639052432043,2.196879934467157,8.477159227323629,1.655893254676756,0.7094490520141971,2.737569988801792,210.7406085114308,74.89727588968488,414.563222235059,214.31824313391007,77.71639111423558,417.8455945000447,CIP+CRO+NDA
MSW,cip,0.3,0.05,0.05,305.8930554971063,302.5078526292786,311.3101010777769,306.14452082529374,302.7741662865817,311.52722108996323,517.220346388874,381.02376399374936,733.0866936830025,527.4805379632697,389.99189981652756,742.0486232177116,167.1,167.1,167.1,133.49,133.49,133.49,0.37466612613312933,0.14872946332609813,0.6113150045580703,0.32651107121155654,0.27866014771399056,0.3722109040444092,0,0,0,1.5526587399662208,0.2629694100910809,2.8811661462232943,1.9204198171350855,0.32525606138682,3.5635960570358995,0.5310251454301934,0.10039657628510047,1.0572560267137285,206.95633523562816,70.61127960301357,422.3434447543324,211.11105083152057,74.70275150940549,425.8057961213228,167.1,167.1,167.1,133.49,133.49,133.49,0,0,0,1.0437343685621885,0.9800821444568869,1.0859904647983596,0,0,0,4.1119022517880035,1.581138005307388,6.5740043763676175,5.085842991247297,1.9556446505970835,8.131115973741801,1.6423958506902074,0.6315457762052195,2.625820568927787,209.35132007510833,72.148665395871,423.98686842568765,212.98569320907197,75.46959142290818,426.9976916112967,CIP
MSW,cip+cro,0.3,0.05,0.05,305.7545204421459,302.50237798319307,311.09796120820795,306.0873448871973,302.79285466109917,311.44402252209835,512.3640495357079,377.07697412912006,729.904321008868,526.0496543682967,391.06066849749084,743.0677381754463,167.1,167.1,167.1,133.49,133.49,133.49,0.38498124119392363,0.15106401095136945,0.6210718475773358,0.30173439334318286,0.2532878245664897,0.34688238031914903,0.9978305499568795,0.4175365344467648,1.6842400946185692,0.3508737557465965,0,1.0565960678696467,0.4339813356945643,0,1.3068602747104747,0.04578541253961127,0,0.21197325086771546,204.55933296564353,70.75078632552876,422.77128686599605,208.6107016247139,74.12396685285803,426.6677578737814,167.1,167.1,167.1,133.49,133.49,133.49,0,0,0,1.0431729432048735,0.9798223484931748,1.0854822967366153,0,0,0,4.169374762735989,1.769779666666664,6.869983924047483,5.156928379249187,2.1889677727272794,8.49720091835976,1.6653517985045492,0.7068939393939379,2.7440421489245397,207.77691752536614,72.67916333370535,428.1757748001786,211.3230554291427,76.43514740890214,429.70846555713644,CIP+CRO
MSW,cip+cro+nda,0.3,0.05,0.05,305.77773973220303,302.497511781772,310.7035641452113,306.1171573084482,302.7958664683031,311.1640443799789,513.0588339536497,378.0285851670663,711.0262048258471,527.0134384143573,390.5889040606285,723.1687916313743,167.1,167.1,167.1,133.49,133.49,133.49,0.37722936219386616,0.14871057034370594,0.6141518997000175,0.30144531924183965,0.2529073774676652,0.3475686366335725,0.9491211245276078,0.40235412474849097,1.613066475120806,0.2843320377711273,0,0.836532631058557,0.35167861805483025,0,1.0346728492314787,0.0780425556942275,0,0.30752126458063267,205.50184553101457,71.92444562244901,402.3302258303455,209.4985822438947,74.63313422066977,407.33630482536597,167.1,167.1,167.1,133.49,133.49,133.49,0,0,0,1.042917692380042,0.9797538597589129,1.086292016806723,0,0,0,4.142050784476735,1.597957731399919,6.8335376914355574,5.1231324729232535,1.9764482788995823,8.452122070338454,1.6544379231813127,0.6382639924108946,2.7294846187232613,208.85304228630105,73.87768974894351,406.8325548409689,212.38820679510363,77.4694906516645,411.5912267545537,CIP+CRO+NDA
MSW,cip,0.3,0.075,0,306.0331331368727,302.5660242616227,311.05932831099085,306.4262565432687,302.94927721877445,311.4868020459004,523.414161721268,382.52829475884363,723.564084611821,539.4862317713212,397.8245566490902,744.7989058602295,167.1,167.1,167.1,133.49,133.49,133.49,0.3773257817267433,0.14658052017507037,0.6153502282485502,0.326277111916525,0.27967368261659603,0.3736852589641435,0,0,0,2.1811124771914163,0.5608886657004175,3.983170019920317,2.697728429809451,0.6937401510656317,4.9266193815646515,0.7872970385043622,0.20790020790020733,1.4493383961885828,211.43074512985598,71.20432485861606,414.4456720610078,215.3373228627577,74.10397248596186,417.7454268219085,167.1,167.1,167.1,133.49,133.49,133.49,0,0,0,1.0436867347743797,0.9776236551105798,1.0894877038660922,0,0,0,6.248415149033483,2.6920430107526916,9.669793120202113,7.728408032631844,3.329677419354838,11.96016990574288,2.495772147720675,1.0752688172042997,3.8623554562238813,215.32955465423856,74.94424382556574,420.0315377557014,218.3971523289932,77.10687080688518,421.2381576697509,CIP
MSW,cip+cro,0.3,0.075,0,305.7747946148869,302.3134498060224,310.81289074056394,306.2972039480167,302.8031152484095,311.4738254196398,512.9611365819013,373.3819923773859,721.9240195227276,534.4254284731211,393.02543183466,743.6697643868159,167.1,167.1,167.1,133.49,133.49,133.49,0.3800943782132276,0.15032134369085723,0.6191478985567082,0.29282062511344314,0.24666666666666684,0.33736476982097174,1.344575748828609,0.6423639707900944,2.1368243243243246,0.26461565149321375,0,0.9212739565826344,0.3272922297547077,0,1.1394859138655478,0.01595754409241171,0,0.11016877637130768,205.14806375867735,65.92239372205012,413.6911248652697,209.0320797395678,68.41979226996463,417.8920322778228,167.1,167.1,167.1,133.49,133.49,133.49,0,0,0,1.0421324890495045,0.9779662820550225,1.0870118609335928,0,0,0,6.203648867963334,2.8675808505639115,9.688147414755921,7.673038458433959,3.5467929628759385,11.982871578739895,2.4778913835929597,1.1453829887218039,3.869686617173639,210.32611734278794,68.96471633570114,423.2739550536788,213.48512433049567,70.8601175083244,427.158620141216,CIP+CRO
MSW,cip+cro+nda,0.3,0.075,0,305.78525211042927,302.6645889938104,310.9226500819829,306.30293747210374,303.0711304381547,311.5741350788776,513.2437869742613,384.51702709833916,727.8972296414033,534.513874235388,402.07765990732906,746.7392037332036,167.1,167.1,167.1,133.49,133.49,133.49,0.3806371611378827,0.148303683075646,0.6196349387295369,0.29473075542960275,0.24582890919543307,0.34171109809724193,1.3304683188764403,0.6862074908088228,2.0878858150088124,0.2607713250963654,0,0.7974526171811193,0.3225373403472621,0,0.9863363853503193,0.0416606065287754,0,0.20921919000329853,205.34428257990953,76.1078828947911,419.07634949995617,209.32633953785987,80.81143953581537,422.7136812899338,167.1,167.1,167.1,133.49,133.49,133.49,0,0,0,1.0432971788566956,0.9771512373225154,1.0884302269890904,0,0,0,6.149100322618749,2.6680516874460816,9.554162736393236,7.605569603379621,3.3000035370448724,11.817151433741534,2.4561033402375574,1.0656860870131342,3.8161698100308494,210.43092857373244,79.91468110524214,425.1275762434078,213.739954476068,83.05356949228765,424.8396422284448,CIP+CRO+NDA
MSW,cip,0.3,0.075,0.05,305.980075878315,302.59915017749285,311.2258997715389,306.36769650229877,302.957862413304,311.6566731951879,521.569308880166,383.060071854852,734.7408969571153,537.4396734460798,397.64031903112107,753.7787722522945,167.1,167.1,167.1,133.49,133.49,133.49,0.3655807965412852,0.1473343465726016,0.6148789805240183,0.32484230423324534,0.28076161637275776,0.3692161016949153,0,0,0,2.1547043232995833,0.7306225680933853,3.9517829260291966,2.665065269024401,0.9036770428015564,4.8877979744136555,0.7705203075331069,0.2118198974505057,1.443450598891604,209.7488432128403,71.63222162847386,426.03456380975706,213.63011058417024,73.93244628442048,428.82892088218495,167.1,167.1,167.1,133.49,133.49,133.49,0,0,0,1.044870255038269,0.9783300411937367,1.0904183951530322,0,0,0,6.199237390126718,3.1591239077669893,9.319302399503405,7.667582082707459,3.907390594660195,11.526662330365168,2.4761293298157523,1.2618325242718444,3.722360760306519,213.49560939752595,73.93995204834974,427.9121999443903,216.62969443649743,75.35714759032939,431.74594779263276,CIP
MSW,cip+cro,0.3,0.075,0.05,305.8558061318956,302.4450701471544,311.31052215834467,306.36466089711195,302.84502049405063,311.77781280130125,516.0154658280863,372.84074571451436,737.1310047673162,536.8836147425761,391.3618460656952,756.2684471643599,167.1,167.1,167.1,133.49,133.49,133.49,0.3866838714325534,0.14777582839274753,0.6229353579453116,0.2948196029785395,0.24787283412997524,0.33961206675281463,1.3520580723435647,0.652163792405474,2.1415854161547383,0.3870389684438435,0,1.0653617021276591,0.4787126017267958,0,1.317702127659576,0.06272212336146177,0,0.2289944810876297,207.93627972156952,64.79950827333055,426.78016072823334,211.68321381772853,68.10061838919773,432.7198373970112,167.1,167.1,167.1,133.49,133.49,133.49,0,0,0,1.0436824058324297,0.9751480016446202,1.0874413078897995,0,0,0,6.171187964024184,2.9043380983558857,9.590887589605751,7.632888899743285,3.5922564927979073,11.862574896138813,2.4649256926123115,1.160064746107958,3.830838628217661,212.98023293918413,69.36461519944426,434.8195358071186,216.05664643778053,72.22579252635283,438.49635187745855,CIP+CRO
MSW,cip+cro+nda,0.3,0.075,0.05,305.93152256569454,302.4370377775147,311.3826919619489,306.4534609840909,302.91404277121876,311.9950080324204,519.7617079497527,376.5727618182046,736.133873575545,541.2200733125438,397.7824335796132,758.7424351004311,167.1,167.1,167.1,133.49,133.49,133.49,0.37516515816098245,0.14156741391493521,0.6152581890834751,0.29402818398270597,0.2486607340710671,0.3399851347150879,1.2736162483987523,0.6479481641468685,2,0.2690360275217699,0,0.8291447902869794,0.3327596112893086,0,1.0255351324503328,0.11009253204722742,0,0.3486891832087291,211.8860385140337,68.88435987659767,428.51782989302683,215.8006240260049,73.58562890175767,431.8147779747159,167.1,167.1,167.1,133.49,133.49,133.49,0,0,0,1.043015843114643,0.9749276691004615,1.0898212212486311,0,0,0,6.254129755432987,3.064250353768753,9.530803623598159,7.735476194549364,3.790045392826458,11.788259506644057,2.4980547034002982,1.2239376712608858,3.8068396004146656,216.98073857116657,74.71705068809877,435.4113990870839,220.20688413964317,75.82383911085155,438.111699169074,CIP+CRO+NDA
MSW,cip,0.3,0.1,0,306.00787465990567,302.7507350170495,311.1266758646831,306.53147373487064,303.23226073575745,311.81752784722784,522.6614964367533,390.9728695722214,728.3676856815058,544.0936879957462,407.54662985419236,754.3836687043608,167.1,167.1,167.1,133.49,133.49,133.49,0.368689159104002,0.14668370041075415,0.6177770793601851,0.32421903502216287,0.2757485893168828,0.37071160929747304,0,0,0,2.8349925066348463,1.038677529195364,4.805132051282053,3.506485778896575,1.284697570261366,5.943270454545461,1.0447870519203322,0.3975749463614352,1.7995779098943823,208.615954354182,78.30213437689096,415.6091738564537,212.6615686989486,79.94149878429411,419.9168888468596,167.1,167.1,167.1,133.49,133.49,133.49,0,0,0,1.0427093414560868,0.9741428206605726,1.0865931873574968,0,0,0,8.3130185038653,4.180197917572192,12.283033168633722,10.282031114822372,5.170315094884988,15.192379177980179,3.3204259881232225,1.6696748352660926,4.9061484137377045,213.81079518491674,81.14091830721554,421.6618297314936,216.74816042993152,83.10369952467879,427.76715579171577,CIP
MSW,cip+cro,0.3,0.1,0,305.71512169279134,302.51087429540723,311.02675721167935,306.4124456424602,303.0964846480705,311.75815329178783,510.5890556479781,377.5032359355843,722.9038787730315,539.2371027897677,403.1649859414174,754.4594767762685,167.1,167.1,167.1,133.49,133.49,133.49,0.3797255779631103,0.14710647626216714,0.6120956659375189,0.2866636158098386,0.23733931439331019,0.3310526315789474,1.7077376269488422,0.9278350515463921,2.5423728813559316,0.2766461223063605,0,0.9877603785103787,0.34217222492965177,0,1.2217202380952363,0.021855980424013037,0,0.11520138797059447,202.23594210567438,71.01676858750973,409.9742514239512,206.148454278048,73.93303512056512,418.9932320861352,167.1,167.1,167.1,133.49,133.49,133.49,0,0,0,1.0426258295209172,0.9823139308128028,1.0867818635339557,0,0,0,8.273215141758536,4.1378976023976115,12.287651196178958,10.232799971229223,5.117995572609212,15.198091026556865,3.304527537050062,1.6527790391426733,4.907992968596794,208.93644263925995,75.17363142196064,419.3084234376996,212.0867026630215,76.81620577150436,426.1707039967531,CIP+CRO
MSW,cip+cro+nda,0.3,0.1,0,305.89503345730685,302.46662643193065,311.17478904986035,306.593065693376,303.1166218790928,311.9745934168497,517.7089430447603,378.0942665358376,730.1752458177984,546.3704319922964,403.6341646517892,764.8306934168737,167.1,167.1,167.1,133.49,133.49,133.49,0.38145713857705177,0.14527860066777723,0.6186457477238484,0.28628183421092035,0.24420973462360235,0.32922815062439287,1.675280311750084,0.9453286031393688,2.5181562665056942,0.27320495343813633,0,0.8308867634362196,0.33791598450892046,0,1.027689707483862,0.05517793196428264,0,0.21798745311249706,209.5989154155965,69.94037217996427,419.074879798039,213.28428817584899,72.82338130062828,424.33451921265487,167.1,167.1,167.1,133.49,133.49,133.49,0,0,0,1.0440118941211212,0.9797699788113424,1.0892078124999998,0,0,0,8.29960128324153,4.019706055148268,12.465659035742068,10.265435905769982,4.971809302752879,15.418261611311284,3.315066817080017,1.6055704006823253,4.97909371934098,216.34614148807864,74.18677644386825,426.8758418950466,219.1344541501621,75.63370568481339,429.21054282420323,CIP+CRO+NDA
MSW,cip,0.3,0.1,0.05,305.99709364074613,302.5682195818524,311.23563616856865,306.51143799833545,303.041989363484,311.7431844544302,521.9329498513944,381.5315953789042,736.6101646131118,542.9841540788848,402.4876611122345,758.5826668389576,167.1,167.1,167.1,133.49,133.49,133.49,0.37988670559989224,0.14440019005515073,0.6256325488556862,0.32499288278754757,0.27865585930392744,0.373912186528451,0,0,0,2.8183597631815682,1.0031980230301885,4.8051320512820554,3.485913421739913,1.240814426471992,5.9432704545454556,1.0375486984955358,0.3287882003395585,1.798738242555548,208.0227278374528,68.71504830024091,422.8389560987808,211.94178099065587,72.3309246731597,427.5172341673877,167.1,167.1,167.1,133.49,133.49,133.49,0,0,0,1.04336737874644,0.9791358122956741,1.086935975609756,0,0,0,8.281288470389693,4.0860574275203625,12.27452846299811,10.2427855397862,5.05387658973461,15.181860056926007,3.307752224951947,1.6320727861960247,4.902751423149906,212.8807877094677,73.31948886406173,430.00476422753457,215.89733621748158,74.71418308422604,431.65149776708375,CIP
MSW,cip+cro,0.3,0.1,0.05,305.79001092649526,302.4956685179122,310.8212804196095,306.47140896228717,303.0682474620872,311.68900374474657,514.0398095824926,378.5349393135063,725.7766055353592,542.0823660132081,402.1552110900311,754.9625330710854,167.1,167.1,167.1,133.49,133.49,133.49,0.3851275164891984,0.15032513669761147,0.608340324089513,0.28678883103261754,0.24217884443650656,0.33188359642449594,1.7138060397471233,0.9574468085106379,2.552035942821284,0.431758683633809,0,1.2422391351118742,0.534024580500261,0,1.5364745589500872,0.08472292650997246,0,0.31156701030927936,205.4684358172691,69.9088819139904,419.17699151605916,209.10642374347717,73.08511139230481,420.84558946074225,167.1,167.1,167.1,133.49,133.49,133.49,0,0,0,1.0436843153910191,0.9790020624651727,1.091109378795376,0,0,0,8.282410665187927,4.461157427036958,12.392130303030308,10.244173536435907,5.517822371210513,15.327316942148757,3.3082004574164907,1.7818970390785123,4.949724517906337,212.13040775576317,74.14661226060335,429.4407228695691,214.88771306696663,77.1359348539441,427.9493324959504,CIP+CRO
MSW,cip+cro+nda,0.3,0.1,0.05,305.83803980233046,302.59345296073934,311.27192309784573,306.5341699651945,303.21856015960935,311.92788287911725,515.9470489232865,383.48166200204594,741.5167453321907,544.5997543510675,408.38005740259996,767.3134747216826,167.1,167.1,167.1,133.49,133.49,133.49,0.3877206197896423,0.14850795916007598,0.6120801618300208,0.2860810170453881,0.24074643936949033,0.33138170357273944,1.599392903541035,0.8769551318643704,2.3856966659910386,0.27015002955702516,0,0.8272262668844969,0.3341374746470221,0,1.0231621896607068,0.13471232580248652,0,0.41497373564255297,207.6065974409876,74.55107315251712,434.03335958825136,211.49949013023885,79.28165751763638,437.3069008444598,167.1,167.1,167.1,133.49,133.49,133.49,0,0,0,1.041864625631757,0.9748880448731216,1.0869313524590165,0,0,0,8.179730479580103,4.137830954897824,12.29848274536602,10.117172632636104,5.117913139054395,15.211488124820422,3.2671874419156826,1.6527524184765192,4.912319358270498,214.53103971945475,79.71146573016443,438.7063230053161,217.53422312266636,81.72879889460285,442.1276564499047,CIP+CRO+NDA
MSW,cip,0.3,0.125,0,306.0870437394163,302.6394328707344,311.6335832030046,306.73456776905454,303.202410868766,312.1941783198397,526.2343079611609,385.56130490345106,747.1404946978598,552.806153689734,407.34326565772585,775.4441250444503,167.1,167.1,167.1,133.49,133.49,133.49,0.3766336542473957,0.14672445336524786,0.613748117065673,0.3236647079417427,0.27394426200143296,0.3714319685800881,0,0,0,3.4611754056466677,1.2694457967094868,5.852308117378038,4.280985685063697,1.5701253611162347,7.238479516006101,1.296842346098092,0.49207773660645215,2.2184195683595016,210.44339865273113,69.41488841811221,431.3404023058615,214.24033585999837,73.09630180010366,435.05390159049466,167.1,167.1,167.1,133.49,133.49,133.49,0,0,0,1.043336720077512,0.9712500000000002,1.0882388273491217,0,0,0,10.299172437715223,5.631151405548935,14.798881193640248,12.73862333065544,6.964939863565588,18.304128257000464,4.113745182023974,2.2492216829960654,5.911040579022307,216.82719688759693,73.46658064717259,436.8450245022892,219.30269229999763,74.86641164999794,441.0519667327016,CIP
MSW,cip+cro,0.3,0.125,0,305.8309429757726,302.51286058731347,310.9645718101485,306.70725681430946,303.31290420353685,311.92383218241037,515.410785284549,378.17283888078975,721.3780326498513,551.4930031287064,413.24007638307654,763.1973551110873,167.1,167.1,167.1,133.49,133.49,133.49,0.37701965391116454,0.14563627922929606,0.6204828223995053,0.28023695331311227,0.2343315088757396,0.3263307103004292,2.060850693265696,1.1692526112970278,3.0009109311740882,0.2878711959422123,0,0.9996929930461679,0.35605605741917834,0,1.2364791988603452,0.02888199816613123,0,0.198045192757465,206.82822075252284,71.97999568813978,411.42563693523056,210.47132673816387,73.50203845283006,416.02393723174686,167.1,167.1,167.1,133.49,133.49,133.49,0,0,0,1.0433678515447167,0.9801720725806452,1.0883640919252775,0,0,0,10.281000543904629,4.705034617794483,15.159653948949895,12.71614726164526,5.819464050751883,18.75035325863486,4.106486876459749,1.8793076441102747,6.055142174848178,215.58006872891715,76.51452893249206,422.84056568589017,218.13041679960511,77.59528921159583,428.4744753412428,CIP+CRO
MSW,cip+cro+nda,0.3,0.125,0,306.0567970401682,302.57116489841394,311.47849914434886,306.9336089945111,303.36388448670505,312.51312005103836,524.6164545697823,382.67699057409055,750.5024618312304,560.6616584162138,416.48576311895704,791.0043097452341,167.1,167.1,167.1,133.49,133.49,133.49,0.38170503741310674,0.14715265942084932,0.6192121048369228,0.27866684918946016,0.2330129248350877,0.32296014200140294,2.006304083116968,1.1725730712750837,2.9413209291575204,0.26993513166833655,0,0.9594188967292404,0.33387167627583136,0,1.1866658234589293,0.06853581338233183,0,0.22931363572826455,215.99675234926494,74.95317401342892,441.60216813106274,219.7892964736892,77.75615147713042,445.70319230253597,167.1,167.1,167.1,133.49,133.49,133.49,0,0,0,1.0432504506616722,0.976614454369523,1.0881936033745523,0,0,0,10.256435494599124,5.046571129032252,15.26018348432057,12.68576376121411,6.2418965322580595,18.87469411149826,4.096674985860011,2.015725806451612,6.095296167247396,224.65573315270083,79.22309763832295,451.1986599438623,227.39778446768324,82.11569827053644,454.0961845895857,CIP+CRO+NDA
MSW,cip,0.3,0.125,0.05,306.0445191337003,302.64532528027814,310.8516470501636,306.6918354456955,303.26276709243433,311.5996912914797,524.0425874369415,386.29715531132007,723.245918135153,550.5610291356754,411.1312661927391,753.0153116530412,167.1,167.1,167.1,133.49,133.49,133.49,0.3845256630046825,0.1499524603196499,0.6193482221331756,0.32519333765095393,0.275206611570248,0.3732825287489217,0,0,0,3.4358976463092152,1.2791926576295272,5.689999999999994,4.249720662869914,1.582180853017892,7.03772727272727,1.2872215618719096,0.4885159997549308,2.162832044673535,208.29646318883528,72.31271775073057,409.1508826538948,212.09659515277406,74.62165832371097,412.02448914820116,167.1,167.1,167.1,133.49,133.49,133.49,0,0,0,1.0434671737210786,0.9807615981754269,1.0876220934477834,0,0,0,10.281926952848622,5.1040319520088335,14.950846987752406,12.717293098814125,6.3129674638882305,18.492088505461776,4.10685690719309,2.0386770857999794,5.971739490235016,214.60712401384365,75.30446975394511,417.17289453434717,217.10034882952223,77.7129707336617,417.64507585988207,CIP
MSW,cip+cro,0.3,0.125,0.05,305.90279473421117,302.5439166246617,311.32654886407653,306.76429867012223,303.29475665763795,312.25438288426363,518.2305890375555,381.21289668964016,742.3838386807263,553.674851370149,410.7669475222376,785.9195408059219,167.1,167.1,167.1,133.49,133.49,133.49,0.36880832310576733,0.14545703629583673,0.6149819111355749,0.2789667405887941,0.23391380123514238,0.322885432360045,2.07328155212107,1.2344414086217355,3.000604838709677,0.45351187224481593,0,1.264767006802718,0.5609302059407643,0,1.5643383580705021,0.09973469789823641,0,0.3194383489693449,209.34456489693477,72.32882955651665,432.0771836464144,212.79015507149455,75.50941424023591,438.2740329115054,167.1,167.1,167.1,133.49,133.49,133.49,0,0,0,1.044603670048011,0.9804970541401274,1.089826206397976,0,0,0,10.252529095542144,5.092830211436701,14.95113106348345,12.6809320966831,6.299112491106768,18.49243986706457,4.095114673087611,2.034202832495886,5.971852957135105,218.0541486423591,76.93377103849657,450.0640152896514,220.26464571222573,79.32972217264229,453.02617445233415,CIP+CRO
MSW,cip+cro+nda,0.3,0.125,0.05,305.9077641839355,302.41056328381774,311.44650072516015,306.7852498833393,303.2098547498307,312.4758421550155,518.3191293470087,375.77180451633814,745.061838163688,554.3338938839208,408.1866187751552,797.0683848731059,167.1,167.1,167.1,133.49,133.49,133.49,0.3796406865131874,0.14185976404859096,0.6187026427185628,0.2771826529542745,0.23161216245591992,0.3228286852589642,1.9414047134591437,1.1246298401909225,2.8958228414750127,0.2808561879080194,0,0.9858648606424206,0.34737948213611325,0,1.219375749906264,0.17449743505023754,0,0.4374137653041556,209.69879696098224,67.36247830736443,437.5734469519138,213.40194561141456,71.14720992713633,440.13983349054007,167.1,167.1,167.1,133.49,133.49,133.49,0,0,0,1.043094886991328,0.9796299633905944,1.0873074920989032,0,0,0,10.355871927985582,5.4090123456790185,14.962757296941902,12.80875260113443,6.69018518518519,18.506819877660284,4.136392366186923,2.1604938271604937,5.976496763437407,218.22772038542246,72.84657996329958,458.30365711125586,220.8599433626621,75.0553586877327,465.48978210450133,CIP+CRO+NDA
MSW,cip,0.3,0.15,0,305.9913251995963,302.6235316768577,311.1946652356304,306.76485212661703,303.327075156478,312.1676892857776,521.7558883739088,387.63356434005254,734.3976658958014,553.444656451174,414.18477243328203,773.7252474272489,167.1,167.1,167.1,133.49,133.49,133.49,0.3836298745871175,0.14990756982309067,0.6111934522895529,0.32429386626163165,0.27805104378818746,0.3729562163878732,0,0,0,4.037085657330304,1.5483805517998939,6.616877004614611,4.993305418792547,1.915128301926658,8.184143366548016,1.5305370425610196,0.5518593769666459,2.5099847792391095,204.52693349114924,69.75755467178853,413.8060688226101,208.03895155455263,73.08427297243293,419.7663170093259,167.1,167.1,167.1,133.49,133.49,133.49,0,0,0,1.0450581911371597,0.9836857401893504,1.08799619989532,0,0,0,12.221525250096505,5.741645884237033,17.70141176759984,15.116302560093002,7.101605945489855,21.89414909712003,4.8815806239401285,2.293355921168332,7.070383355008734,212.05504780719022,75.75062310336158,426.0912279506684,214.2318778846693,75.15705578728438,430.97353814299095,CIP
MSW,cip+cro,0.3,0.15,0,305.9528948492527,302.49874456305275,311.24956453084377,307.02287575652946,303.43360300084987,312.4776160202722,519.6909643968751,383.6259903675327,733.3391737901055,563.5627221498638,417.95084801898133,782.6363963174668,167.1,167.1,167.1,133.49,133.49,133.49,0.376850822293304,0.1516412522791087,0.6153107560012463,0.2701046661838409,0.22740229477748708,0.31458552631578957,2.4219713682880815,1.5523972864270463,3.4043192768515764,0.29693056655297395,0,1.0198483644374225,0.36726122079722767,0,1.2614085498150402,0.03492726132391706,0,0.20568683233421206,210.75957750109802,73.80897701061632,425.9981162395608,214.30792223519245,77.76532741342236,428.6235251730535,167.1,167.1,167.1,133.49,133.49,133.49,0,0,0,1.0431149309067722,0.9811878057777433,1.0889273644614283,0,0,0,12.505404301395561,6.732001243420331,17.607323630608338,15.467420897787784,8.326535808585783,21.77777534531943,4.994968965248266,2.688928440413935,7.032802217050782,221.27125173281675,80.323391684035,441.1293986303176,223.35824449035482,82.17609507282543,442.20370351137444,CIP+CRO
MSW,cip+cro+nda,0.3,0.15,0,305.8798340018101,302.4317056736401,311.59612751943575,306.9419724950118,303.35688300502824,312.7964933124322,517.0113709481266,375.4560355946145,737.3221181233295,560.6103196702662,413.4961831389847,787.5689312149094,167.1,167.1,167.1,133.49,133.49,133.49,0.3688662496555568,0.14588055843360845,0.6035373225164128,0.2717813483384815,0.22679764243614942,0.31648495440729485,2.3564892150581174,1.4098694125743751,3.340441467894599,0.2865542674048189,0,0.9839767907818022,0.35442720260655153,0,1.2170404738516238,0.08667103302200854,0,0.31420743440045396,208.0632554487562,67.86629963556112,428.33073847204,211.6787160157838,70.4856354162361,432.70042951671087,167.1,167.1,167.1,133.49,133.49,133.49,0,0,0,1.0429059725406196,0.9851760266625805,1.0890127152467795,0,0,0,12.485479701820976,6.36735019617483,18.12451737451738,15.442776979013756,7.875513906963971,22.417471042471053,4.987010585485291,2.543277758497696,7.239382239382237,218.41057801038562,72.89674404088906,445.01596996897285,220.59714569018757,75.94540028179638,451.30459989180736,CIP+CRO+NDA
MSW,cip,0.3,0.15,0.05,306.16625873903024,302.6099909768637,311.56741179714396,306.94312354442,303.266128052162,312.3709745289368,528.7993476235118,384.6062043493078,739.2475311437619,560.6000304176952,415.0143604243804,775.4345679289563,167.1,167.1,167.1,133.49,133.49,133.49,0.3720558019499273,0.14383659123364873,0.6110143120104667,0.32373737692282545,0.2763239686402809,0.3723456314100055,0,0,0,4.189510148132097,1.8286015441135506,7.0267359667359734,5.18183301034744,2.2617221367239244,8.691081081081094,1.5851574616523978,0.6874633286365784,2.615475666152832,210.95503669901518,68.99879732193548,421.11838040442956,214.49523424805187,71.94812577604587,425.23901678617466,167.1,167.1,167.1,133.49,133.49,133.49,0,0,0,1.0417195192449118,0.9774182576539389,1.0881085404769906,0,0,0,12.440257091085243,6.451750066085115,17.847845524956977,15.386842989397094,7.9799046391752615,22.075266996557666,4.968947551959276,2.57698916204071,7.128872633390703,218.48880799042658,74.37909469204071,430.71042296142525,220.55138197904253,76.64189882622205,437.16444696348657,CIP
MSW,cip+cro,0.3,0.15,0.05,305.99996866241077,302.5498023687775,311.3292209915769,307.0481756226374,303.4765275649892,312.6129837821642,522.2489058723155,380.793032645718,740.0732094578173,565.3120422395406,419.19548341807644,788.9735573574317,167.1,167.1,167.1,133.49,133.49,133.49,0.3824285795622048,0.14830033328900585,0.617231492509898,0.270938403021349,0.22845722910153038,0.31588975568037353,2.3868642793690995,1.464772363852339,3.537610168916244,0.4842283654641033,0,1.3067489255859077,0.5989221746669366,0,1.6162640689284629,0.10920460436205218,0,0.38838736539298657,212.77925963973124,70.74962685922189,429.156195669333,216.28097588616694,74.30237737981336,432.94588268554816,167.1,167.1,167.1,133.49,133.49,133.49,0,0,0,1.0425221930146729,0.9799177939779758,1.0856074268673672,0,0,0,12.430610274822746,6.656758398656215,17.883758496543788,15.374911238622829,8.233471024636048,22.119686275921666,4.965094374030493,2.6588745800671854,7.143217165898617,223.26786512109788,77.51710934810419,446.853958712948,225.29723468199623,80.41648711572131,450.49501157829707,CIP+CRO
MSW,cip+cro+nda,0.3,0.15,0.05,305.968561183619,302.49724712085674,311.0602764482441,307.0164559919137,303.4199669914263,312.2251248614364,520.6366147917082,377.7818961085426,730.659216721846,563.6729055104727,416.41771550610156,777.8106242850876,167.1,167.1,167.1,133.49,133.49,133.49,0.38411956671486314,0.15254283699167168,0.6104795191300091,0.27046080258912486,0.2261963881706529,0.3157813628282276,2.248341964181526,1.3749315260324635,3.1818607422540013,0.28641397235769145,0,0.8345797995545644,0.3542536774256381,0,1.0322574721603548,0.20011656195388208,0,0.5197846493187414,211.64444391688232,67.33196936429383,422.24797851712435,215.25180145470452,71.96900904573123,425.6520858997204,167.1,167.1,167.1,133.49,133.49,133.49,0,0,0,1.0425825238587862,0.97591549439443,1.0878599492824694,0,0,0,12.312474409105057,6.5740043763676175,17.81109467519923,15.228793838965778,8.131115973741794,22.029811380101428,4.917907976156358,2.6258205689277885,7.114193431538273,221.809550684284,76.26840205861195,436.3686543685386,224.28485712753934,76.88492584925942,440.34617562225674,CIP+CRO+NDA
MSW,cip,0.5,0,0,305.68278853762627,302.402054511388,311.0156243835277,305.6570347252847,302.39429805261386,310.96442222561495,509.16523226375966,375.2952452064304,726.206395843135,508.09911155687934,374.83920052660784,726.0581649749272,167.1,167.1,167.1,133.49,133.49,133.49,0.26873913782573833,0.10453669562065394,0.4442093599973345,0.5276178920750008,0.47139115205502674,0.5823007214469584,0,0,0,0.40910163233116226,0,1.1944656488549619,0.5060010044242998,0,1.4773854961832042,0.00362759875289655,0,0.010591603053435098,202.30625732012737,68.44234399977762,422.1599096391347,206.4760066944022,73.19667237128625,424.2558889792021,167.1,167.1,167.1,133.49,133.49,133.49,0,0,0,1.043269999922252,0.974791122400104,1.087938908786964,0,0,0,0,0,0,0,0,0,0,0,0,202.01986675019361,68.14736960095061,422.1901697737401,206.15158552023718,72.85519913696983,424.2230999321105,CIP
MSW,cip+cro,0.5,0,0,305.81462551627175,302.563277700539,310.82807121445745,305.77236786955353,302.50478183768075,310.80601171992316,514.9314827502654,379.27415059176866,713.2369271973694,513.2142405835896,378.0219746207445,712.3680200591768,167.1,167.1,167.1,133.49,133.49,133.49,0.26723752747242224,0.11054922326032333,0.44950960722556527,0.5149049192659625,0.45567672064777337,0.5706749094002884,0.46518958805168886,0.10224948875255684,0.907489036528481,0.425209854258694,0,1.2519256827309222,0.5259246024514589,0,1.5484554518072275,0.0037704340807409365,0,0.01110111445783131,207.52477474487412,73.10798342259272,405.86986484166107,211.5879345406977,76.38713866169294,410.4660096922792,167.1,167.1,167.1,133.49,133.49,133.49,0,0,0,1.0429280823794178,0.9803897561199792,1.0908386775211831,0,0,0,0,0,0,0,0,0,0,0,0,207.07714567762108,72.56676457189909,405.228437612457,211.27113893235352,76.25576979773332,410.4524665499352,CIP+CRO
MSW,cip+cro+nda,0.5,0,0,305.7559456957133,302.5154475160833,311.15932859798056,305.7147115678397,302.4650322040234,311.11067368241385,511.831231095384,378.0963047730534,722.0168478003854,510.1572507921336,376.7276928262844,720.5566515188733,167.1,167.1,167.1,133.49,133.49,133.49,0.26991549844690127,0.10249010803849258,0.4473286843662831,0.5176168845000801,0.4603475567552603,0.5737744138283142,0.4741857768607628,0.1008064516129028,0.9542440850641474,0.410457259770212,0,1.1254815126735844,0.5076777243187565,0,1.392061851791432,0.014272437303911877,0,0.10910191303108276,204.61488030234446,70.97212891670166,411.03088673947735,208.4972170103377,74.85838596619483,418.79225992498453,167.1,167.1,167.1,133.49,133.49,133.49,0,0,0,1.0446086094796945,0.9810140703628499,1.0884529209017326,0,0,0,0,0,0,0,0,0,0,0,0,204.1869623930162,70.76863736609761,410.2755580497449,208.2064527214542,74.78055007418769,418.55716627979245,CIP+CRO+NDA
MSW,cip,0.5,0,0.05,305.6820244055205,302.5072560820501,310.3807141267741,305.65627554853126,302.4856083916132,310.3833534340076,509.1777578326442,379.1604405145936,690.4719430052487,508.1073227595667,379.04610005172054,689.2700532170206,167.1,167.1,167.1,133.49,133.49,133.49,0.27297923581939854,0.10566192567199115,0.4476320337726102,0.5251126534001748,0.46766285680918557,0.5838153051801471,0,0,0,0.4206182566025548,0,1.2443339960238562,0.5202454439189453,0,1.5390656063618318,0.003729719322805846,0,0.011033797216699785,202.2252089012115,73.82757074337155,382.73243839354416,206.4427029734346,77.20737347992848,387.75547195550035,167.1,167.1,167.1,133.49,133.49,133.49,0,0,0,1.042682136647352,0.9816534325191633,1.0895541703694882,0,0,0,0,0,0,0,0,0,0,0,0,201.95585439297435,73.22515785657419,382.7268836197093,206.1573511304647,77.09918447860079,387.2892797540088,CIP
MSW,cip+cro,0.5,0,0.05,305.77869113442057,302.50208420483403,310.9681724684937,305.73393195696406,302.472967053081,310.9036075246647,512.8577195524744,379.04848179624764,726.0299686774913,511.03550645118315,378.02619212569016,724.2952142347697,167.1,167.1,167.1,133.49,133.49,133.49,0.2676635918145402,0.10508560279945325,0.4469203899919048,0.5182569223286468,0.46125493865030676,0.5716774287943817,0.46582330399451427,0.09919654620741607,0.9395063372961454,0.45357810845355356,0,1.2985477178423226,0.5610121307865771,0,1.6061203319502115,0.020785393324538548,0,0.1160543595342067,205.44323625166533,72.98787328974326,419.0273083146822,209.4292502562753,76.1631274468379,423.646308903205,167.1,167.1,167.1,133.49,133.49,133.49,0,0,0,1.044647573424892,0.9799362794612796,1.0881073472479383,0,0,0,0,0,0,0,0,0,0,0,0,204.9737999421103,72.87436818991004,418.9499314443374,209.08698181078225,76.07202498325127,422.4178732494733,CIP+CRO
MSW,cip+cro+nda,0.5,0,0.05,305.91164964139097,302.54589185476743,311.5016532889801,305.8696991575239,302.4833472065065,311.4000912993768,518.641637646134,379.71100896315073,730.9350229555897,516.9348509725306,378.25847005341876,728.1342333630772,167.1,167.1,167.1,133.49,133.49,133.49,0.27177123661695796,0.1079888407889914,0.44721924469198515,0.514869756704886,0.4624848856209151,0.5707604793483156,0.4506464983502286,0.10101010101010059,0.9110703183620945,0.4191395124951758,0,1.225340248139345,0.5184164460746771,0,1.5155730198067934,0.03669629999660998,0,0.1986683107262883,211.15049604741296,72.82812019596632,422.0236519070336,215.2858877542118,76.19216263419561,427.71145371024164,167.1,167.1,167.1,133.49,133.49,133.49,0,0,0,1.042065633666997,0.976193821839731,1.0883500763068397,0,0,0,0,0,0,0,0,0,0,0,0,210.71752030599373,71.90081583673079,422.0612589310797,214.988576461345,76.19216263419561,426.3305088786758,CIP+CRO+NDA
MSW,cip,0.5,0.025,0,305.8803118816108,302.45119238089,310.91400236365297,305.9514550379469,302.55130616963015,310.99067372000275,516.8001752239768,377.13050607759266,727.1161858102607,519.6910544608006,381.2128101784587,730.1428561457313,167.1,167.1,167.1,133.49,133.49,133.49,0.27380732949896774,0.10397913378665959,0.4477775556409882,0.5264460314157148,0.47179840491966385,0.5812376947995628,0,0,0,1.4954809385553773,0.25965610539077677,2.911445977739564,1.849698943253947,0.3211579709031277,3.601047936838301,0.43352830796751995,0.09481527987737969,0.9348552442850704,206.65156930409145,67.83415939173254,416.35813833371355,210.79429630818183,71.01294785169225,419.8117864826115,167.1,167.1,167.1,133.49,133.49,133.49,0,0,0,1.0425243509505748,0.9752344382197323,1.0858708738092993,0,0,0,2.126946413212565,0.5441435719640179,3.935124885911855,2.6307326502452586,0.6730288324587689,4.867194328852307,0.8495552057886903,0.21734445277361342,1.5717865816871113,207.31837349160318,68.21987403396732,418.7362860148863,211.2750196860157,70.82330193023351,421.66920459288156,CIP
MSW,cip+cro,0.5,0.025,0,305.8293464633146,302.5107296303792,311.3112351079643,305.95862169251114,302.64661349616586,311.43126170376473,515.943286954979,378.4916469211861,725.1943216677638,521.3082574106434,385.227640372752,729.4873027313153,167.1,167.1,167.1,133.49,133.49,133.49,0.2718497782728688,0.10412585971661939,0.4460914750292021,0.504293999737749,0.4476533906615373,0.5527084462809918,1.0634433497740956,0.47517328664618763,1.7047400373599009,0.42676813980592476,0,1.1821614616154499,0.5278519818353677,0,1.4621669524038967,0.013201619194599421,0,0.11037593632303377,208.11092029880746,72.09663390118294,417.49447638101555,211.8159398612068,74.4346071288866,420.8861011364252,167.1,167.1,167.1,133.49,133.49,133.49,0,0,0,1.045272813337169,0.984423822953839,1.0877228856486851,0,0,0,2.074429266013062,0.5454169792554706,3.840469874270999,2.565776348113136,0.6746038576300071,4.750119433083389,0.8285785532884893,0.21785308326228958,1.5339790199197145,209.36999633611288,73.39113180645968,418.26031054695596,213.0059582072319,75.15284960821081,422.8221187577679,CIP+CRO
MSW,cip+cro+nda,0.5,0.025,0,305.8339796409736,302.5076697794242,310.809091489692,305.96645172063637,302.6185764344078,310.9313223526272,515.5800583130025,379.07225592309453,718.5890103822976,521.0636161892571,382.5201128828211,722.0397255187675,167.1,167.1,167.1,133.49,133.49,133.49,0.27388568376767053,0.10488200678693718,0.4476763632797691,0.5036723913711887,0.4484546892980437,0.5550282586558043,1.0257974962104708,0.4254421402280293,1.7384197729935376,0.4020094295603181,0,1.0792312820665777,0.49722895014238744,0,1.3348568413673791,0.03284609108027535,0,0.20667035370741532,207.618952984177,70.37865441932522,410.95487061294983,211.5259185128873,74.70297761127402,415.4113675180353,167.1,167.1,167.1,133.49,133.49,133.49,0,0,0,1.0434599420125337,0.9799852941176472,1.0908217677068595,0,0,0,2.0484178581059234,0.5337599626978834,3.7367164179104484,2.5336039061394806,0.6601857726834421,4.62179104477612,0.8181889511527095,0.21319698142590066,1.4925373134328355,208.96411593099762,72.06897416504705,410.950379918407,212.82168456867683,75.04091868733038,415.84777302824625,CIP+CRO+NDA
MSW,cip,0.5,0.025,0.05,306.1084337340939,302.49971775205483,311.3770179993291,306.1762851437888,302.5283919283915,311.55779363366196,526.0274535065498,377.34829425818873,736.3897484592342,528.7846119480935,379.13529749805804,740.004766132487,167.1,167.1,167.1,133.49,133.49,133.49,0.26945497066178553,0.10330396937504661,0.4509037211217732,0.5260528962551679,0.47273084912875424,0.5774127394917223,0,0,0,1.4573983430318032,0.2596961010455067,2.9927044964247806,1.802596145163877,0.3212074398855679,3.7015532607561004,0.42401361272158317,0.09630114084222172,0.943755588270642,216.0345817011982,67.7195493206347,424.38305096688663,220.1473441725507,71.54266497492345,428.56084312535035,167.1,167.1,167.1,133.49,133.49,133.49,0,0,0,1.043523655753951,0.9767100230913552,1.086926652892562,0,0,0,2.0578321851091146,0.5303677769434312,3.965399660858377,2.5452481004988354,0.6559901174640587,4.904639954391304,0.8219492670990232,0.21184205821354388,1.5838790784703536,216.65449809622598,67.80010612760283,423.7601228610977,220.6102008698851,71.54513922911718,429.7778498563212,CIP
MSW,cip+cro,0.5,0.025,0.05,305.7723177018348,302.5002872914697,311.0234182767239,305.89209485612145,302.6027743643718,311.16152618685544,512.8111919159599,378.97800472422136,720.2501538846301,517.7607326708564,382.3527240776762,721.1413487942193,167.1,167.1,167.1,133.49,133.49,133.49,0.2737951967700139,0.10459852247865191,0.4466072253800128,0.5036998375864893,0.4471675533945982,0.557252183278994,1.041696162846136,0.4089770877676246,1.724137931034486,0.5212616262526868,0,1.3727388853466258,0.6447270937266616,0,1.6978843394968715,0.04992688784584868,0,0.21896259464006687,204.41721202854995,70.53022829790636,410.04352866184945,208.43555814253628,74.1225052121028,414.3264995332564,167.1,167.1,167.1,133.49,133.49,133.49,0,0,0,1.0423865640365597,0.9804895533880904,1.0871651549508694,0,0,0,2.050003683469962,0.5226179019874229,3.7291393318751296,2.535565348391551,0.6464046154714184,4.612419258301854,0.8188223691763709,0.20874656574030329,1.4895108371445638,205.53518675071146,72.68999404465386,409.900194437746,209.5467645171966,74.97566371152027,414.7074067409686,CIP+CRO
MSW,cip+cro+nda,0.5,0.025,0.05,305.7523279095483,302.31871590556256,311.2209901502065,305.8864205351692,302.4214224812462,311.2770357076156,512.182999292367,372.48768075031757,726.0553714360511,517.7306145044453,376.7386837830076,730.4126799217427,167.1,167.1,167.1,133.49,133.49,133.49,0.27232848936888876,0.10870357416063005,0.44384352522181475,0.5056854269894686,0.4530095,0.5598134252935096,0.9937713048500576,0.44630538473667597,1.703465566527512,0.4365613210426396,0,1.2598059068697927,0.5399647654340302,0,1.558202177349818,0.08670281414219631,0,0.3074180830735188,204.29028116506794,65.41489593782224,418.8250900684919,208.04147170881257,68.17789773926653,422.6303232872539,167.1,167.1,167.1,133.49,133.49,133.49,0,0,0,1.0452585953895857,0.9866548076923078,1.0884733998156269,0,0,0,2.138342598221001,0.5452130271094879,3.935384272567469,2.6448281233628186,0.6743515975983528,4.8675151535518495,0.8541071250283595,0.2177716197114097,1.5718901871574797,205.57840830041113,66.47904914622396,419.4266317736857,209.22133490503495,68.84353899925858,423.30750936223467,CIP+CRO+NDA
MSW,cip,0.5,0.05,0,305.9930064601104,302.6281328287816,311.1482214511317,306.1599926860377,302.76137929003136,311.30865564143943,522.2569629773451,384.69004951472607,732.6215650343702,529.0834590740405,391.7192564813478,743.9910130779848,167.1,167.1,167.1,133.49,133.49,133.49,0.26979716525368486,0.10637955658404522,0.4425318589542318,0.525241198991487,0.47000926429003625,0.5815681436266109,0,0,0,2.4783925891897174,0.7856485355648516,4.240014584233347,3.065421989009778,0.9717364016736416,5.244299872797953,0.8411847633517209,0.21780362603153514,1.4993717794871189,209.2857237369857,73.09375162359254,422.53162645187774,213.1770551613909,76.31866780647887,426.79324963571673,167.1,167.1,167.1,133.49,133.49,133.49,0,0,0,1.0426217440422527,0.9800527472527475,1.0886949312254195,0,0,0,4.126319818322362,1.7807464092140923,6.6882533643892295,5.103675487065437,2.2025320861049584,8.272425854037264,1.648154584726938,0.7112743286523766,2.6714544513457525,210.9631806394259,74.02499955101844,428.32377392639734,214.43708188020958,76.83953185425162,428.7041301285955,CIP
MSW,cip+cro,0.5,0.05,0,305.86382751329427,302.5805322880786,310.84116104117453,306.1662531786248,302.8417538599638,311.13247278754193,516.9164567521901,381.44533588389675,715.7056493014135,529.3984528176798,393.1144953747024,727.0694040072749,167.1,167.1,167.1,133.49,133.49,133.49,0.2698768915410368,0.1052209177343506,0.4453955722536958,0.4905967842649804,0.43801046847537484,0.543944955278225,1.6218002454574192,0.8420610349402935,2.5159369847957502,0.4385031423637265,0,1.1447198558545082,0.5423665244621808,0,1.4158569682213902,0.021717646548393827,0,0.11565367325969714,208.24368321365736,73.54477565062173,405.90020486514646,212.0440811337382,77.05413386254193,410.9255892648256,167.1,167.1,167.1,133.49,133.49,133.49,0,0,0,1.043458564608345,0.9810103647632771,1.0879589275242088,0,0,0,4.153747174646001,1.795159476523794,6.67034235948478,5.137599257472762,2.2203590170169254,8.250272467798597,1.6591097518157856,0.7170312655870718,2.664300351288057,211.18217387477148,74.88190798025876,408.3765617017969,214.78916334937927,78.7448783110148,415.19112553798084,CIP+CRO
MSW,cip+cro+nda,0.5,0.05,0,305.8878960979949,302.49710606095465,311.23545196211836,306.18776512778265,302.73949222080375,311.6406320585711,517.6181859101529,380.85898973026457,729.874458965076,529.9856332724293,389.29051600202695,744.9868838778086,167.1,167.1,167.1,133.49,133.49,133.49,0.2744214371708436,0.10199860675675058,0.4486136526035988,0.48939995123580887,0.43501571348733237,0.5438826774489262,1.5990424079422854,0.8910012303005431,2.4231867287398017,0.44208619640165037,0,1.2747454175152735,0.5467982568211179,0,1.5766802443991796,0.05142053330772101,0,0.21354237318324337,208.9048223075101,70.65792253209403,422.2180789510796,212.75563022519648,74.71510613678869,425.879049201992,167.1,167.1,167.1,133.49,133.49,133.49,0,0,0,1.0433050138027231,0.9715221956740443,1.0913587858768763,0,0,0,4.104488666117776,1.6839853165938854,6.680213759605901,5.076673431658533,2.0828522652838455,8.262481997122398,1.6394346805071796,0.6726255458515299,2.668243233585997,211.85772103424696,71.27095460306585,429.4087399764258,215.50221252289595,76.82112268855239,432.31347528356264,CIP+CRO+NDA
MSW,cip,0.5,0.05,0.05,305.94700122415895,302.6493508856231,310.74689710896087,306.11049556495766,302.8307908371487,310.9290468263599,519.5683274123404,386.3552870151134,711.9771421427104,526.2405591330086,392.49364667866314,720.9255239735005,167.1,167.1,167.1,133.49,133.49,133.49,0.27120871214252296,0.10509736269803398,0.44525237330289136,0.5267368388623705,0.4717272540983607,0.5793565118152526,0,0,0,2.493802652456114,0.8056237224485323,4.392995059675213,3.084482063267137,0.9964428898123242,5.433515138916062,0.84505577297467,0.29164882345557763,1.55313202877721,206.4266911800654,72.50021505540182,399.94111693596483,210.48812534350586,76.42665237341168,403.7725747370686,167.1,167.1,167.1,133.49,133.49,133.49,0,0,0,1.0423356579399587,0.9746266260162603,1.089749567275186,0,0,0,4.1228646557590825,1.7521722777777753,6.525093148656401,5.099401938418108,2.1671899166666675,8.07061968530493,1.6467745070135333,0.6998611111111103,2.6062842101998727,207.99313049030386,74.10559399083593,403.7650000712336,211.65746719301856,77.12194754128258,404.6099622398244,CIP
MSW,cip+cro,0.5,0.05,0.05,305.94632641735546,302.38202994542945,311.5661154113731,306.23148396340093,302.6372591452258,311.7836868711017,519.7835428551975,375.5546675728463,741.877065334024,531.5299277248332,386.48971810453673,755.5995384266191,167.1,167.1,167.1,133.49,133.49,133.49,0.27351864335868664,0.10509284685267604,0.4513322440255953,0.4911519760506733,0.4400316848776552,0.5442532499346747,1.6151840713592198,0.8703851652510297,2.429272979609267,0.599448144875683,0,1.5989999860937358,0.7414327869556002,0,1.9777374009178161,0.0844418481304761,0,0.31221074380165315,210.70945560843506,67.98505758689633,433.4292907530566,214.45929284927345,69.32018453578571,436.3306146838507,167.1,167.1,167.1,133.49,133.49,133.49,0,0,0,1.043610595115669,0.9796471549951696,1.0872266121541019,0,0,0,4.145803698264817,1.7989353914610855,6.982177155016296,5.127774297829858,2.2250292911001726,8.635968117200624,1.6559369301265445,0.7185394597623748,2.788854910934777,213.40823866510596,69.11812406417945,438.3326204937206,216.935545471382,70.55646621789138,442.6545510908751,CIP+CRO
MSW,cip+cro+nda,0.5,0.05,0.05,305.9073168178441,302.4689758207788,310.89816830434887,306.20735853096744,302.76274870772625,311.24011021030356,518.6138217044156,377.53574901910343,719.2318749120204,531.0044582892741,390.83963706995473,733.4500577273543,167.1,167.1,167.1,133.49,133.49,133.49,0.27421400822387926,0.10360237917115235,0.44760371636213614,0.4894631617499032,0.43511480701754396,0.5410966393986776,1.5115424216982878,0.7971761217774866,2.35294117647058,0.4488769405248491,0,1.2826478081765236,0.5551974492847294,0,1.5864543868027752,0.1302068615944587,0,0.3998319443574771,209.86854511441737,67.74444205272073,414.6182806357258,213.7119346866791,72.91527443998775,415.5699138094912,167.1,167.1,167.1,133.49,133.49,133.49,0,0,0,1.0423514554921554,0.9808816948730714,1.0871169194693258,0,0,0,4.115268953571233,1.7136513242009146,6.906574405154115,5.090007126389471,2.119544931506851,8.54245818141885,1.6437405949717339,0.684474885844749,2.7586572955560422,212.79808598193497,71.5257913172235,416.5903779575941,216.55250156202138,74.02331567674948,416.03307360959525,CIP+CRO+NDA
MSW,cip,0.5,0.075,0,306.08841278767983,302.6626118858139,311.5380684862572,306.34766899830646,302.8673058914719,311.8237303454444,526.2584699957115,387.9435986069453,745.6210378202702,536.8778673317844,396.0224964112439,760.6024406406024,167.1,167.1,167.1,133.49,133.49,133.49,0.2757421629284718,0.10913951327226895,0.44328823299260123,0.5256848802302218,0.47207964773067557,0.578643381061955,0,0,0,3.536355996902747,1.339831930680745,5.973438309724979,4.373973470206521,1.657183078984658,7.3883004752733665,1.271161437468689,0.4962971828181022,2.202441106425704,210.25265144209453,72.41146339158969,430.55464668521836,213.96699179662593,75.35069216104783,432.55947719226396,167.1,167.1,167.1,133.49,133.49,133.49,0,0,0,1.0424929035289918,0.9755582076671512,1.0891472953248038,0,0,0,6.190620301663534,2.8211068156070827,9.64877590221433,7.656923959950192,3.489311138044769,11.934174572134886,2.472687450736353,1.1268201052912148,3.8539606575388787,212.83028805479472,73.54522962611183,433.96976229073124,216.01577951863925,76.69548925991816,437.9674801574879,CIP
MSW,cip+cro,0.5,0.075,0,305.86330107113247,302.54373944089224,310.5295239476924,306.3293680250356,302.9794055046593,311.12435382925133,516.5636847004704,380.14034868758415,715.4867654713383,535.7760244384876,398.0450944948372,733.9580862495661,167.1,167.1,167.1,133.49,133.49,133.49,0.26914464664793764,0.10495109377710858,0.443719544110788,0.4785128137918306,0.4250183772590645,0.5315242963576159,2.211093547149664,1.3565937977427431,3.2000376647834297,0.4547508677799177,0,1.282647808176525,0.5624626686240988,0,1.5864543868027736,0.025678258215488376,0,0.11480757238307371,207.3691827095149,73.99076778042013,400.3912643390243,210.92074537203223,75.43580666295071,408.480241635677,167.1,167.1,167.1,133.49,133.49,133.49,0,0,0,1.0440216591544937,0.9834455858895707,1.0861583217890363,0,0,0,6.095822632538908,2.7610020180227806,9.572857857879345,7.539672616999515,3.4149699828284628,11.840274661571037,2.434822908028003,1.1028127568392616,3.823637105719507,211.97141428404055,75.59796978310844,406.4575731378486,215.1620001158272,77.33935858992685,410.24005104923236,CIP+CRO
MSW,cip+cro+nda,0.5,0.075,0,305.82990991770504,302.30639323467904,311.01737452948635,306.2987238806208,302.7868014326422,311.5193740890115,515.3813438042102,372.63343882929513,732.7439812598143,534.7158803717201,390.3643891256955,754.8026248095605,167.1,167.1,167.1,133.49,133.49,133.49,0.27420006805788355,0.10699419320654886,0.45038769899503944,0.4772267112325264,0.4231820230263159,0.5272633128997869,2.15076583562231,1.2708533205415204,3.1447591098948573,0.4632098231325182,0,1.2905821227741314,0.5729252030324957,0,1.5962680146119115,0.06418306908515926,0,0.22816518965823027,206.14636438646542,64.97861386735839,420.6477670853697,209.7325049101609,66.62058642223377,427.50056752428344,167.1,167.1,167.1,133.49,133.49,133.49,0,0,0,1.0425779937270643,0.9721661258465011,1.0891058272044494,0,0,0,6.150539938651897,2.870647963085806,9.589841707611013,7.60735020531613,3.5505865483669554,11.861281287661072,2.4566783586243393,1.1466080696140795,3.8304208769815506,210.7578386674197,68.82756658223035,430.6380341887858,213.976159977077,68.07887242647064,433.5469521603626,CIP+CRO+NDA
MSW,cip,0.5,0.075,0.05,306.09918530420265,302.635645960356,311.32162773472743,306.3512480353299,302.927624319369,311.62497767570926,526.1767286144226,384.69616062312514,738.8675392143846,536.4902828391766,394.2172157139824,750.8877912953566,167.1,167.1,167.1,133.49,133.49,133.49,0.2731556872539094,0.10478422266581422,0.44527421798817945,0.5287875344655807,0.47698795180722897,0.5837225750893053,0,0,0,3.518483401964252,1.3662249356296055,5.852507702837227,4.351867591676986,1.6898275026644134,7.238726375062218,1.2538793760774256,0.4918490291262145,2.11315129353274,210.12809975176808,70.00837200727888,421.4275920506944,213.9308905446864,73.27874660766389,426.10934335853904,167.1,167.1,167.1,133.49,133.49,133.49,0,0,0,1.044141113586685,0.9806134969325153,1.0883777909455554,0,0,0,6.113277726872629,2.798597913471527,9.5887517870474,7.561262106180614,3.4614708015880846,11.859933209686458,2.44179490608429,1.1178294909216835,3.8299855356476273,212.5378615138649,72.46287710648201,426.49416711315473,215.81626650687377,74.07899720317184,428.8146320021381,CIP
MSW,cip+cro,0.5,0.075,0.05,305.85844024610253,302.5005236139332,311.24689923528166,306.3188635428354,302.92120612800863,311.72383500614785,516.0364504839682,377.06297397006324,723.6730880355865,534.9878191874398,395.3760803828456,749.1122169520607,167.1,167.1,167.1,133.49,133.49,133.49,0.2733049865518343,0.10458436901505655,0.44255874406107976,0.4789059690075105,0.4210934485741245,0.530871940260185,2.1851552030182164,1.3129229346185693,3.2101850983701357,0.6461991040458532,0,1.5649136767782403,0.7992571279710775,0,1.9355774450836851,0.10640319227088152,0,0.32272951409995526,206.26824384648054,68.28436440208765,413.8637556132952,209.79892305352553,70.27836005404399,416.4728661465647,167.1,167.1,167.1,133.49,133.49,133.49,0,0,0,1.0434902827034518,0.9792677951593861,1.0893809599100523,0,0,0,6.187886390410079,2.9217483937154713,9.739337604543934,7.653542497421253,3.6137905719680794,12.046186621756972,2.4715954587034985,1.1670188503416916,3.8901332499376666,210.89090635437856,72.61279937707461,420.5499289171423,214.0161323319435,72.56033549839744,423.8173614342027,CIP+CRO
MSW,cip+cro+nda,0.5,0.075,0.05,305.854310543023,302.4985547810089,310.65392810343457,306.32394619097573,302.9008543378961,311.22051798358785,516.5065727585073,379.5973399235551,713.8878596229969,535.8875280763176,395.64308812611273,735.6118417018104,167.1,167.1,167.1,133.49,133.49,133.49,0.27203770616392103,0.10907424847016027,0.44452032039079603,0.4774654530312851,0.4218329383564436,0.532523091684435,2.052816457168521,1.2007916481447578,2.952422632072523,0.4264109627975916,0,1.2037118256262025,0.5274102042654667,0,1.488821712427744,0.18328213779681857,0,0.4468928251837674,207.3697159267735,72.21498831528822,405.18756623466504,210.89578568298225,74.9318292976691,408.15384955233407,167.1,167.1,167.1,133.49,133.49,133.49,0,0,0,1.0436946229980013,0.9803447529415573,1.088477827119482,0,0,0,6.143429358588778,2.916616476531943,9.650239528915009,7.598555420916283,3.607443114406782,11.935984871879782,2.453838216403889,1.1649690352020847,3.8545452663824156,211.98030856112965,73.7843741178496,412.52993691777,215.17928275362914,76.9629982698072,415.3328140891542,CIP+CRO+NDA
MSW,cip,0.5,0.1,0,306.26258355839076,302.9218848359336,311.5332083127977,306.61996406810437,303.1988619092473,311.8751109345429,533.1249377103112,397.1274700512226,745.4483194039128,547.7643965102117,410.27982957290726,757.6126476112486,167.1,167.1,167.1,133.49,133.49,133.49,0.27458357721999027,0.10632911296665305,0.44432756779879184,0.5269519320135686,0.4726783505330783,0.5790334155087405,0,0,0,4.653184271290714,2.2169757633325338,7.454420740579579,5.755332487010236,2.7420862552865906,9.22006680990522,1.7109549279318113,0.8005633732534934,2.7945030487412255,213.98258409765796,78.69615252886355,430.2096961776147,217.36086754407205,82.79102468260716,433.09234614375,167.1,167.1,167.1,133.49,133.49,133.49,0,0,0,1.043800870083169,0.9794022926385255,1.0876021496072472,0,0,0,8.388690180086106,4.347767437271253,12.5186399795501,10.375626302785843,5.377574950572826,15.483791564417178,3.350651134400905,1.7366062618913733,5.000255623721881,217.4978314606965,80.60770970452683,433.11717661399217,220.16529894846676,84.23317688457544,435.5216769980443,CIP
MSW,cip+cro,0.5,0.1,0,305.8314442676916,302.5124143283722,310.8582797854395,306.4803862316771,303.0727428908745,311.5162928224299,515.547223362281,381.3712535954788,719.9003857467093,542.3412790523461,404.0125020124473,755.3186566370599,167.1,167.1,167.1,133.49,133.49,133.49,0.2648146586130704,0.10355333597421013,0.45003963499565525,0.4655881521677295,0.4111111111111111,0.5150275586201518,2.77261970143073,1.7856206948188071,3.837878862231104,0.4470862185616714,0,1.2469374302788845,0.5529825788456911,0,1.5422856872509945,0.03783914236122166,0,0.21120380069190808,205.7038173852988,69.71312403986488,411.42552911330085,209.1745161545071,74.11263294117876,414.3798420975051,167.1,167.1,167.1,133.49,133.49,133.49,0,0,0,1.0422759512356259,0.9771299833887043,1.0880322101564996,0,0,0,8.280135982617214,4.262145590594107,12.56736079217871,10.241360075000985,5.271672805493569,15.544052336260016,3.307291892721367,1.7024067704881392,5.019715925938131,212.1498234125852,74.44032140899,425.73504911509025,215.06929365440183,77.4109249271957,429.97009960095033,CIP+CRO
MSW,cip+cro+nda,0.5,0.1,0,305.91524263811976,302.4956626986127,311.0002577602049,306.56061775771275,303.0407255739383,311.7426573863271,518.6430354004949,378.05924039456136,733.7370463370911,545.2032633041902,401.0805854582225,765.6401168491715,167.1,167.1,167.1,133.49,133.49,133.49,0.2709502370931318,0.10760322316266471,0.45281322682105846,0.4666963278235087,0.4181891921292786,0.521539156626506,2.7106764364446447,1.7633032989266504,3.7604981592268767,0.44836269124821915,0,1.2774122428112362,0.5545613954782055,0,1.579978731062978,0.0884288746197882,0,0.31647386537480776,208.9231448457413,69.23750133331437,421.0660870174522,212.29540355123584,71.38035616822803,427.55821410313405,167.1,167.1,167.1,133.49,133.49,133.49,0,0,0,1.0446521411634775,0.9811657242705083,1.0883252079133066,0,0,0,8.276853056274605,4.076652261450616,12.467139162860754,10.237299558260084,5.042243726157538,15.420092319745411,3.305980610430822,1.628316129353974,4.979684918861142,215.2192917776746,73.65635756950277,432.86096450012474,218.111296420012,74.59001378248493,439.0729805831306,CIP+CRO+NDA
MSW,cip,0.5,0.1,0.05,306.3039476741088,302.8061709343087,311.3124223907235,306.65580234774137,303.0849961068763,311.69551668564924,534.9976781340533,393.8103781681305,744.7238396981203,549.4133562115063,405.97932937046204,763.0971067122224,167.1,167.1,167.1,133.49,133.49,133.49,0.26518386101284963,0.10532618101595798,0.44553133185287974,0.5257265374981661,0.46874832195227456,0.58166775,0,0,0,4.5980053028881835,1.9553711088320431,7.291446669029057,5.687083887571316,2.418518204029906,9.018490875265764,1.683786717858082,0.6978672174390037,2.763533409387224,216.06568273389308,71.91628451653696,423.724902142001,219.48792156604495,77.05699975058076,424.25333154712683,167.1,167.1,167.1,133.49,133.49,133.49,0,0,0,1.0434910688526275,0.9800758177431995,1.0862327633521134,0,0,0,8.271183236520237,4.2464068780677655,12.417229895390644,10.230286791104236,5.252206238466462,15.358361596927105,3.3037159436492396,1.6961203379404717,4.959749918273946,219.48783728716074,75.795263365635,426.1831156242867,222.18098888406263,77.32268618596436,428.64097349198573,CIP
MSW,cip+cro,0.5,0.1,0.05,305.9743752514335,302.5726831216099,311.6435119942357,306.5999913592295,303.11163262602525,312.3993340315013,520.9045062437418,382.3067395841803,753.1443978758408,546.6741399483753,405.52939845429205,784.6788637435794,167.1,167.1,167.1,133.49,133.49,133.49,0.2702475834215463,0.1030186061656688,0.44578438735175546,0.46453172835356715,0.41225197568389066,0.5203982466225928,2.794068123073264,1.8357542172488268,3.9016380628860663,0.7052589968788014,0,1.7497314984635168,0.8723058834218316,0,2.1641710169923867,0.13442069930946132,0,0.41699922143470713,210.50958335135587,71.61371420891054,442.36485440885997,213.7104492458083,74.14067520752822,446.124773918099,167.1,167.1,167.1,133.49,133.49,133.49,0,0,0,1.0440340227039644,0.9789840261976509,1.0878,0,0,0,8.247325588830574,3.919338949363999,12.377826257227015,10.200778246673892,4.847669352372795,15.309624855459797,3.294186606818411,1.5654812866927592,4.944011126868111,216.80889808868193,76.92990625238843,453.61696062186854,219.41644085944296,79.12725588154532,458.18257165199645,CIP+CRO
MSW,cip+cro+nda,0.5,0.1,0.05,305.95724631184106,302.57449542044554,310.9347684103987,306.60048945595884,303.17246542564953,311.8569111099412,520.2422163746174,382.2823613909811,721.2442428886764,546.730561985784,407.66211385967466,748.2136175188762,167.1,167.1,167.1,133.49,133.49,133.49,0.27331334867516843,0.106097689000865,0.4390776903142081,0.4643093387458004,0.408079906962785,0.519238144329897,2.5884614025611645,1.6761954261954273,3.6563181477443107,0.485447303802566,0,1.3013832308299975,0.6004298294276347,0,1.6096274614907193,0.23412301955513026,0.0021893491124260317,0.6001412825651293,210.21558592287877,71.64008938631801,414.01379264916045,213.78271424073736,75.59709798777465,415.0977446895291,167.1,167.1,167.1,133.49,133.49,133.49,0,0,0,1.0421608325851228,0.9801592396589125,1.0856657980177717,0,0,0,8.330636557345313,4.05528905144485,12.722436033866703,10.30382216147767,5.015820449234749,15.735858532701565,3.3274630761085287,1.6197831328666124,5.081656827714773,216.37316556634372,75.78174777531022,423.1739011876958,219.46213636914283,79.18926642189909,421.4297842431964,CIP+CRO+NDA
MSW,cip,0.5,0.125,0,306.26580433752036,302.7713963298963,311.51685369302976,306.71159054865376,303.1549919071026,311.81342786771364,533.3989662147956,390.9423302300197,739.0692759691373,551.6891859835943,407.73550363176986,758.6319392681019,167.1,167.1,167.1,133.49,133.49,133.49,0.26528466213732715,0.10665940564749604,0.4476240184631672,0.5288519556717108,0.4719756097560976,0.5836533378428811,0,0,0,5.676701238420668,2.591451239034385,8.862469071333889,7.021278580801022,3.2052595889095206,10.96162395202608,2.128606979926555,0.9674337374152446,3.3611400169254777,211.3521562717221,70.22700593084613,414.4732924748256,214.5036071831895,72.15074303398829,418.94454877336887,167.1,167.1,167.1,133.49,133.49,133.49,0,0,0,1.0431414723146106,0.9814152631578948,1.0880498043052838,0,0,0,10.39198153859788,5.45035456508092,14.908841481159147,12.853415095231746,6.741319678155288,18.44013361981044,4.150815441203818,2.1770069360444637,5.9549614479785715,215.68353197771188,71.41527228594033,419.32381801577316,217.92953791971343,74.4112697357591,424.66800095276193,CIP
MSW,cip+cro,0.5,0.125,0,305.9444442952068,302.53120269782,311.07028840541113,306.7663323992717,303.32708377709514,312.1425339962861,520.1268930229147,382.2361065086437,733.3547536386562,554.0333138192472,413.57655108323974,775.1118967662236,167.1,167.1,167.1,133.49,133.49,133.49,0.2765539379824034,0.10698039639314548,0.4456642905439352,0.4521132668859251,0.3986010895883777,0.5023030303030304,3.358679714356909,2.2727272727272747,4.546163296163301,0.46667035582821703,0,1.2799591002044988,0.5772053937760253,0,1.5831288343558292,0.04453284281168638,0,0.21414814073380928,209.655689781526,72.7080516787067,425.05782475252687,212.937248469096,75.3179744427541,428.1183440549088,167.1,167.1,167.1,133.49,133.49,133.49,0,0,0,1.0432334046251037,0.9850599192039692,1.0891515599628858,0,0,0,10.423069108478058,5.453349748745776,14.851980983423362,12.891866033437113,6.74502429779764,18.36980520581114,4.163232588463835,2.1782032867653682,5.932249953436396,217.70373012908678,78.72637993207881,437.5216545016599,220.3074009283062,79.00980649987818,441.2090767674711,CIP+CRO
MSW,cip+cro+nda,0.5,0.125,0,305.8735544152161,302.5495366975802,310.9140530167286,306.6890728486354,303.2590991690742,311.9077556073131,517.2901554488589,380.1975254425244,724.0435634611185,550.9517041121801,411.1749451047947,762.1028113028727,167.1,167.1,167.1,133.49,133.49,133.49,0.27581572925107223,0.10652314393871504,0.44741418787831644,0.4533112813385298,0.4000179407844631,0.5030427797795451,3.2954670852058903,2.249341277332076,4.421217460497898,0.4764521599231346,0,1.2852156057494806,0.589304105455336,0,1.5896303901437383,0.10751803578569208,0,0.33164588450764915,206.79641942880383,69.77875677249656,408.30179907219843,210.08445762132482,73.28716713202992,416.9133786255838,167.1,167.1,167.1,133.49,133.49,133.49,0,0,0,1.0445634516214515,0.9846397034185905,1.0894031214203894,0,0,0,10.318128732267914,4.903205080699685,15.137839091490724,12.762069592722808,6.06457295610106,18.723371357529228,4.1213167967198885,1.9584618472198752,6.046428779154305,214.84981693739783,75.29504461563579,422.9046811240869,217.41081970130875,79.17637245989489,426.4807758474588,CIP+CRO+NDA
MSW,cip,0.5,0.125,0.05,306.2768246158829,302.79933139040685,311.58746923271957,306.72284680787607,303.2183068267352,311.9923676459333,533.714423750833,392.17484926169146,739.8753881004849,551.9978390575947,409.7816575231311,763.2793481843884,167.1,167.1,167.1,133.49,133.49,133.49,0.27549468580807573,0.1036783308801752,0.4490061691251292,0.5280920960481369,0.4685129392212726,0.5825773680962666,0,0,0,5.625141375082775,2.4984783620010984,8.57111011987091,6.957506303755122,3.0902652563399124,10.60125403306928,2.105125193909406,0.9396574364626543,3.2359306404335633,211.75431468614008,71.47149110438228,417.29497294608535,215.0882901640934,75.19553853675815,419.86911550536223,167.1,167.1,167.1,133.49,133.49,133.49,0,0,0,1.044531938744319,0.9827119643157066,1.0882525130305287,0,0,0,10.317974258966142,5.148002446183949,14.771239999999988,12.761878531041125,6.367352761964063,18.26993999999999,4.12125509624786,2.05623999288383,5.899999999999998,216.05479451665317,74.11222441801442,426.1567252480064,218.52500572265018,78.28413846102406,427.69082790103124,CIP
MSW,cip+cro,0.5,0.125,0.05,306.04334088696794,302.6490957543617,311.2869938214019,306.8463656981144,303.2893722092196,312.14961657221477,523.9023858554265,386.7100151124038,731.3220077088775,557.0006867016575,411.86922095529405,767.3302338430051,167.1,167.1,167.1,133.49,133.49,133.49,0.2743302585679219,0.1072550527048854,0.44891919272203806,0.4503803722493326,0.3975665320910974,0.5037983959535809,3.397527928956123,2.2493739827219237,4.566117631368366,0.784573470261221,0,1.8409792414860682,0.9704066975598729,0,2.2770316021671855,0.16923575546929168,0,0.4519920474406999,212.54705850730386,73.18182487949866,421.4550332479644,215.70917613948242,77.22524895029377,423.87696886183596,167.1,167.1,167.1,133.49,133.49,133.49,0,0,0,1.0427080605544212,0.9804512645788737,1.0883640919252775,0,0,0,10.476986000348004,5.399044957983191,15.166931749598572,12.958553622255005,6.677856932773112,18.759354871308094,4.184768333738617,2.156512605042017,6.058049109122295,220.62847703285559,77.88349300448073,430.96050387816445,222.96354593389842,80.96846077312051,434.226179809547,CIP+CRO
MSW,cip+cro+nda,0.5,0.125,0.05,305.8750236535534,302.51118141798116,311.10743526345175,306.6952976942228,303.2593130135624,311.98919173214585,517.2282714687756,379.25591865783815,727.7771301055224,551.0400276650812,410.0453625213892,761.3226192360746,167.1,167.1,167.1,133.49,133.49,133.49,0.26904356009464286,0.10563127444991614,0.44916890040306395,0.45209800937841493,0.4004362538708101,0.5045664335664334,3.1291421821458165,2.113502849046862,4.194282159801924,0.4775950243000047,0,1.3069556752005294,0.5907176674578187,0,1.6165197890341716,0.2801077999650455,0.0021928223189431125,0.6615733384779219,206.76070328487216,70.00903152481209,416.9751245588487,210.0236109779169,72.01903453534013,422.79651858774434,167.1,167.1,167.1,133.49,133.49,133.49,0,0,0,1.0432515773508817,0.9720309234265665,1.0873995236402905,0,0,0,10.397153908151463,5.6403518242528605,15.103856354632429,12.859812586667926,6.9763194835362645,18.681339506212964,4.15288141402439,2.2528965586566776,6.032855230321307,214.7742898936844,73.8284551392747,427.2019225731167,217.26558110696715,76.16395566362486,431.2982755378178,CIP+CRO+NDA
MSW,cip,0.5,0.15,0,306.5256526431014,303.0440279753415,311.90660203899705,307.0769883006362,303.48500281608557,312.51250793189695,543.567182722871,401.3555421798543,760.4008372015439,566.1114460666322,419.93159647128954,786.7878614474847,167.1,167.1,167.1,133.49,133.49,133.49,0.26918251249804764,0.10401136722715887,0.4435341394651362,0.5271710007840603,0.4720499794745485,0.581544407894737,0,0,0,6.770889022217784,3.1364432230738237,10.14365484545319,8.374634504792935,3.879337787414281,12.546270008959233,2.569848522480367,1.1700156819252034,3.8938575593810523,218.3479203544422,77.9841847579749,436.90430862167665,221.48527701747386,80.07938815898746,438.36136556542033,167.1,167.1,167.1,133.49,133.49,133.49,0,0,0,1.0434258362829567,0.9803109642791794,1.0901004672584829,0,0,0,12.554271535525587,5.969987528721606,17.961418940273187,15.527862772371197,7.3840323459974995,22.21574128872422,5.0144877518475734,2.3845612432982928,7.174236675296851,223.8376376959063,80.43589402858457,447.76598261480996,225.89488279459863,83.15929908486918,449.41876650299076,CIP
MSW,cip+cro,0.5,0.15,0,306.01833425076074,302.5589382670212,311.36870731662987,307.01773595963107,303.4761993745298,312.5191443899558,523.1865872028189,380.9430790839592,741.5493771968352,564.4000407461997,416.94790093540433,785.9002045808435,167.1,167.1,167.1,133.49,133.49,133.49,0.2745883362603651,0.10383948851654573,0.45182814734497934,0.43918761623855035,0.39085851188554527,0.49286083824492466,3.9135211262244023,2.8479771655497634,5.141172235023041,0.48414856032632086,0,1.2961297475330331,0.5988234669701572,0,1.6031296437972464,0.05320174744560549,0,0.21475739317003406,212.16245821340874,69.99171732195045,430.73275787965434,215.27460681371988,73.4048541878732,433.0586508620688,167.1,167.1,167.1,133.49,133.49,133.49,0,0,0,1.0426923867223632,0.979010623676218,1.087363155173964,0,0,0,12.499596754109426,6.864392412971072,17.74084924305878,15.460237781105308,8.490285007990991,21.94292769054793,4.9926492866709635,2.7418087605732056,7.08613566187041,222.09434493746957,75.28161508314382,444.6489104666635,224.28036611361148,78.62291287926296,448.6771535505498,CIP+CRO
MSW,cip+cro+nda,0.5,0.15,0,306.0180990642867,302.57699704313575,311.0417121419985,307.01260089074555,303.54579181924026,312.17607570193366,523.2077138350962,383.86470893929624,735.2649424336776,564.2590013270029,422.84946498976205,779.7357168303976,167.1,167.1,167.1,133.49,133.49,133.49,0.2748629409596234,0.10953753522820707,0.4527075709360867,0.4401207656785936,0.38859405716868156,0.4907357142857143,3.816508731492885,2.6367267251939586,5.051132273054517,0.4620013485214776,0,1.2774778144864518,0.5714304904264291,0,1.5800598339745755,0.12610356122543687,0,0.33292995689655225,212.31205702127582,73.25049093963469,421.6850942612774,215.3286576094533,76.79933762201323,425.95394514361334,167.1,167.1,167.1,133.49,133.49,133.49,0,0,0,1.043779094350734,0.9785102577904793,1.0885164753228929,0,0,0,12.399159075867004,6.0556245631720405,17.99079023609583,15.336010542550634,7.4899532762096745,22.252069438046966,4.952531984289425,2.4187668010752676,7.185968300086227,222.33297310562773,78.98715343605183,436.7657469853015,224.42337467743553,80.89821902633639,438.72751109200675,CIP+CRO+NDA
MSW,cip,0.5,0.15,0.05,306.34808674742493,302.9974089100066,311.4064695391192,306.8916672676046,303.52995764453726,312.0045632083497,536.215852894582,400.04081401256605,740.1662515735663,558.4582409685231,421.47706469533017,763.9404095787224,167.1,167.1,167.1,133.49,133.49,133.49,0.2712614468579619,0.10373350722931524,0.4450521295132171,0.5267658870215689,0.4734633076235189,0.5808718770496049,0,0,0,6.74689198426362,3.3755293700800846,10.244974785162507,8.344953554270141,4.175053621740685,12.671588480481779,2.558996665706682,1.2336264891816544,3.9165033396946547,211.0217058435017,75.15425063654311,417.95078190724576,214.11371461343748,77.06171909731637,418.5358681674163,167.1,167.1,167.1,133.49,133.49,133.49,0,0,0,1.0432787031779267,0.9685678637443887,1.0885785714285716,0,0,0,12.52884159939556,6.710087547361008,17.707910189484554,15.496409528953624,8.299431658075603,21.902186728214527,5.004330403976497,2.6801755661291726,7.072978986053911,216.2325788269296,78.94055877181384,423.0714679810527,218.2505923981176,78.44234090371668,424.7433248127015,CIP
MSW,cip+cro,0.5,0.15,0.05,306.0204977430518,302.66435514570054,311.2411517744706,306.99446354901534,303.50897529992096,312.2504064292614,522.6476637970916,387.6263850365619,734.1788638943417,562.7241125278726,421.3941325561311,777.599654355765,167.1,167.1,167.1,133.49,133.49,133.49,0.2696523493652757,0.10584474667938948,0.4457739002646409,0.4400181840685039,0.38802203326398044,0.49359788452266157,3.928863213678826,2.7494348828361086,5.1688673068529045,0.8239828334898124,0,1.9043219389967267,1.0191505201248416,0,2.355377582799687,0.18884726202005525,0,0.5094550745197591,210.67023580740783,77.0609070944637,418.49384368291317,213.59646482719182,78.1135920014811,426.07523311527825,167.1,167.1,167.1,133.49,133.49,133.49,0,0,0,1.0433127670347084,0.979713549385505,1.087630938597892,0,0,0,12.527969999364142,6.091497769848348,18.030603216435924,15.495331482677345,7.534323371989296,22.301312478037815,5.003982265283648,2.433095450490633,7.201870592920561,220.46633481066831,83.24567525901276,434.5472313481364,222.35588854891265,83.41015168373274,440.3870462637752,CIP+CRO
MSW,cip+cro+nda,0.5,0.15,0.05,305.9162465584675,302.43165994391177,310.98600955431516,306.90866983643207,303.44202378135344,312.10585103661197,518.7119208245954,376.2257175785592,726.1607253533276,559.5682421111433,416.4531457553352,766.3631518302892,167.1,167.1,167.1,133.49,133.49,133.49,0.2712227399557182,0.10624298560355389,0.4477569412054744,0.43970761801078384,0.38917359958506237,0.4922833245371448,3.645685621725447,2.484030077669216,4.845360824742266,0.48264116516433037,0,1.2773469387755116,0.5969590318133351,0,1.5798979591836735,0.33411476807286855,0.004404110312764159,0.7255652605721282,207.8161723567668,65.84019765768777,415.1284245307371,210.75720974679587,67.52138907522105,417.10422717778243,167.1,167.1,167.1,133.49,133.49,133.49,0,0,0,1.0440901420411002,0.9804232031701412,1.0879367581493289,0,0,0,12.494933019032024,6.360054605200714,17.850535708878382,15.454469398759612,7.866490290167981,22.078594374545798,4.990786475088681,2.5403637183259002,7.129947159641471,217.4711247433647,73.21056278425972,424.3222380699291,219.50859475839127,73.04061167939531,429.1842140658097,CIP+CRO+NDA
MSW,cip,0.7,0,0,305.75877644027184,302.4072666636939,310.98360591050493,305.7136744987252,302.38422664491816,310.8996696054368,512.3698888949042,376.4189825862472,724.4267050789047,510.51569427976676,374.3103418898623,721.5438941373978,167.1,167.1,167.1,133.49,133.49,133.49,0.16777550390963447,0.06302376153915874,0.2718226253118545,0.7291693780060978,0.6673721254704427,0.7860728675302457,0,0,0,0.5942900772180222,0,1.4903865253272643,0.7350529849470077,0,1.8433978727945388,0.005269707506886121,0,0.013215601878201517,204.9662224153857,69.694333017976,418.8727661215595,209.03155778583542,72.595573617376985,421.05554191916264,167.1,167.1,167.1,133.49,133.49,133.49,0,0,0,1.0439916927377595,0.9762155586565175,1.0892770639945246,0,0,0,0,0,0,0,0,0,0,0,0,204.44851409769734,69.24702651681751,417.1902677558668,208.56768733926958,72.37097802779412,419.6584532144768,CIP
MSW,cip+cro,0.7,0,0,305.81675116781855,302.60711643898156,311.0830199471661,305.75241610324326,302.5125762341337,311.0133981575564,514.7278071939201,383.5978209346331,734.3134651224292,512.1125860459995,379.6405684015717,732.8841212493114,167.1,167.1,167.1,133.49,133.49,133.49,0.16464479833884016,0.06399856456226075,0.2777561344589813,0.7160355441174363,0.6540521889400922,0.7721789402173913,0.6703139655417765,0.2083333333333334,1.2171003809429564,0.5696120935428923,0,1.5556027584947054,0.7045298006330566,0,1.924061152721963,0.005050882120407497,0,0.013793889294848394,206.72364577349163,73.2274052024175,425.76564228885167,210.61783418778782,77.78264918417176,430.96409532183435,167.1,167.1,167.1,133.49,133.49,133.49,0,0,0,1.04440754267669,0.9818209614292027,1.0880791440875803,0,0,0,0,0,0,0,0,0,0,0,0,206.0417965044902,71.78500986065829,425.70931048394067,210.16456231652802,77.61131992273093,430.96142267452444,CIP+CRO
MSW,cip+cro+nda,0.7,0,0,305.77375637744217,302.4498012161333,310.9163768639192,305.7109514139844,302.37828413109617,310.8790867647852,513.0383315406482,379.4427430511356,713.2344054001223,510.4914480250361,376.446045709222,711.7091810545473,167.1,167.1,167.1,133.49,133.49,133.49,0.16527440243646643,0.06319372253832571,0.2767175562695554,0.7156093960879412,0.659813896234245,0.7720855877806154,0.650700679079128,0.2007931525702002,1.2026310329910934,0.5630014805732538,0,1.4584787012202036,0.6963534049940637,0,1.8039323958293962,0.020129069631304633,0,0.11485596789035232,205.09665400692725,70.52498883815653,403.35987907513885,208.9802199231465,74.4546848961075,409.9430650345927,167.1,167.1,167.1,133.49,133.49,133.49,0,0,0,1.0444863891405542,0.9815197737868193,1.0883855985968054,0,0,0,0,0,0,0,0,0,0,0,0,204.45188906314442,69.84619328103963,401.725697703903,208.54305263634305,74.45405846726045,409.903961260638,CIP+CRO+NDA
MSW,cip,0.7,0,0.05,305.83593631777563,302.50812470179096,311.09619519738703,305.79511041145696,302.4833332600326,311.0805652738407,515.3517113388735,378.6968609298222,727.1953241434871,513.6764099880887,377.30556687235224,723.1909204315273,167.1,167.1,167.1,133.49,133.49,133.49,0.16321485543104183,0.06336151277941658,0.27674417580050664,0.729251974591457,0.6712106942249589,0.7825091463414635,0,0,0,0.5546574758034036,0,1.4283902173674121,0.686033048239663,0,1.7667171860920032,0.004918276067596885,0,0.012665866282775428,207.84358713766852,70.6740747913403,419.50533411361835,212.14955827886357,75.98777726075463,422.46070847579693,167.1,167.1,167.1,133.49,133.49,133.49,0,0,0,1.0439537190877388,0.977152960526316,1.0905263157894738,0,0,0,0,0,0,0,0,0,0,0,0,207.4096841693385,70.73383661047464,417.60174987597003,211.7275917690203,75.33667101312729,421.3452659802836,CIP
MSW,cip+cro,0.7,0,0.05,305.88697745913976,302.6365158471848,311.19084149264535,305.8187821357282,302.5796339581738,311.16188973178004,517.6858856716141,382.96245248251444,735.0784115826493,514.917897599452,379.9155436314533,729.4705776239372,167.1,167.1,167.1,133.49,133.49,133.49,0.1645773637456838,0.06388989037177899,0.2787141557711455,0.7157910327382311,0.6506744058249759,0.774948796591565,0.6398043465260187,0.19644443077443585,1.19838818094707,0.6317342310881819,0,1.5813882007343958,0.7813661207811411,0,1.95595410704351,0.030411163632318477,0,0.1948357967822383,209.56519497430676,75.94341812030005,425.6578240266769,213.44193514791746,78.11807024818582,429.9151064401756,167.1,167.1,167.1,133.49,133.49,133.49,0,0,0,1.0434261787504682,0.9704312083527434,1.0883205476376085,0,0,0,0,0,0,0,0,0,0,0,0,208.87876914811324,75.89866856127567,423.6062830547055,212.97282260545398,77.93887901733174,427.5939924876774,CIP+CRO
MSW,cip+cro+nda,0.7,0,0.05,305.8248869465047,302.4646068082217,311.1323080237451,305.7617877156716,302.3836714503683,311.0062468465179,515.6745537489802,378.6612506204474,730.8384828605881,513.1094182116575,376.23637968620346,728.361087308995,167.1,167.1,167.1,133.49,133.49,133.49,0.16779920967850692,0.06334432767064624,0.2766565818903943,0.7148200981664544,0.6549915494016195,0.768977402885083,0.6047696068556351,0.2007931525702013,1.1578947368421044,0.5620427867711566,0,1.4472374740553917,0.6951676360103707,0,1.7900285837034364,0.05548030212194984,0,0.2194735037573809,207.66455374845927,71.42973067224388,424.0147855839365,211.5933170813981,74.23406387961911,426.40160303843334,167.1,167.1,167.1,133.49,133.49,133.49,0,0,0,1.0434203626223493,0.9823439435464053,1.0876671171607963,0,0,0,0,0,0,0,0,0,0,0,0,206.99647408888282,71.31660827579536,423.1950130407407,211.16257475302163,74.22971734804361,426.39581067856005,CIP+CRO+NDA
MSW,cip,0.7,0.025,0,305.992368941259,302.6204592680419,311.06238165859537,306.0063235201008,302.6182799540493,311.06991546694957,521.7908563402891,381.33708894798434,729.76845958434,522.3518959193777,384.15805934342313,731.7970115775878,167.1,167.1,167.1,133.49,133.49,133.49,0.16611355547522005,0.06363310966433544,0.2786121822117499,0.7286368626727889,0.6688081425097876,0.7858849516728625,0,0,0,2.0141069145794335,0.7108548611111097,3.863979377104376,2.4911661094770228,0.879227178030304,4.77919737144169,0.5831072194922647,0.10873169153541556,1.172611180601728,210.18231926929982,71.91501747525196,417.5510383811059,214.07861783326578,73.97351840748095,423.06263691516125,167.1,167.1,167.1,133.49,133.49,133.49,0,0,0,1.0437421809922507,0.9798255915333685,1.0890137050103061,0,0,0,2.0646682259976172,0.5259388201821583,3.8691695734441205,2.5537033186708027,0.6505121227736403,4.785616912097402,0.8246797515568051,0.2100730229198589,1.545442392332687,210.23528856651376,71.28164375542441,416.04678109231446,214.06318731824373,73.46285888962402,423.7827519507093,CIP
MSW,cip+cro,0.7,0.025,0,305.8701821458148,302.5525991149265,311.31901207831146,305.96930978096407,302.62439447322356,311.4301260439289,516.9454662958158,380.61867812081607,741.0868320667752,521.0761244106873,385.69041143676503,746.4486768857421,167.1,167.1,167.1,133.49,133.49,133.49,0.1613709132178914,0.06578723831740484,0.27618648910275106,0.6971792541336205,0.6408824662999691,0.7513879377431907,1.468418482370401,0.7885464425199522,2.3355495958580104,0.6125292988784254,0,1.5619899857752504,0.7576123290090002,0,1.9319612517780953,0.01670131354931114,0,0.1125825885698859,207.95981782680371,70.73897305051122,432.8021583360983,211.74522788789858,74.09287092076906,437.2565153501785,167.1,167.1,167.1,133.49,133.49,133.49,0,0,0,1.0440312271062522,0.9778571428571429,1.0887898089171975,0,0,0,2.0716530832410216,0.7274447895481495,3.8400740156391366,2.562342601679241,0.8997465790520841,4.749629811802261,0.8274696769615839,0.29055951012467796,1.5338209041536768,208.89535280821826,70.61605890783873,434.9167494407105,212.8489000540317,75.20567606760063,440.12801046734353,CIP+CRO
MSW,cip+cro+nda,0.7,0.025,0,306.0478938509169,302.6048435198138,311.48826344501225,306.1486464920647,302.69336832233495,311.59774832012437,523.8879825404206,382.81720451803994,731.8191505361061,528.0725422542854,388.60515057512725,741.6792387258064,167.1,167.1,167.1,133.49,133.49,133.49,0.16535663164412606,0.06576125149014686,0.27842916763204817,0.6966476691233652,0.6363786679920477,0.7553268809964653,1.4186900293983697,0.7367648681452059,2.1739130434782603,0.5847574954723391,0,1.542338061196034,0.7232625261541964,0,1.9076545935052085,0.047764270208418835,0,0.21331223628692,214.88038217052315,75.7690616271229,421.88468599014016,218.70692233154972,78.76669506132971,425.82702073692633,167.1,167.1,167.1,133.49,133.49,133.49,0,0,0,1.0425859405248874,0.9794008581160751,1.0880651611731436,0,0,0,2.0656399610721756,0.7241179719959016,3.919748141309604,2.5549052178687086,0.8956317750768917,4.848175465082002,0.8250678866720623,0.2892306965952619,1.5656447281153532,215.84846547460737,74.84312277521846,425.1639892862383,219.79724931445122,79.10679630323075,428.6742704779099,CIP+CRO+NDA
MSW,cip,0.7,0.025,0.05,305.9316133251063,302.7136591170899,310.9779091812471,305.9489075275616,302.7247730988813,311.00227042231796,519.6970501810305,386.63480270544824,738.270388416393,520.3954021616145,387.80296771773345,738.9283427502353,167.1,167.1,167.1,133.49,133.49,133.49,0.16440149569574436,0.06367918484299954,0.2761156572943233,0.729331143400686,0.6696309828369887,0.7865410451823626,0,0,0,2.0111829939909045,0.5035675441538121,3.67512818416772,2.4875496322065165,0.6228420103957082,4.5456150883103374,0.5878959633292169,0.10665997526359178,1.1628055477169514,208.15848666154096,77.06098786576767,423.315727968982,212.01796463392012,78.55512929261506,429.2578349869904,167.1,167.1,167.1,133.49,133.49,133.49,0,0,0,1.0449267967435714,0.9839049984276257,1.0876352569079157,0,0,0,2.073230327204838,0.5247817216981139,3.8641801817345267,2.564293429949873,0.6490809551886778,4.779445738440302,0.8280996673609354,0.20961084905660404,1.5434495054060269,208.3279811578698,77.24523084761303,423.35809120842424,212.080345677286,78.45134963203176,430.9766120384306,CIP
MSW,cip+cro,0.7,0.025,0.05,305.8895200757029,302.458974724708,310.6967481917237,305.97674953604155,302.5446171306258,310.7486886431072,517.9194406276442,378.0032295598813,717.1120704263695,521.5680092745569,380.54316855407143,722.3995292345877,167.1,167.1,167.1,133.49,133.49,133.49,0.16787179836117844,0.06618036279511809,0.2779117731758134,0.6953462093509281,0.6365989124691793,0.7481443651685394,1.4579198760480674,0.7413696410767677,2.3013390798333075,0.721813486530527,0,1.799487343085169,0.8927814516657736,0,2.2257119773915583,0.06868838018747056,0,0.28986249516669477,208.53759787417493,69.65705003962863,406.70286282889657,212.3248778631405,72.24907628005901,411.54767454472307,167.1,167.1,167.1,133.49,133.49,133.49,0,0,0,1.041886625407933,0.9793924469195964,1.0868750000000003,0,0,0,2.0738504782608618,0.5237656903765725,3.9662957410026722,2.5650604693172174,0.647824267782428,4.905748279113627,0.8283473710899754,0.20920502092050217,1.5842369951280835,209.3358850631087,69.43422923358378,409.66462963540687,213.3056172087537,72.31684179056639,415.25351166083635,CIP+CRO
MSW,cip+cro+nda,0.7,0.025,0.05,305.83504011922736,302.42682575485446,311.2710481878342,305.93831418158106,302.56536779626464,311.4337423035358,515.7864040034862,377.2596394520632,735.8571809423383,520.0995515379125,381.73566221726776,740.825813786089,167.1,167.1,167.1,133.49,133.49,133.49,0.16685359769390276,0.06367050236656807,0.2770143380087164,0.6976989244527247,0.6329285279616222,0.7544574095232214,1.3480763269968417,0.7028112449799194,2.062969888464333,0.5839804846104403,0,1.5617418862376966,0.7223014733362717,0,1.9316543876512582,0.12013990768769595,0,0.3338766447368418,206.92891919076834,68.36207978437685,426.93822913191514,210.60552041352335,72.44201966326867,428.70594337901855,167.1,167.1,167.1,133.49,133.49,133.49,0,0,0,1.042536390002191,0.9785494838929221,1.0881120891039548,0,0,0,2.0836043070687653,0.7208061420345504,3.754147151103247,2.5771245795131565,0.8915355086372376,4.643350402662694,0.8322432924863257,0.2879078694817657,1.499499581044593,207.97454084011298,69.55366960133115,429.3016825035256,211.75785356605013,73.47332410261198,432.4988555887235,CIP+CRO+NDA
MSW,cip,0.7,0.05,0,306.0583526507604,302.6250492836061,311.55479614340675,306.13087782677366,302.6908258909993,311.6285852706944,524.5072351200376,385.88833753393016,751.9603321990602,527.4769205517575,388.47782656785535,755.6878795688287,167.1,167.1,167.1,133.49,133.49,133.49,0.16761318188434293,0.0670794048603438,0.2780257830615859,0.728560121894696,0.6705120164483703,0.7883946460010061,0,0,0,3.510805503517178,1.5140465972267174,5.78169643766212,4.342371114471678,1.8726620438457615,7.151142829870788,1.192234896992595,0.49029745290840016,2.0206426838436307,208.39319711083985,68.61790277489959,436.12492370793376,212.23591273029174,71.54684442871414,439.8585809325631,167.1,167.1,167.1,133.49,133.49,133.49,0,0,0,1.0424480019363018,0.9801394136274296,1.087710843373494,0,0,0,4.1789476358240965,1.758948485029226,6.80098865958396,5.168768672748401,2.1755711290707347,8.4118635098528909,1.6691754416935998,0.7025676965286883,2.716483727266322,209.06197501761082,68.89483507761867,438.1337545091521,212.76354878541576,71.5028995758548,440.83972172944914,CIP
MSW,cip+cro,0.7,0.05,0,305.8781991301568,302.43344863628147,310.6865605617532,306.1372512338228,302.661153115963,310.99236038568046,517.4868335929629,375.45428071173194,717.4058194963142,528.2227838954896,385.9265042765303,731.4889611411256,167.1,167.1,167.1,133.49,133.49,133.49,0.16179051505604988,0.06236882071201662,0.2763756931428096,0.6793413793683691,0.6150284629981025,0.7361482403336667,2.2478596688911687,1.3237520654805368,3.249539806718825,0.6354784400314325,0,1.5946496815286608,0.7859971790227411,0,1.9723566878980878,0.030651325249765365,0,0.11870078238719109,207.5512180800172,67.3672584652559,408.6657891121117,211.21313605889276,69.30083876979718,412.3160263703217,167.1,167.1,167.1,133.49,133.49,133.49,0,0,0,1.0426151137990114,0.9754477364740523,1.0880039477959236,0,0,0,4.093684015019214,1.5745911949685567,6.823946746110565,5.063309602535749,1.9475471698113231,8.440259424031773,1.6351190345978648,0.6289308176100632,2.725653757034095,210.0617423722613,69.8274860063854,408.4300822449202,213.785636466957,71.15858872771344,414.1819214031398,CIP+CRO
MSW,cip+cro+nda,0.7,0.05,0,305.86199254496705,302.53669077007476,310.98217711029713,306.1229881474301,302.77822177917017,311.2967174635553,516.8145957338759,379.36060560185234,725.2287923527548,527.6351133599738,389.73302710914504,735.8710091774873,167.1,167.1,167.1,133.49,133.49,133.49,0.16777637324531894,0.06428069125493709,0.28104394710235214,0.6776526996126504,0.6120327607175434,0.7377177589265913,2.1892772762402326,1.2930820250908335,3.150697724862624,0.6124817039831401,0,1.539177369811826,0.75755346083807,0,1.9037452641633295,0.07154457394545663,0,0.22662739201148913,207.1382514055774,69.34645527032002,417.20626534084346,210.61088410319138,73.17249198636925,420.2269863543796,167.1,167.1,167.1,133.49,133.49,133.49,0,0,0,1.0428806601675145,0.976141719745223,1.0879075812136072,0,0,0,4.095721810411854,1.7592948260106285,6.683934752051185,5.0658300679506905,2.175999504004036,8.267084339831326,1.635932980672573,0.7027060337157002,2.669729490354368,209.70077391505208,70.73165620621268,420.17579015192956,213.18902291683622,74.64335787521597,423.7892087932286,CIP+CRO+NDA
MSW,cip,0.7,0.05,0.05,306.1050016580759,302.78787263925886,311.45684315026773,306.1752983223755,302.8267635053623,311.560540433086,526.680499877101,390.9609002700572,735.4993167536363,529.5464328401248,393.6219151973681,743.2491648896165,167.1,167.1,167.1,133.49,133.49,133.49,0.1638342642924687,0.06424844608098397,0.27457136312408065,0.7306136919905277,0.6747910531613328,0.7838164050235481,0,0,0,3.442095873321659,1.3038230679460623,5.875924510341043,4.257386995257968,1.612645195798757,7.267689662375018,1.1637617079353861,0.4188926007231398,2.04610418409167,211.0340807306927,73.25949479013117,422.31548307660955,214.69862338217985,77.60689806031814,426.9780841402364,167.1,167.1,167.1,133.49,133.49,133.49,0,0,0,1.0441039313168199,0.9792766046831957,1.0855382104077438,0,0,0,4.101883262949054,1.657560730501169,6.847078555484692,5.073450915500895,2.050168780184501,8.468870208864795,1.638394017793998,0.6620709100899385,2.7348931760204076,211.62226570884476,72.78149896678514,425.8601932020228,215.15969399976072,77.74010611251154,429.4200502008511,CIP
MSW,cip+cro,0.7,0.05,0.05,306.0666142052276,302.5060096117056,311.26131361186816,306.31274869425255,302.78514741538635,311.51700892298976,525.0043763295407,378.97261490494986,740.3878604408385,535.209989629591,390.6154816841354,747.879692743154,167.1,167.1,167.1,133.49,133.49,133.49,0.1661294274922584,0.0639674791387896,0.2806113018817945,0.6802374039636785,0.6214829802114881,0.7357815850059033,2.2503303007553974,1.4197348740959306,3.206735402394325,0.7932710666077951,0,1.7957994881265593,0.9811643972110958,0,2.2211506210787273,0.1040580795870037,0,0.3348475842813706,214.82588387020397,70.88534397948168,429.20434317388464,218.1673345981154,73.3221128425879,432.75090149116585,167.1,167.1,167.1,133.49,133.49,133.49,0,0,0,1.0454755771653477,0.9848784239177395,1.0892339876033057,0,0,0,4.124280784181889,1.7453646801682152,6.683362923130103,5.101153489494183,2.1587698788180614,8.266377068127763,1.6473401438655888,0.6971419876051367,2.6695010876857737,217.2212117028382,71.89955047072021,432.4306838546659,220.648715977959,74.46571704819107,433.5123818098889,CIP+CRO
MSW,cip+cro+nda,0.7,0.05,0.05,305.87483327877175,302.5660092536189,311.03219790732794,306.13219511376366,302.7777368699253,311.44615617846097,516.599493464852,382.91359580998574,717.0365897679068,527.2391195228987,391.7688952355893,736.9533564142009,167.1,167.1,167.1,133.49,133.49,133.49,0.1663379329772832,0.06288739938717558,0.2785703892361548,0.6797394704678557,0.6145533082706768,0.7378261897001305,2.1015226409159804,1.2312921530946892,3.0527925827226285,0.6114612521122014,0,1.5023108192771062,0.7562913058358535,0,1.858146542168676,0.18017057521311844,0.002141058102345415,0.4430223144140571,206.74127977334498,74.59432541480331,410.30849321977763,210.33760942012913,77.34604594795353,410.73116670757327,167.1,167.1,167.1,133.49,133.49,133.49,0,0,0,1.0422366795166755,0.9802023250192287,1.0861853255410465,0,0,0,4.0888050870678665,1.7701329973118287,6.601812892584095,5.057275056963714,2.1894047928885683,8.165511185163725,1.6331702696388664,0.7070350684261978,2.63692798074137,209.1361783823307,76.20872330969542,415.3223958266517,212.83854664069486,78.67071957674226,416.91654413303746,CIP+CRO+NDA
MSW,cip,0.7,0.075,0,306.37076667595187,302.8976249017045,311.72511109477193,306.5007175055177,303.03866838908033,311.826732457446,537.7757393270828,394.3195377582779,751.575550956778,543.1054115693944,398.95658936053394,760.1130731907747,167.1,167.1,167.1,133.49,133.49,133.49,0.16469677077789296,0.06352898793035178,0.273039859108548,0.7292223021829713,0.6638466720779221,0.7823851282994575,0,0,0,4.935024039312517,2.280492105263157,7.823749999999995,6.103928518986716,2.8206470095693756,9.676875000000003,1.7676971864767126,0.8315649292039196,2.8495920848689,217.7533792908527,77.84159207139179,433.243567802501,221.1595684712865,79.71690241472344,435.3231102248471,167.1,167.1,167.1,133.49,133.49,133.49,0,0,0,1.043672674516079,0.9789963620230702,1.086744953772741,0,0,0,6.224849380159403,3.01034068136273,9.503904555314532,7.699260501119032,3.723366733466931,11.754989154013009,2.4863593945356297,1.2024048096192388,3.7960954446854633,219.00129569986106,78.28658321395955,435.18695572794155,222.14880355737398,80.68801091870046,438.406306491304,CIP
MSW,cip+cro,0.7,0.075,0,305.8761324224096,302.50212179428496,311.253290226709,306.30685640706093,302.89118591127266,311.70209580434727,517.2478181156715,380.1092425585395,737.3339572186995,535.0796198780722,394.62657939545335,756.4911909600794,167.1,167.1,167.1,133.49,133.49,133.49,0.16405580845837395,0.06538230549228981,0.2736392486414454,0.6621805033341225,0.6083892644791897,0.7161308894391648,3.056073534342206,1.9915100918396882,4.175355604060335,0.6342838048467466,0,1.5922204263024364,0.7845195838346526,0,1.9693520418949209,0.04157719289072038,0,0.20924465824333918,206.67933685898538,70.96230197314645,426.592648845165,209.91108687618484,72.65725474612209,428.9590423838771,167.1,167.1,167.1,133.49,133.49,133.49,0,0,0,1.0440826227947537,0.9848121353366968,1.0899809609218438,0,0,0,6.238440644414557,3.0300772363195803,9.689665271966524,7.716070977589918,3.7477780675775634,11.9847489539749,2.4917880829264085,1.2102880796930757,3.87029288702929,210.9242628748273,73.23854307948696,430.8329610017475,214.08332017495286,75.89361025211376,437.08944457841403,CIP+CRO
MSW,cip+cro+nda,0.7,0.075,0,306.0347862731429,302.576825511894,311.40991165819196,306.469570393481,302.9545985488897,311.7303905684722,523.0441714489906,381.72485175767207,741.6635543422888,540.9628500391925,400.2210631189595,762.0831897898387,167.1,167.1,167.1,133.49,133.49,133.49,0.1639875696878281,0.06311394447128255,0.2743186082962764,0.662683160287899,0.603491791886557,0.7195915824612054,3.0087738958805303,1.9604327386692404,4.1380181121560415,0.6212093881321464,0,1.5947345033202316,0.768348374856209,0,1.9724616004878712,0.09995747944855697,0,0.32457302084049566,212.36030006371882,71.74265303663395,431.6547769185374,215.73529399346444,74.41867295490368,435.7076455901742,167.1,167.1,167.1,133.49,133.49,133.49,0,0,0,1.0435245146409906,0.9761919429595088,1.0880273147431931,0,0,0,6.244531388732734,2.880560946794666,9.510595482546206,7.723604369048485,3.5628475107223094,11.763264887063654,2.494220877429595,1.1505675614294066,3.7987679671457903,216.64336194741196,73.89379909835401,437.1111698609201,219.95628473011507,77.40403998313859,440.5932271060801,CIP+CRO+NDA
MSW,cip,0.7,0.075,0.05,306.2744952214915,302.8237179662261,311.20088061590366,306.4009356744242,302.9104224987668,311.41761343854574,532.9656557515167,392.6647290979821,738.2845967598828,538.129779719576,397.5979985835899,746.3395157767233,167.1,167.1,167.1,133.49,133.49,133.49,0.16479437524644708,0.06323975299771492,0.2740978704292788,0.7292887217114178,0.669873139469491,0.785178457349021,0,0,0,4.871572032686477,2.233899301242238,7.777103824114092,6.025447338399483,2.7630182841614928,9.619180261124658,1.739671775337416,0.7540889980964923,2.8272511095049713,212.81549043040033,72.88022439357374,421.25558079406153,216.58890067094794,76.73324913660163,423.95064635320585,167.1,167.1,167.1,133.49,133.49,133.49,0,0,0,1.0414817729453232,0.9745154946998817,1.0881963281190612,0,0,0,6.114115548550178,3.0449939781947277,9.395595399296715,7.562298373398499,3.766227972870183,11.621026007933464,2.442129552863947,1.2162461967545626,3.7528340786454364,214.00019114808475,74.76645489251005,422.0598298579639,217.5281417822895,76.55864758761295,424.25103500095605,CIP
MSW,cip+cro,0.7,0.075,0.05,306.0179044566516,302.6402873869692,311.21064666972893,306.4230167252223,302.96481560807007,311.73034271319796,522.6521930785289,383.4864987977784,728.9342925642953,539.4104435919519,398.651363065325,751.6504694250671,167.1,167.1,167.1,133.49,133.49,133.49,0.16629800559695024,0.06303312456627767,0.28095646690264153,0.6616495060489557,0.6045772833723654,0.7174157168440952,3.063691200282069,2.0406524494166005,4.166889721627412,0.9167602831234309,0,2.073590268720703,1.1339031365713441,0,2.5647386268255836,0.1525851510129537,0,0.447003253968255,211.335335706025,72.11366773969203,417.06251646822346,214.4854940287026,75.15635675419874,422.2186696106468,167.1,167.1,167.1,133.49,133.49,133.49,0,0,0,1.0437936431472052,0.9781737120815901,1.087710843373494,0,0,0,6.264819272368465,2.9609302617945765,9.81283898305085,7.74869761895518,3.6622530151274484,12.137097457627117,2.502324361866298,1.1826690612695985,3.919491525423731,215.31857112541604,74.12239996305149,425.63144270765446,218.34832970607945,78.47710706673091,427.8899538802626,CIP+CRO
MSW,cip+cro+nda,0.7,0.075,0.05,306.0954527164948,302.7033108974584,311.2004707951283,306.5181231263903,303.0988676441011,311.62616729109436,526.2182011728879,388.2288687637606,733.9827426417394,543.725347352552,403.83129784848074,749.8412535606276,167.1,167.1,167.1,133.49,133.49,133.49,0.16691933093777345,0.06399916663097793,0.27624147749547684,0.6637306476201483,0.6042746551854086,0.7185103090412269,2.824624487377891,1.785714285714287,3.904879576000179,0.6114919698498231,0,1.5746738940859415,0.7563292993437302,0,1.9476494569525926,0.24097381065536835,0.0022742427214450306,0.6047975394449489,215.5368703221011,76.53182971379901,421.53393359586374,218.96088489145828,80.38729885166534,426.55471595441594,167.1,167.1,167.1,133.49,133.49,133.49,0,0,0,1.0435118081274148,0.9812949949443884,1.0876726562156238,0,0,0,6.093804754996646,2.652974929426,9.629706521739129,7.537176787155542,3.2813557143555485,11.91058843873519,2.4340169176372606,1.0596640555304369,3.846343873517789,219.71030379211948,78.68539504056726,428.85857635639707,223.14000174550097,83.68815546102425,432.0449767147639,CIP+CRO+NDA
MSW,cip,0.7,0.1,0,306.3509485937296,303.005402695019,311.7489038604295,306.5399190033797,303.1501841206093,312.0360948888976,536.5203228558685,397.59081675370606,756.5468553906816,544.2501503458586,404.02829043020233,765.8537355968178,167.1,167.1,167.1,133.49,133.49,133.49,0.16142790878444765,0.06311656998716947,0.2768073561838188,0.7296835487580631,0.6726484133509798,0.7840311328946168,0,0,0,6.397946007584195,3.052402831623886,9.818430061196441,7.913356609316671,3.7753916793443656,12.144012832521556,2.359369477760334,1.1083845239191141,3.65818667927181,212.22194991210392,72.37278422335821,430.4779492104431,215.40626049387265,76.74062737513391,434.90282184337934,167.1,167.1,167.1,133.49,133.49,133.49,0,0,0,1.0431037587663865,0.9792775671364695,1.0861175902301274,0,0,0,8.333246458545979,4.0891246161115005,12.427517945483729,10.307050241066255,5.0576702693125455,15.371086463486547,3.328505535447347,1.633297897472241,4.963859220915373,213.99732419019043,74.93996360330273,430.74907570181983,216.8666121511506,77.5073507730854,438.17252961509644,CIP
MSW,cip+cro,0.7,0.1,0,305.98691215092856,302.4786668345966,311.45727056739787,306.5889143053092,303.0054241874566,312.12649803407726,521.3649647061304,378.59121848636346,742.9760838964222,546.2083221336262,402.07352655221507,769.2315254111564,167.1,167.1,167.1,133.49,133.49,133.49,0.1661132155932714,0.06409189175540789,0.2751047053290266,0.6433188670188305,0.5839494436498509,0.7008112734165923,3.8484063096940497,2.743902439024389,5.075657228671705,0.6325044432043663,0,1.6300517967865173,0.7823187645097625,0,2.016144110053176,0.050456468032121095,0,0.21812514741151964,209.9927115588595,69.95372701586855,430.9352082858291,212.97302136769633,71.03878305212375,434.1406191221146,167.1,167.1,167.1,133.49,133.49,133.49,0,0,0,1.0425048155518273,0.9745233313822026,1.0892791787725682,0,0,0,8.373866999100073,4.211871930182711,12.28857363305635,10.35729211911379,5.2094913800142875,15.19923195083972,3.3447303878814796,1.6823262223129531,4.9083614127881114,215.91996711686735,72.61220869485777,439.503305227799,218.78609015182474,73.79583386873456,443.86583227537324,CIP+CRO
MSW,cip+cro+nda,0.7,0.1,0,305.9091639828594,302.590019321191,311.43899999634124,306.5050375794447,303.156637194004,312.028909858535,518.526786360555,383.6883373326403,730.3648544648976,543.1843446362619,404.17274971355226,759.6758659458484,167.1,167.1,167.1,133.49,133.49,133.49,0.16240901273006736,0.06387772594205551,0.27387153049599033,0.6437790334630605,0.586827001891551,0.7016174370740932,3.765397394505987,2.6589902030437855,4.960038034539474,0.6517040410210846,0,1.5115339011758142,0.8060659583902744,0,1.8695541933140452,0.133379684820513,0,0.41078846460557006,207.17747991633684,70.06605156850728,422.1440546657207,210.12172066899325,74.24939105955119,425.0609751207076,167.1,167.1,167.1,133.49,133.49,133.49,0,0,0,1.044014858527984,0.977346784399448,1.0870678335964343,0,0,0,8.415186879770395,4.4385672715729365,12.39213030303031,10.4083989822244,5.489881535849469,15.327316942148746,3.3612345741214233,1.7728739701122098,4.949724517906337,212.89496596083208,74.96198906457948,429.76386431369406,215.61530467109992,78.0774532474098,432.4325737124069,CIP+CRO+NDA
MSW,cip,0.7,0.1,0.05,306.32975207198814,302.91122818285226,311.2696780030965,306.5179463450786,303.02164292297067,311.384978654477,535.513158254438,395.9644183701567,732.4236653033274,543.213538846546,402.709759698732,742.1860946382354,167.1,167.1,167.1,133.49,133.49,133.49,0.16640605569145667,0.06435651282613415,0.27887853864675555,0.7302781833897971,0.6692614148481975,0.7881900540865385,0,0,0,6.321509631184956,2.9421707746478836,9.488329204406373,7.818815595113969,3.6390501760563447,11.735724642261042,2.3260619471325272,1.1020015961901923,3.5540677030676275,211.48484864579163,72.9950004424738,408.5755631905134,214.69344358279835,76.5056132857223,409.5489135703819,167.1,167.1,167.1,133.49,133.49,133.49,0,0,0,1.0438507333436735,0.9770323907903242,1.0887458090527173,0,0,0,8.262683344761507,4.200859942149368,12.415146934460893,10.219773624136636,5.195871104353626,15.355785268114557,3.300320875843388,1.6779277608840781,4.9589179319623256,213.26478265205753,74.49942718586992,411.4408420069001,216.0811125679214,76.68985553007987,412.6845893712289,CIP
MSW,cip+cro,0.7,0.1,0.05,305.81766975798956,302.447713678551,310.8568340689718,306.38110052203433,302.92410732570386,311.3864910890594,514.8157855405398,377.41228325059836,715.3308802323827,538.1324276578599,397.5641919760618,741.6303183381581,167.1,167.1,167.1,133.49,133.49,133.49,0.17065605685870786,0.06597950419873254,0.2779661516087554,0.643419146489538,0.5811996149962131,0.6993977057037108,3.875385356439681,2.7082656926406936,5.142389020083623,0.9755154413323556,0.22231420765027343,2.077784335883921,1.2065749782831816,0.2749713114754111,2.569926096220703,0.1813704231041122,0.0019713114754098256,0.5068314345603299,202.4711720358713,64.81248311738824,402.8459406556447,205.3986951240044,67.47579382007956,406.75199381370277,167.1,167.1,167.1,133.49,133.49,133.49,0,0,0,1.044060645434215,0.9861106851708075,1.0883240503771552,0,0,0,8.331252556931359,4.187486588392125,12.40545823095823,10.30458406606233,5.1793301524265445,15.34380170873353,3.327709121637386,1.6725861113565,4.95504802322984,207.9586448609143,66.91404335779069,410.1143510701569,210.82168828805894,71.17010224686024,413.86026315781186,CIP+CRO
MSW,cip+cro+nda,0.7,0.1,0.05,305.9714239096489,302.5501367628594,311.2754447516848,306.5728182764549,303.087937806476,311.99706145655466,520.3782510113899,381.05335321770673,734.6322554865683,545.1409102558873,403.4101667114323,762.062091274536,167.1,167.1,167.1,133.49,133.49,133.49,0.16759008308271955,0.06603267199113123,0.27519641545120316,0.645159567959996,0.5905155720394223,0.6989925101920396,3.571628569476194,2.448866213151928,4.752191588315987,0.6334863570537447,0,1.6536350742520969,0.7835332534161312,0,2.0453132972236157,0.3104265019606768,0.004255224958200344,0.7021238232593398,209.07246749707477,71.69690905194561,422.23225179566157,212.01575819921746,73.97185511503534,423.80467646101204,167.1,167.1,167.1,133.49,133.49,133.49,0,0,0,1.04380290494548,0.9785765488945426,1.0850879251700682,0,0,0,8.296373756924348,4.054004244482177,12.377570396215255,10.26144391104487,5.014231324278437,15.309308391484326,3.313777662935112,1.6192699490662146,4.943908929627437,215.1419440311715,76.33310818091506,428.89235827225326,217.77143623862665,76.61673647298264,434.1058939010786,CIP+CRO+NDA
MSW,cip,0.7,0.125,0,306.53350124615366,303.14737254738736,311.3171483078669,306.7808369272208,303.3196236191307,311.5961756772095,544.2428279269755,404.726924846073,744.2497812486873,554.3623496731713,413.3155923298023,755.6410175263916,167.1,167.1,167.1,133.49,133.49,133.49,0.16167822004804258,0.06545798534877006,0.27833715236452505,0.7293583748175783,0.6745335594989562,0.782806017303592,0,0,0,7.7654322841506325,3.597467206316186,11.765302247182372,9.604744212773946,4.449559414874066,14.552019067992065,2.8985585810469656,1.3038119308103486,4.428006278758226,216.05787298414324,76.7697886579228,418.26191609384546,218.90294875427196,77.1006215207655,420.4384084240521,167.1,167.1,167.1,133.49,133.49,133.49,0,0,0,1.0445140564240183,0.981923076923077,1.0892307692307692,0,0,0,10.311613079129339,4.870413399679973,15.165772248508915,12.754010648998209,6.024014272826723,18.757920732038933,4.118714283084095,1.9453640356606348,6.057585975598699,218.44203794114287,78.15984712721846,420.00638477772713,220.8090235063951,78.40834570414074,423.44659597932593,CIP
MSW,cip+cro,0.7,0.125,0,305.8435196682256,302.7259982589076,311.14739210583025,306.6005505862595,303.36960732092564,311.9780649600335,515.4464574409617,386.9260165057378,725.3878307366851,546.6829404397291,414.0488821854717,760.2969010417062,167.1,167.1,167.1,133.49,133.49,133.49,0.16401193112712117,0.0647327853077126,0.27904229883074305,0.6271093681606648,0.5694501991270677,0.6806474493361285,4.639651030455902,3.458428661675445,5.965452018583083,0.6406867072700944,0,1.5268981907237091,0.7924390708310333,0,1.8885576519392262,0.060501559943819345,0,0.22419068736141864,203.3304314883791,75.82113722864537,414.3353986950277,206.0691946265389,77.11833361254855,418.1447087996322,167.1,167.1,167.1,133.49,133.49,133.49,0,0,0,1.0449391176958651,0.9822338703811465,1.0881040883458648,0,0,0,10.394079903807258,5.0056385031185,14.785039370078742,12.856010476964993,6.191268648648652,18.28700787401574,4.151653580367174,1.9993762993762993,5.905511811023623,210.59406091000704,78.32760184380618,423.56532535028083,213.0089305337986,81.50045216969443,429.3099037140478,CIP+CRO
MSW,cip+cro+nda,0.7,0.125,0,306.1100082814674,302.6524894888597,311.632340858545,306.8708869240349,303.35545251160426,312.5535411212711,526.388634599387,385.52598842856366,757.8344291917765,557.7913575223711,415.7232280387425,799.1877929615537,167.1,167.1,167.1,133.49,133.49,133.49,0.16413107291345827,0.06513563825928506,0.27769687409085336,0.6246111490257383,0.5606919948120687,0.6817520172702165,4.5195150117248994,3.326074568544451,5.760977805122594,0.6565457752321011,0,1.6258909937888226,0.8120545005526939,0,2.010997783737997,0.16107642525111923,0,0.44167490918576296,214.07055188142957,73.34526867040351,443.712899838002,216.98221221329192,75.63065541939874,445.54851540948545,167.1,167.1,167.1,133.49,133.49,133.49,0,0,0,1.0417593521314215,0.9780896240766922,1.0883636255034475,0,0,0,10.336084727092308,4.897910919425617,15.12931123844559,12.784278625145408,6.058024825488636,18.712823606395006,4.128488866868632,1.956347227762264,6.043022542916431,221.69791216397218,81.20468115173607,459.7765609953739,224.2672743440559,80.1527820321578,460.39890035222396,CIP+CRO+NDA
MSW,cip,0.7,0.125,0.05,306.56116208400334,303.04805853690107,312.23879999199465,306.8088893530317,303.2535864934093,312.4857694382511,545.1414825539804,403.6742487694589,776.0336893244787,555.2702414511966,413.207949379783,787.418686784781,167.1,167.1,167.1,133.49,133.49,133.49,0.1655020362414262,0.06419579142858202,0.2777867300828717,0.7284670981807617,0.6589240675595491,0.7855251787518289,0,0,0,7.878295730524944,3.9522145741065047,11.528420583235832,9.744340373519549,4.8883318621897205,14.259029868209016,2.951275255840351,1.4705705939910223,4.374679639966381,216.40988496960313,74.84586753821947,448.78069679413267,219.48627035965183,76.31672844404663,453.8896660195749,167.1,167.1,167.1,133.49,133.49,133.49,0,0,0,1.0413807676190108,0.9757815995403545,1.0866185046877486,0,0,0,10.437725399271503,5.549877752308923,15.043305460706824,12.909993797485276,6.864415820338654,18.60644659275633,4.169086674896749,2.2167589680096387,6.00866969991485,218.80522260437868,77.29662937443811,453.77923860415103,221.41743979294247,77.67613069317407,457.21712792645974,CIP
MSW,cip+cro,0.7,0.125,0.05,306.01498424489205,302.5231400654553,311.0782582840666,306.7187799087839,303.1992770186091,311.73854682841727,522.7639445728755,378.787336609421,728.8600226225988,551.8207504453565,407.94667462462735,763.2646631963877,167.1,167.1,167.1,133.49,133.49,133.49,0.16454515249858065,0.060448029891214006,0.2759675521705837,0.6265461955771797,0.569287533700646,0.6829185776425548,4.620143592314574,3.4113427443106867,5.9109029721123205,1.0403496876631055,0.2449230786768764,2.3229278350515443,1.2867657943831174,0.30293529534702707,2.8731340206185565,0.21689765063826658,0.0021890271493212646,0.5425175213316348,209.4841824006215,67.26327219183742,416.56740462211786,212.20600581325252,69.38941991487513,418.87848205991213,167.1,167.1,167.1,133.49,133.49,133.49,0,0,0,1.0426025154372796,0.980046817765568,1.0868338893312959,0,0,0,10.21920837549917,5.364311933797911,14.710516332339386,12.63971906677214,6.634897081881526,18.19483338980754,4.081805550207369,2.1426393728223005,5.8757454594741105,216.1725235993795,71.85531060253679,427.79812639572623,218.77965807331668,72.53994793034548,428.54909556844603,CIP+CRO
MSW,cip+cro+nda,0.7,0.125,0.05,306.10011259442757,302.57284941709736,310.9858356201075,306.8512501660883,303.2308206146113,311.8387500497365,525.6166210701269,382.84079980776323,729.3119566386222,556.567804159379,409.2341870687054,768.4234026668956,167.1,167.1,167.1,133.49,133.49,133.49,0.16682233920046777,0.06425259027183373,0.2742750120725995,0.626742284139932,0.572752320754717,0.6838042758316162,4.319340568079137,3.1600242709537714,5.590352052782143,0.6435281192471468,0,1.6306376460036713,0.7959534965891977,0,2.0168687228850324,0.36608449845013563,0.0063906398807343275,0.8082753396029259,213.42838453306805,72.84317301701657,416.7239040219955,216.2433649308553,74.11298881205893,420.41790300678247,167.1,167.1,167.1,133.49,133.49,133.49,0,0,0,1.0431599095145168,0.9819024193548389,1.08766823385201,0,0,0,10.193232587828836,4.936149365197906,14.927905315670897,12.60759068200622,6.105320388349509,18.463712893635766,4.0714301756785565,1.9716206123973126,5.962576016804161,220.87538642446364,75.76822399387581,429.3171793305225,223.6136462649895,76.92957705298575,431.0181624161851,CIP+CRO+NDA
MSW,cip,0.7,0.15,0,306.70317912691763,303.1677865724235,312.29801367817413,307.00503547525625,303.4682226677707,312.611815249367,550.5751577777718,408.84573002007465,776.4897196401909,562.9111210394802,420.1676212336161,799.5436872492236,167.1,167.1,167.1,133.49,133.49,133.49,0.16352052010183313,0.06406995946527548,0.2777033963162745,0.7287324446803118,0.6664317236598891,0.783546522382538,0,0,0,9.150820894186676,4.434004598272309,13.363574655752261,11.31827447712832,5.484238152664164,16.52885655815724,3.461614242541365,1.693646046098291,5.0654232411658,218.35857264938386,77.36164173922799,448.3957873259098,221.10999367307025,79.85989501618268,453.292389090527,167.1,167.1,167.1,133.49,133.49,133.49,0,0,0,1.0422253802893673,0.9755754707221188,1.0866594467017208,0,0,0,12.267382059118427,6.240455351335385,17.498560576469803,15.173020963518983,7.718562885822481,21.643250791299085,4.89989697200768,2.4925928068922296,6.989359552831838,221.339010711942,79.16060221609064,456.42999364912737,223.43047320589432,81.69155662469309,457.00902832045097,CIP
MSW,cip+cro,0.7,0.15,0,306.12340776529356,302.7506487663857,311.7048786993692,307.05476235725655,303.53877326667526,312.8194640167846,527.0165276105707,388.14077463497,746.8654086276346,565.4658815361875,419.7711068188688,796.004107671217,167.1,167.1,167.1,133.49,133.49,133.49,0.16582398952433422,0.06458267694826707,0.2816966936889668,0.6075953309810205,0.551173737283229,0.6623213562753038,5.449039270086063,4.117617528939283,6.841683563664384,0.6859542423665252,0,1.5981277366964575,0.8484286255440897,0,1.9766585514675885,0.07809561564228096,0,0.30590619995729657,213.93540894523042,72.91619743348645,433.46751503704644,216.45085165128987,76.0724699265496,437.87932721769636,167.1,167.1,167.1,133.49,133.49,133.49,0,0,0,1.0426350375836793,0.9789896448576764,1.0862337973637473,0,0,0,12.549615302855786,6.445719242476616,18.22403526592693,15.52210366944529,7.972445361181146,22.540560634474172,5.012627936913159,2.574580301356699,7.279132156066063,223.17606336833512,78.34468759846713,453.3645801399656,225.26166519121622,81.84173932464292,453.97046131283594,CIP+CRO
MSW,cip+cro+nda,0.7,0.15,0,306.0249703304503,302.5719651575636,311.1663471570429,306.9573831096647,303.2960861677528,312.162257311015,522.8851560652276,382.0351619976407,733.7863393345568,561.3587374258265,414.0764653832863,781.4550028868002,167.1,167.1,167.1,133.49,133.49,133.49,0.16689433059324685,0.06329125346695717,0.27658279596804874,0.6081848352630197,0.5501273965426925,0.6646809583312713,5.348612977978157,3.9443530826112623,6.785155788395635,0.6659462370527991,0,1.5713794242256687,0.8236815456373615,0,1.9435746625088852,0.18498522367444734,0,0.5115306774507882,209.85570700031002,70.09000667380819,421.98342278883604,212.3433912504585,71.69068961706938,423.85979020814256,167.1,167.1,167.1,133.49,133.49,133.49,0,0,0,1.044262574539057,0.9841278568773234,1.0881412369927286,0,0,0,12.453679563535125,6.282645862235924,18.09863093052346,15.403444694217475,7.7707465957021045,22.38545316322853,4.974308820712224,2.509444744462343,7.229042550936038,219.2272575762122,76.24232945473601,435.04208040437027,221.21699835105107,76.12412810843561,435.3079941434768,CIP+CRO+NDA
MSW,cip,0.7,0.15,0.05,306.6247104541341,303.2337548499708,311.84382019332645,306.927868848562,303.4937489808546,312.2581447831142,547.4017357435587,410.70638379579555,775.0606575748803,559.7917869521817,420.91796655260686,788.4547950302585,167.1,167.1,167.1,133.49,133.49,133.49,0.16666558388552505,0.06524550301258986,0.27540798308858816,0.7291761467813347,0.6668840398645555,0.7823241935483871,0,0,0,9.260281348510166,4.803292331869326,13.611988688870907,11.453661616790454,5.940994981173722,16.83610967165588,3.5096066983872056,1.8105248362686064,5.196046054023273,214.9521982841273,79.22745840419587,438.44446241511326,217.5237179138073,80.08087302370353,443.4689654862113,167.1,167.1,167.1,133.49,133.49,133.49,0,0,0,1.0441365778691718,0.9803391093399952,1.0874065586116701,0,0,0,12.43510171391502,6.56248037545662,17.69428804047475,15.380466515141897,8.116862410384647,21.885338051659257,4.966888366318509,2.6212175968431928,7.067537961525297,217.83253376805584,81.17698996022435,443.17101753580636,219.8205460333557,80.90262330884528,449.63004905979943,CIP
MSW,cip+cro,0.7,0.15,0.05,306.1646412863585,302.73039498929785,311.47064838844875,307.0372960236954,303.54591918424416,312.5152773832407,528.5304540745166,388.74582506303113,742.8539140066636,564.5339850092923,420.76969865258343,789.2295818797281,167.1,167.1,167.1,133.49,133.49,133.49,0.16175404675296465,0.06384427898880116,0.2728352810445096,0.6094911553975557,0.5489610673336579,0.6646774949083503,5.3975079006510125,4.061947601010101,6.882760136248761,1.1330309479583467,0.2459332023575647,2.318508109040719,1.401399438188136,0.3041846758349695,2.8676674430641866,0.2598898279936338,0.0022692507901096886,0.6599413496897253,214.19105621719825,74.4224865766498,429.2024294459045,216.74452738508853,75.49198835944912,429.83384089694766,167.1,167.1,167.1,133.49,133.49,133.49,0,0,0,1.0425050664394082,0.9786590575455081,1.0885633793917897,0,0,0,12.374795679330521,6.6252499658002755,17.847057783235964,15.305876458146228,8.194499538303686,22.0742926711809,4.942800638812319,2.646289329685362,7.128557989789091,222.72063897601262,82.19267183450286,445.07620977647656,224.89157372866615,80.99059388020862,446.9744887948644,CIP+CRO
MSW,cip+cro+nda,0.7,0.15,0.05,306.08488305873226,302.6415174646444,311.6096962605309,307.00948528038316,303.4721928837002,312.55716714683956,525.7216003279439,383.9179339757667,747.3446110901666,563.9108788449047,417.18471768529895,790.2580859924949,167.1,167.1,167.1,133.49,133.49,133.49,0.16416027495028282,0.06454025600261962,0.28054228971617623,0.6075444878062104,0.5457083451528261,0.6642035751831532,5.048292893999656,3.7693452380952417,6.427204848184002,0.6750842000645324,0,1.6327826086956518,0.8349839167278448,0,2.019521739130437,0.4497930789846531,0.10312378921361262,0.9421567806603763,212.6345191485595,71.8446501429739,431.85776155395365,215.19578191025644,73.82827748368682,437.04218807753375,167.1,167.1,167.1,133.49,133.49,133.49,0,0,0,1.0431702571479888,0.9847453401531318,1.0894472836095763,0,0,0,12.436051811820608,6.452385658875166,17.461420932214086,15.38164165221429,7.980690777789131,21.597314290898773,4.967267859011266,2.577243033581711,6.97452505680384,221.83875886215347,77.32979456811464,448.38031161256464,223.92083643204435,78.02855289547311,451.4139223046202,CIP+CRO+NDA
WSM,cip,0.1,0,0,605.322909435579,603.5406171037848,607.8943331776203,605.3251691148847,603.5490041294638,607.8964443860998,877.4305089179614,706.7042837327599,1127.886379256517,877.5923023031378,706.9902270928663,1128.1247876885957,167.1,167.1,167.1,435.39,435.39,435.39,0.5070293028138001,0.19507598641048218,0.8277578545944123,0.12443406946098871,0.07616080227902679,0.17718779947727598,0,0,0,0.0386799934557691,0,0.6197800477808987,0.1531502792492203,0,2.4539685483473757,3.429844442874556e-4,0,0.005495732968819267,23.884049931459455,6.859599759655935,49.352554612775776,273.9086187062494,103.14466590702841,524.5139288638941,167.1,167.1,167.1,435.39,435.39,435.39,0,0,0,1.0640894648029466,0.8890239019520852,1.11,0,0,0,0,0,0,0,0,0,0,0,0,23.999626753702422,7.055255033636011,49.524246581335866,273.7133486255223,103.14466590702841,524.4374794271746,CIP
WSM,cip+cro,0.1,0,0,605.2881966141566,603.5260494248249,607.8620888030462,605.2885563367903,603.5273533234165,607.8672539984182,874.6602658233661,707.3142051160853,1139.1631764523165,874.6507810789076,707.5104734341863,1140.074731330736,167.1,167.1,167.1,435.39,435.39,435.39,0.49604327475773446,0.1925985659323785,0.8258168863697292,0.12168449316171566,0.07161290322580648,0.17205,0.10730409342722966,0,0.5076789599088374,0.03536775864597163,0,0.6107089789574356,0.1400357556741441,0,2.4180523912003773,3.1361409248305174e-4,0,0.005415297704447629,25.436828695720788,7.794197520473053,53.40424342588752,271.0180937685122,103.43390705653191,536.2598406471851,167.1,167.1,167.1,435.39,435.39,435.39,0,0,0,1.0655773381525753,0.8979157710470609,1.11,0,0,0,0,0,0,0,0,0,0,0,0,25.503000064426853,7.990401165698825,53.29285798994482,270.7764092390343,103.43390705653191,536.2598406471851,CIP+CRO
WSM,cip+cro+nda,0.1,0,0,605.3303474105933,603.584344942282,608.2441984110656,605.3304446240687,603.5835673379073,608.213837746242,878.5372529927217,713.9804692052235,1148.9997168478792,878.5068969296676,713.7479403458916,1147.2515307888623,167.1,167.1,167.1,435.39,435.39,435.39,0.5001792702452137,0.19291748455000005,0.8091620753279488,0.12139628608035027,0.07322126269035528,0.1720522259358289,0.11332302774536704,0,0.523629098925324,0.044794688455284885,0,0.619702970297031,0.17736091536968715,0,2.453663366336638,0.0020808011410410787,0,0.0055785937262068045,24.993185711466538,8.390284926861227,50.64968994856535,274.8353575475581,109.84763805036432,545.9304995894046,167.1,167.1,167.1,435.39,435.39,435.39,0,0,0,1.063243158462503,0.8838243299832497,1.11,0,0,0,0,0,0,0,0,0,0,0,0,25.05654269031766,8.401126575049721,50.732700588148965,274.6364817143584,109.84763805036432,543.4956563751402,CIP+CRO+NDA
WSM,cip,0.1,0,0.05,605.2703423112814,603.5434625487261,607.8267489633955,605.2722948879067,603.5487806784034,607.8103959510327,871.2669740128545,705.9390167868288,1117.4672121453323,871.4010913212625,706.7502707829356,1117.801938556937,167.1,167.1,167.1,435.39,435.39,435.39,0.4976314217837323,0.19379924193587844,0.8152098877471957,0.12399931944244619,0.07540097087378637,0.17612103544776114,0,0,0,0.04033914532780196,0,0.6167265644052083,0.15971955576187716,0,2.441878529971228,3.576965275112649e-4,0,0.005468657025801105,24.302578532123906,7.048249770402775,48.913259181445625,267.7412085066483,102.83800462647298,513.8199829062867,167.1,167.1,167.1,435.39,435.39,435.39,0,0,0,1.0653650333279931,0.8910485915492959,1.11,0,0,0,0,0,0,0,0,0,0,0,0,24.408170777536444,7.18769273342005,49.06246000460654,267.5242682511858,102.83800462647298,513.8199829062867,CIP
WSM,cip+cro,0.1,0,0.05,605.3185760105304,603.6259747838957,608.0918330427935,605.3182062007437,603.6277811637007,608.0944422762802,876.5795631891547,710.5245809959081,1131.0071840715623,876.4990769724086,710.9391898757299,1130.6146280795226,167.1,167.1,167.1,435.39,435.39,435.39,0.4919634605965637,0.18758915970874931,0.8177843354959169,0.12306186923116222,0.0754113060693171,0.17557307493481977,0.112720505125632,0,0.5102694924123494,0.04278400543692945,0,0.6354314720812189,0.16939977995494224,0,2.5159390862944178,8.612949251286623e-4,0,0.0056345177664974535,24.618235804507872,7.924841570965418,51.077062457624876,272.8769358894246,107.11763291087098,527.5708665140193,167.1,167.1,167.1,435.39,435.39,435.39,0,0,0,1.0639456370567069,0.8837804520979629,1.11,0,0,0,0,0,0,0,0,0,0,0,0,24.66398460505951,8.063752762632443,51.171811101152045,272.6266561655225,107.11763291087098,526.6622770576033,CIP+CRO
WSM,cip+cro+nda,0.1,0,0.05,605.3007398049624,603.5831522675178,608.1983326349384,605.3006558076164,603.592956309928,608.1711352007713,875.7943269906214,710.8376410759695,1153.1430357657407,875.7411050807781,710.9543418883884,1151.0628021322423,167.1,167.1,167.1,435.39,435.39,435.39,0.4849511549854438,0.1908585065522211,0.8153685418415523,0.1216600165668181,0.07094870269329,0.1683784286186385,0.11648894420926414,0,0.5,0.04144360927540478,0,0.6077440089983437,0.1640925906795147,0,2.406312834477865,0.007180796294713837,0,0.21773394584139205,24.990836378215352,7.770515618633259,51.597432026257266,272.1185634883808,106.98359631436914,549.9662526201191,167.1,167.1,167.1,435.39,435.39,435.39,0,0,0,1.0631013810218672,0.8615992185992669,1.11,0,0,0,0,0,0,0,0,0,0,0,0,25.05848897750524,7.802256914413586,51.6053355364181,271.8690912696432,106.96726830947448,547.2114867779954,CIP+CRO+NDA
WSM,cip,0.1,0.025,0,605.2342915748847,603.5783591110041,607.8699890039929,605.3472991445652,603.651967127659,608.0373772641924,868.6083460430315,711.4957415322565,1119.55374430175,879.5295371839966,719.9783339514804,1131.2321907896007,167.1,167.1,167.1,435.39,435.39,435.39,0.5097458276743266,0.1968350611430437,0.8205485265626316,0.12477646973028997,0.0756589437117287,0.17401071428571432,0,0,0,0.16082086561487213,0,1.1700438550304966,0.636757100442204,0,4.632693212232893,0.04961854673444299,0,0.27789548022598815,24.758888731837253,8.259298006030738,50.93779761734556,264.3390802478736,107.56676806814,516.1486615451357,167.1,167.1,167.1,435.39,435.39,435.39,0,0,0,1.064970129100408,0.8880000000000001,1.11,0,0,0,1.1200521739042886,0,2.9954602084922444,4.434755228262673,0,11.860280378152224,0.4473766471897622,0,1.1964611792987085,25.64870098254291,8.771046715749147,51.34754702304855,268.8460970534891,109.72751249542297,524.723567387504,CIP
WSM,cip+cro,0.1,0.025,0,605.3332420615042,603.6262277819669,608.1173510840019,605.4515898401404,603.715865995299,608.2471529686475,878.949738059989,713.198017809296,1129.7427805226416,890.3935764766443,721.6567204293755,1143.1114893829636,167.1,167.1,167.1,435.39,435.39,435.39,0.4978328047738913,0.1940064773802366,0.8133250093700338,0.12004073972842648,0.0747103419282511,0.17255337025241244,0.251541536938148,0,0.828729281767955,0.04822573744237716,0,0.6228639179104489,0.19094587398897436,0,2.4661788805970124,9.048882868790132e-4,0,0.005606060606060601,24.85398157416965,7.113597632534348,50.55133166773708,275.0536962608678,107.88205508470843,526.7973129723459,167.1,167.1,167.1,435.39,435.39,435.39,0,0,0,1.0644370930806322,0.8802813599577762,1.11,0,0,0,1.0193598590026727,0,2.8980221253229987,4.036072220131687,0,11.47448223514212,0.40715763660435883,0,1.1575419896640842,25.730023083709714,8.345104243918746,51.91193935527816,280.2503704426358,109.86879705694616,533.490676996315,CIP+CRO
WSM,cip+cro+nda,0.1,0.025,0,605.2770453467482,603.5895633988744,607.8610111812648,605.3959378933451,603.6845230262328,608.0658671351656,872.8904136065477,709.662253486549,1115.9663262938852,884.4081897616895,719.5827927400727,1127.1018713559781,167.1,167.1,167.1,435.39,435.39,435.39,0.494107353048847,0.1898460493777651,0.8216784150086966,0.11943388572289904,0.06900918198908705,0.1719157681072257,0.2244180468981272,0,0.7614213197969548,0.04091217986660528,0,0.616650246305416,0.16198843928011059,0,2.4415763546798077,0.008935979740467186,0,0.23702351527245563,24.262208866754342,7.5292913175618095,50.662408347776356,269.07268607936487,105.76605223062471,512.4562909362629,167.1,167.1,167.1,435.39,435.39,435.39,0,0,0,1.0641662071232785,0.9067297071905116,1.11,0,0,0,1.0341486136716251,0,3.0383495145631114,4.094627088034863,0,12.030097087378643,0.41306463239799696,0,1.2135922330097102,25.202169343130674,8.268811126729391,50.988731031417124,274.1390797510067,107.96639076569275,518.7646672198335,CIP+CRO+NDA
WSM,cip,0.1,0.025,0.05,605.2644542155191,603.58154567638,607.9335588041121,605.373258839892,603.6508654555985,608.0700860666676,871.6676789606847,709.6464008201029,1118.2498790152554,882.1782894427812,716.2658238820543,1129.8163944223008,167.1,167.1,167.1,435.39,435.39,435.39,0.489704963518241,0.19622087873990438,0.8114943450817897,0.12541247879919581,0.07601545578426454,0.17740713396192848,0,0,0,0.19310178289326024,0,1.209763591375044,0.7645707594920553,0,4.789960268646165,0.05589742083293891,0,0.4629629629629634,24.470113404597427,7.8693037478680274,49.57442640592758,267.23320375988743,104.54503497372495,511.27482757337583,167.1,167.1,167.1,435.39,435.39,435.39,0,0,0,1.065128981832134,0.8849997822494194,1.11,0,0,0,1.0787004114786238,0,3.053482279741166,4.2710262976934414,0,12.090014036834248,0.4308597265851669,0,1.219636635141862,25.401408761789536,8.554665284079256,50.16033128128397,271.63795196569595,105.81394877635537,520.2613558365085,CIP
WSM,cip+cro,0.1,0.025,0.05,605.3221025637139,603.5564423588673,607.8684572248787,605.4464364872882,603.6696325613714,608.0271639109249,877.3502934157705,709.3211965506223,1126.0949885600041,889.3987628019568,717.5115851087979,1136.9189263616079,167.1,167.1,167.1,435.39,435.39,435.39,0.499098680669726,0.18774761872095705,0.8175591452414881,0.119250743030357,0.07194444444444444,0.17761725388601035,0.2624914505811112,0,0.7856536147933609,0.06264816873154398,0,0.6322222222222211,0.24805031434815802,0,2.503232323232325,0.006712812752414448,0,0.21848747723578854,24.131194606001056,7.529812804030025,49.180383087011464,273.3618269946734,104.47247879456322,522.6957644237156,167.1,167.1,167.1,435.39,435.39,435.39,0,0,0,1.0675779447939795,0.9067297071905116,1.11,0,0,0,1.1145432229623784,0,3.0840182094453805,4.412942986332266,0,12.210918559909802,0.44517623540596685,0,1.2318334436193419,25.05757458379001,8.047582866280464,49.532627001880385,278.69259549954995,106.45429721091575,529.2236044899561,CIP+CRO
WSM,cip+cro+nda,0.1,0.025,0.05,605.308402504235,603.6074929141541,607.8026487867463,605.4279948890565,603.7105175237763,607.9674107444569,877.2083568814422,713.0340790365757,1109.7758519841807,888.804193464232,723.2232067667526,1124.3829800121316,167.1,167.1,167.1,435.39,435.39,435.39,0.5023100446694526,0.19386971028756786,0.8191607953017794,0.1196840376030208,0.07093614509908232,0.16969742695379642,0.23609327739161967,0,0.753768844221105,0.049324458146646676,0,0.6197800477808993,0.19529616900306712,0,2.4539685483473765,0.018682428332613674,0,0.24875621890547212,24.41822158408654,7.674980185567369,51.3340847622723,273.30644131649234,109.45339523334867,506.53161019180664,167.1,167.1,167.1,435.39,435.39,435.39,0,0,0,1.0650830935278914,0.880682011423379,1.11,0,0,0,1.0950086726666313,0,3.1705432924442105,4.335597527723988,0,12.55350756883727,0.4373736510091992,0,1.266393710035234,25.268273761220822,8.571648513646908,52.43035070434118,278.2863181860001,110.77876424964626,516.5787586044105,CIP+CRO+NDA
WSM,cip,0.1,0.05,0,605.2895552170279,603.5462288632655,607.8402249153675,605.5080683759088,603.7446239457629,608.1795621008773,874.2267875133688,709.8920133653313,1119.872918607777,895.4261383751062,727.8071505837091,1143.5153983757434,167.1,167.1,167.1,435.39,435.39,435.39,0.5079011494680407,0.19047744850026785,0.8225892808207013,0.12463335643923112,0.07927488290398128,0.17327252286585365,0,0,0,0.31373605044268343,0,1.3248322357311724,1.2422123026155263,0,5.245565180682197,0.10679629336628796,0,0.5025760113699823,24.663184497065277,7.600318999486606,49.789163438116205,269.044252251243,103.21918690386651,515.0672155177682,167.1,167.1,167.1,435.39,435.39,435.39,0,0,0,1.063987890654701,0.8780158730158731,1.11,0,0,0,2.205845408059555,0,4.960769462733073,8.73386497883558,0,19.641762074684628,0.8810694232543359,0,1.9814544906267273,26.3020509352433,8.915455477357986,51.618999692091144,278.1075064361249,108.37947942331103,533.7456861186711,CIP
WSM,cip+cro,0.1,0.05,0,605.2433179286485,603.54105860057075,607.6955631324008,605.4840067265587,603.7507026080203,607.9518689288757,869.4316564255198,708.1345684579298,1089.928230081107,892.7508382025411,726.8833910648491,1110.5325215108721,167.1,167.1,167.1,435.39,435.39,435.39,0.5031916326823223,0.19082028499193276,0.8174000364202626,0.11808470103814132,0.07367131343687922,0.16755483202945237,0.38317518257305655,0,1.0205389848246986,0.05855377767777514,0,0.6355125220138821,0.2318389069197349,0,2.5162599968921655,0.0035455629535177243,0,0.005873015873015859,24.655700829125152,7.8102262641818765,49.68014447036621,265.30950171020936,103.63968628135818,484.7049799950675,167.1,167.1,167.1,435.39,435.39,435.39,0,0,0,1.0693857917660516,0.9135150293567053,1.11,0,0,0,2.188442950553401,0,4.869401783114988,8.664961367728772,0,19.279999199417755,0.874118449653859,0,1.9449599708879188,26.41270334921086,9.513061229149098,52.58831425156082,275.47501086538114,106.8725028065336,499.0548724627432,CIP+CRO
WSM,cip+cro+nda,0.1,0.05,0,605.2735182634076,603.5149339645158,607.8343175729877,605.5145272414184,603.7111449394044,608.0939894348955,872.8050437131708,706.2370819919253,1115.7657256141636,896.1954358905828,723.7120632004286,1148.2765853401158,167.1,167.1,167.1,435.39,435.39,435.39,0.5024343700232065,0.1939111434001462,0.8151833312136125,0.11805602002737921,0.07128304224108327,0.1665149193548387,0.36582879012001285,0,0.9950248756218886,0.04650440689036085,0,0.6291246510329424,0.18413040606437506,0,2.4909677427541714,0.006204016365277545,0,0.011073601771362926,24.402946802412465,8.636422806422628,50.73284316921791,268.7658857430453,102.39219071107385,512.0653811308275,167.1,167.1,167.1,435.39,435.39,435.39,0,0,0,1.0659326689262327,0.8889998107241472,1.11,0,0,0,2.165564933741953,0,4.958240382247176,8.57437772615323,0,19.63174838677898,0.8649804017183069,0,1.980444313088025,26.15002579065898,9.784780651530099,52.70451043815211,279.05947364340494,105.74394270189697,529.1065450493439,CIP+CRO+NDA
WSM,cip,0.1,0.05,0.05,605.3515606215341,603.6149865826521,607.8780214287925,605.5695185260179,603.7966374573601,608.2374522301008,880.1499607979916,715.1193722692457,1128.6415985604635,901.2494018889371,731.2881757098273,1157.255996500064,167.1,167.1,167.1,435.39,435.39,435.39,0.49055360683137755,0.1909480740309933,0.8197694825225547,0.12423774936053075,0.07769354651162785,0.17253886010362698,0,0,0,0.30492725228669076,0,1.3246560846560853,1.2073345847849126,0,5.244867724867721,0.10739728446754285,0,0.5050629924242424,24.779712208424453,6.841615680046132,49.90866075154376,275.03371349669123,110.90279495247233,524.9084733912105,167.1,167.1,167.1,435.39,435.39,435.39,0,0,0,1.0646966841751113,0.8910769078758265,1.11,0,0,0,2.1537652126416016,0,4.958240382247183,8.527657692871731,0,19.631748386779005,0.8602673001444328,0,1.9804443130880287,26.459995745731803,8.0666893724949,50.94735446965746,284.17743493939827,114.1748605613997,538.98318930343,CIP
WSM,cip+cro,0.1,0.05,0.05,605.2631682523236,603.5352816269206,607.6305037873233,605.506419503922,603.7227784559683,607.9124880226088,871.4079265128973,704.0828535719108,1096.597191333115,895.0347904731141,722.2224870094309,1135.768405795068,167.1,167.1,167.1,435.39,435.39,435.39,0.491374172143059,0.19419107219094858,0.817315102746219,0.1163284807253959,0.07141813482818872,0.1632508403361345,0.38090503775832796,0,1.0638297872340432,0.06481142173756754,0,0.6387553506017799,0.2566155381850768,0,2.529099712192573,0.010202832718377996,0,0.2359052111410601,24.388270384728962,7.426751086070489,51.183941167223,267.2574174039157,99.33723991958901,492.4204244141791,167.1,167.1,167.1,435.39,435.39,435.39,0,0,0,1.0647139791781075,0.8969244868035191,1.11,0,0,0,2.2041026137914685,0,4.911474117647059,8.726964527077834,0,19.44658117647059,0.880373307953135,0,1.961764705882353,26.218482662616,8.794085935832559,53.11557094994115,277.6154615213448,103.41866955614724,515.9245591438054,CIP+CRO
WSM,cip+cro+nda,0.1,0.05,0.05,605.266693747485,603.5812416146629,607.706729950094,605.511232759618,603.7429341918626,608.0106256423815,872.3847578562112,708.8485120101751,1110.6145485093534,896.148448231966,727.9816936940755,1138.2374085359763,167.1,167.1,167.1,435.39,435.39,435.39,0.5002728123089722,0.1959361976495419,0.8288952404739227,0.11505353185709166,0.06902670128574344,0.16567164179104477,0.35313737976434967,0,0.990222156544013,0.053519657339137564,0,0.6355125220138826,0.2119067180345912,0,2.516259996892158,0.029717160191757387,0,0.2631927039821773,24.64418643281637,7.711824703546966,49.03849813241599,268.3037721895503,104.88968711561023,507.1832619248614,167.1,167.1,167.1,435.39,435.39,435.39,0,0,0,1.0655987636794593,0.8800702272727273,1.11,0,0,0,2.2155667308901856,0,4.979461250000002,8.772355763687582,0,19.71577068181819,0.8849523609562973,0,1.988920454545454,26.415820019893474,9.143888093604165,51.31329917972783,278.7307886752721,108.76849387559119,524.2205747339236,CIP+CRO+NDA
WSM,cip,0.1,0.075,0,605.3211227134184,603.6176793510516,607.8952743956952,605.6535097476959,603.8733352182701,608.3522152828413,878.1655472757044,711.4549032561614,1121.1237942672917,910.4680222915159,736.8662611500481,1162.7938658503474,167.1,167.1,167.1,435.39,435.39,435.39,0.5084411224434405,0.193788483709031,0.8167151427857495,0.12383571260582545,0.07788986842105267,0.17611466346153848,0,0,0,0.42063041061572953,0,1.8499507389162542,1.665451803144113,0,7.3247290640394125,0.15396668876732053,0,0.7246376811594193,24.937712869144637,8.355913767514759,51.05609566573798,272.2468893997331,105.45170463761578,516.7191097619427,167.1,167.1,167.1,435.39,435.39,435.39,0,0,0,1.0657024219934403,0.8956706405334411,1.11,0,0,0,3.292339347240548,0.5989473684210539,6.495803753930818,13.035749113806558,2.37148325358852,25.71960514937107,1.315042078303462,0.2392344497607658,2.594585298742137,27.57188455566515,9.93665479912726,54.085228614851054,286.21891146558113,109.78949879100989,542.9844365495782,CIP
WSM,cip+cro,0.1,0.075,0,605.2811428995554,603.6001833241456,607.6797417895863,605.6489586188629,603.9121563462014,608.1332379356675,872.7386443681638,712.7065200397295,1100.0945834063034,908.402560471378,742.339280399647,1148.2066929707366,167.1,167.1,167.1,435.39,435.39,435.39,0.4922614576889637,0.19391542964344952,0.8150356029666059,0.11196070876778802,0.06281550872861923,0.1640495347564313,0.5367480105687148,0,1.3767898482380188,0.04419331269373822,0,0.6137030208635186,0.17497981709158344,0,2.429907055925813,0.0025715397871771514,0,0.005495732968819267,25.06927384456862,7.926132317247463,49.7260081604378,268.4940185375583,108.7578015274049,496.61923055658656,167.1,167.1,167.1,435.39,435.39,435.39,0,0,0,1.0648451781608774,0.892456973864538,1.11,0,0,0,3.332157097735545,0.5988054377650303,6.8378901187340615,13.193404249254236,2.370921290732222,27.07406820937331,1.330946276456121,0.23917775913286043,2.731223086249424,27.73936215769794,10.118779704485238,53.53177197910871,284.11432147407663,115.72518866010508,529.8768404357926,CIP+CRO
WSM,cip+cro+nda,0.1,0.075,0,605.3138302729926,603.5541519350176,607.8118093392396,605.6795209505985,603.8398346068084,608.1852225927217,875.7844231335395,707.3680794392654,1127.487585138408,911.1799275591051,733.4561631269144,1167.2940716787327,167.1,167.1,167.1,435.39,435.39,435.39,0.4940754946560032,0.20295106042249028,0.8183232616955837,0.11278161717888384,0.06639851485148512,0.16466567796610174,0.4855680514479477,0,1.302425986842105,0.05071720973980726,0,0.6197800477808989,0.20081065533981476,0,2.453968548347376,0.011612765957693701,0,0.2381237183868768,24.04004127899747,7.927772407246811,47.235488981002725,271.56859963143575,101.79224503753547,522.7770861177302,167.1,167.1,167.1,435.39,435.39,435.39,0,0,0,1.0641193298045468,0.8836866396174468,1.11,0,0,0,3.324165136804457,0.6076699029126225,6.851503097014925,13.161760731792304,2.4060194174757306,27.12796768656716,1.327754088833862,0.24271844660194208,2.7366604477611944,26.62422074350614,9.359412786045256,49.98780517540582,287.007204447616,107.54570759779558,549.5326058087703,CIP+CRO+NDA
WSM,cip,0.1,0.075,0.05,605.3120098171697,603.6006265941475,607.8741832939172,605.645569900635,603.8840947119867,608.3230112965874,876.0441083358473,710.8940704894292,1120.8286749654926,908.3268837427115,737.7273760970793,1157.7876235371962,167.1,167.1,167.1,435.39,435.39,435.39,0.49741128396269035,0.19340676441202465,0.8113262939977166,0.1258057854752169,0.07755176703564542,0.1792415707236842,0,0,0,0.4006706625434227,0,1.8319024390243908,1.586422808619763,0,7.253268292682917,0.14365066456584916,0,0.6837850523771154,25.175557501640775,7.7394515876898256,50.9549827036743,270.31356042627766,106.51437489384423,515.2517816541006,167.1,167.1,167.1,435.39,435.39,435.39,0,0,0,1.0679291717133756,0.9017924107142858,1.11,0,0,0,3.2642935958858206,0.6075965128277295,6.922396313364053,12.924704248800511,2.405728835420476,27.408663594470045,1.303839908885533,0.2426891327798887,2.7649769585253456,27.75654877227787,9.500544546108136,52.38173143425715,284.3525078688046,111.33952792991892,534.2370221298836,CIP
WSM,cip+cro,0.1,0.075,0.05,605.3686289359441,603.6181822474116,607.9687827992274,605.7332697877689,603.8606680290725,608.4315940356806,881.4685270220126,712.7374260668918,1126.089977505802,916.8390802678636,736.7278923130051,1165.7632541728165,167.1,167.1,167.1,435.39,435.39,435.39,0.5006342261977611,0.19615507632555076,0.8191952250368805,0.11376706531240856,0.06895745416810795,0.16097625,0.5239424565298981,0,1.36621378845722,0.07629104462229933,0,0.6519791666666683,0.30206816868985803,0,2.5814583333333356,0.013099068812902182,0,0.24630541871921163,24.690561498575484,7.8704587227804295,51.67077142014301,277.0596109763737,107.8580006875585,518.0810883811755,167.1,167.1,167.1,435.39,435.39,435.39,0,0,0,1.065525037249344,0.8879424870466323,1.11,0,0,0,3.217712751866978,0.613627450980392,7.210506677289622,12.74027119616032,2.4296078431372496,28.54941308141739,1.2852343632636916,0.24509803921568632,2.8800553911525935,27.413766222601915,10.506343230069636,53.96244974026105,293.09336958297655,114.11614551368218,550.3855036174292,CIP+CRO
WSM,cip+cro+nda,0.1,0.075,0.05,605.2985807191195,603.549489243974,607.6788308942198,605.6663453497752,603.8763298818503,608.1981598138681,874.6729227951828,707.1476780899942,1106.0376240894116,910.3312983093708,737.7716522237752,1145.3546649778384,167.1,167.1,167.1,435.39,435.39,435.39,0.4973914463248278,0.20032538895673227,0.8175760989474758,0.1126389264438417,0.06561576354679806,0.16305159048919596,0.4830655243911949,0,1.2503955696202529,0.0431325328888534,0,0.6258999999999989,0.17077974597404788,0,2.478199999999997,0.0449540672657025,0,0.26041666666666646,24.580174385905494,8.055668027050181,51.27804541546178,270.45954904921246,102.49161345749675,501.48320706609815,167.1,167.1,167.1,435.39,435.39,435.39,0,0,0,1.0673209423350871,0.9171026930644367,1.11,0,0,0,3.2234212565505813,0.6166502463054186,6.840692398662423,12.762873554854849,2.4415763546798077,27.08516360818856,1.2875144817664887,0.24630541871921127,2.732342386428513,27.328186723576508,10.09642988246591,54.71184835412744,286.5475511654917,107.85578657082858,526.0319435410562,CIP+CRO+NDA
WSM,cip,0.1,0.1,0,605.3414862257479,603.6078929053132,607.8813471823421,605.7780903892485,603.8977860906062,608.5265207438185,879.0550787511988,712.443518497015,1120.2513550032522,921.3217283020989,742.50304674121,1176.5975000331061,167.1,167.1,167.1,435.39,435.39,435.39,0.5021102754639144,0.1963661824221569,0.821114630317831,0.12408480624984468,0.07513619542464113,0.1763758391470317,0,0,0,0.5578245968050558,0,1.916020408163267,2.20866099345309,0,7.586326530612231,0.20621349669639175,0,0.7614213197969546,25.275489657268345,7.943536028596904,50.799248476018306,272.3487005831384,104.88880767517318,514.997678580435,167.1,167.1,167.1,435.39,435.39,435.39,0,0,0,1.0638099761268676,0.9057227736885756,1.11,0,0,0,4.354073051999867,1.169906542056076,8.656988622931445,17.239597120092778,4.632149532710275,34.276640366430264,1.7391248809713482,0.4672897196261687,3.457816193853427,28.64829886684208,9.889216557626176,54.819210317457014,290.618466274277,110.93869656576342,542.4981991091223,CIP
WSM,cip+cro,0.1,0.1,0,605.340195853551,603.5885027487327,608.0646575930091,605.8256467713666,603.9368798626571,608.6844105902145,877.9823385849742,709.363543205942,1123.2179525576626,924.9868696646419,749.0931655471636,1181.2447930364258,167.1,167.1,167.1,435.39,435.39,435.39,0.5001911648136318,0.19340297590914707,0.8169101921298443,0.1104962579574348,0.06493964315224124,0.16028243431760064,0.6601156775511131,0,1.5467944587628855,0.04489545649194757,0,0.625899999999999,0.1777598981919547,0,2.478199999999998,0.003386251522715845,0,0.005663265306122448,24.141571713001987,8.065415266551977,49.665381695960676,273.58744131134085,105.28399382510636,519.0317344247741,167.1,167.1,167.1,435.39,435.39,435.39,0,0,0,1.067692018762061,0.8889370129870131,1.11,0,0,0,4.27430709358625,1.1536004100959696,8.253950808625333,16.923770313669028,4.567586733183953,32.680845013477104,1.707264376732006,0.460776645668625,3.296832884097033,27.60618806987804,10.572440841897548,53.90382926827553,294.88790636207216,112.89032742760776,560.3183780856082,CIP+CRO
WSM,cip+cro+nda,0.1,0.1,0,605.2803560735189,603.6062762129751,608.0193459990223,605.7673327406605,603.9697856441513,608.6375348752568,874.0342082112928,711.2582979465964,1132.3617275596946,921.4861369125326,749.0942996949037,1200.0700334912958,167.1,167.1,167.1,435.39,435.39,435.39,0.5039256685631397,0.1922887220965144,0.824835726635641,0.11160757802775893,0.06529411764705884,0.15932407945736438,0.6342944603517506,0,1.4705882352941189,0.049454359341305335,0,0.6137030208635185,0.19581050218824572,0,2.429907055925813,0.02068237930969921,0,0.25125628140703576,24.42359190923893,7.867577140687982,50.06637994190923,269.608674937989,107.22517610158854,528.778384159475,167.1,167.1,167.1,435.39,435.39,435.39,0,0,0,1.0653780063805918,0.8880000000000001,1.11,0,0,0,4.313279532300901,1.1590740740740753,8.200046458030087,17.07807850606821,4.589259259259257,32.467415133871434,1.7228309363719847,0.4629629629629635,3.275302148118739,28.05442331541961,10.475966412545134,55.54918689047023,290.9740026437755,113.56951350999071,571.5237492724498,CIP+CRO+NDA
WSM,cip,0.1,0.1,0.05,605.3900569975489,603.6602918662868,608.1886132351431,605.8319766942196,603.9975741186015,608.6979805025678,883.0622476191706,714.5867356050808,1140.339118742869,925.7307912899541,749.046948867075,1184.0938740735796,167.1,167.1,167.1,435.39,435.39,435.39,0.49828903181830564,0.19695443697264967,0.8157801563818515,0.12496850961081263,0.08042391304347826,0.1725449640727344,0,0,0,0.5642366541419912,0,1.8776999999999981,2.2340490114949385,0,7.434599999999999,0.211442136413134,0,0.7354761211415264,25.142579180016124,8.068285782061173,53.26220064882921,276.3017483688217,108.26018065482609,534.4796076625603,167.1,167.1,167.1,435.39,435.39,435.39,0,0,0,1.0668396151403048,0.9101099214659687,1.11,0,0,0,4.359728106401458,1.153732718894009,8.467307654425214,17.26198784675522,4.568110599078339,33.52561404249329,1.7413836501044326,0.4608294930875574,3.3820529055860438,28.365724816777618,10.544614896170847,57.27020960835798,295.1540983052065,114.67186793701283,562.9963674452181,CIP
WSM,cip+cro,0.1,0.1,0.05,605.26059476153,603.5685902382386,607.9151051229151,605.7381252933901,603.9868428515498,608.4498325316996,870.1987621573737,708.658222935541,1118.0523783196081,916.4208163286826,749.955336364606,1177.389523958231,167.1,167.1,167.1,435.39,435.39,435.39,0.49747193164393694,0.19124561879255042,0.8222511187751117,0.10941063645313355,0.06373205741626796,0.1603075701871658,0.65673885521327,0,1.5959886785086865,0.08039592097427621,0,0.648685489529361,0.3183210918013283,0,2.5684172873488826,0.018100845182659895,0,0.25003140703517585,24.88006979587041,7.878716631131764,51.28611869910385,265.60448229044374,104.97206363374079,514.4410911937589,167.1,167.1,167.1,435.39,435.39,435.39,0,0,0,1.0657364964928087,0.8776618264322178,1.11,0,0,0,4.307140804319286,1.0743916400719,8.509463782600417,17.053772713315315,4.253966068742892,33.69252779364173,1.7203789760022712,0.4291386963060789,3.398891109841993,28.40391510464302,10.694064409605998,53.93478579241964,286.0438624880111,114.35855079556957,556.0005742029301,CIP+CRO
WSM,cip+cro+nda,0.1,0.1,0.05,605.2767906098135,603.5960307046546,607.995832076584,605.7574323786939,603.9812472359778,608.6398137668854,872.8136919390558,709.7801309829358,1128.8670214587514,919.5273150273597,747.8418748485551,1182.0218326057677,167.1,167.1,167.1,435.39,435.39,435.39,0.49015799417443573,0.1918792227767265,0.8091567368330702,0.10948357857554941,0.06659999999999999,0.15697234133790736,0.6130165161347612,0,1.45648827847502,0.04873544731127909,0,0.632302453468696,0.19296402864165493,0,2.5035499923088795,0.04447325332876842,0,0.2645972222222215,25.306130315148803,7.463345914360511,51.63599369854538,268.40952710400063,106.161072597084,524.4150496145082,167.1,167.1,167.1,435.39,435.39,435.39,0,0,0,1.064850320017714,0.8775154382470121,1.11,0,0,0,4.321904964235954,1.1753990610328648,8.892568306010928,17.11223020030283,4.653896713615018,35.20939890710382,1.726276148041202,0.4694835680751169,3.5519125683060113,28.72559084763422,10.41410088811329,55.556625674421696,289.2036015041359,111.83559141268937,566.1003995120811,CIP+CRO+NDA
WSM,cip,0.1,0.125,0,605.3784732729345,603.616869640076,607.9946045910318,605.9313646283881,604.0393376487713,608.6964795237576,881.2585986421083,711.9304191239665,1128.3599328436492,934.6853752688363,754.4640630865475,1198.062877650253,167.1,167.1,167.1,435.39,435.39,435.39,0.4980353109722372,0.19846677102392699,0.8200702188878045,0.12563564632107566,0.07602414822620307,0.17802026788416905,0,0,0,0.691724169632282,0,2.265958823529414,2.7388254308718976,0,8.971879144385017,0.26351683136888554,0,0.829287645468436,25.064840388358814,8.634136451491162,52.45464460939637,273.7614209448567,101.47884856567796,520.7418286818021,167.1,167.1,167.1,435.39,435.39,435.39,0,0,0,1.065640471194026,0.8965353927058112,1.11,0,0,0,5.475239803381764,1.631914107308045,10.18360263157895,21.678765426970262,6.461430804810343,40.321144019138764,2.1869467180786724,0.6518270120259014,4.067583732057415,29.2276045373847,10.876014937698827,56.647042856368074,297.1571306110282,111.01349147946526,563.5933799655922,CIP
WSM,cip+cro,0.1,0.125,0,605.2530950670798,603.53888734095,607.8260240730671,605.8526682552838,604.0166668991919,608.6351459701003,871.3643689846881,707.0404412707464,1114.8422898421486,929.7852347365132,754.1590409630932,1194.4164775191473,167.1,167.1,167.1,435.39,435.39,435.39,0.507982021292491,0.19577884790467381,0.8154969586765491,0.10694639721054716,0.06325339720402774,0.1555280159216167,0.7898682457298757,0,1.7241379310344824,0.05907354245212017,0,0.6419487179487179,0.2338968731504144,0,2.54174358974359,0.008561305340013044,0,0.2347974100527332,24.31354472231628,7.668002242571724,48.457157014598764,266.7229194516748,102.19258218247799,510.6781684480821,167.1,167.1,167.1,435.39,435.39,435.39,0,0,0,1.0631208322039143,0.8531808318451765,1.11,0,0,0,5.463006551160281,1.6251932234432251,10.205238409494237,21.630328862574544,6.434820013320017,40.40680911712512,2.1820604534112,0.6491425241425237,4.076225598935227,28.688810826958232,10.712528648049757,54.046128824308816,292.3931586624043,112.65809752259793,552.1758381612879,CIP+CRO
WSM,cip+cro+nda,0.1,0.125,0,605.3155009731968,603.5885228690366,608.0467023529249,605.9219459790586,604.0692645107532,608.8374399147153,875.4198666005167,713.6393510824843,1134.0378265802872,934.1684222029368,760.6422836814645,1209.7433277987836,167.1,167.1,167.1,435.39,435.39,435.39,0.5025286546916978,0.19811974676651373,0.8184760990968556,0.10803415796497769,0.06293544543863065,0.1593727966879044,0.7952793452910047,0,1.7415111940298502,0.04645873029010314,0,0.6197800477808989,0.18394955329115456,0,2.4539685483473757,0.022676176203099734,0,0.257731958762887,25.08094419403252,7.945147487465461,50.51178027904889,270.8076039306467,109.02617866799746,530.2352083062583,167.1,167.1,167.1,435.39,435.39,435.39,0,0,0,1.0644983068908576,0.8978886363636365,1.11,0,0,0,5.47032911110333,1.3166757787325467,10.618210032008088,21.659321941422384,5.2132703544575545,42.04193657345015,2.184985265658783,0.5259129967776578,4.241176718328842,29.42210395577792,11.134152908584268,56.2160238455611,296.77841593086714,119.07196716362122,582.0575775375012,CIP+CRO+NDA
WSM,cip,0.1,0.125,0.05,605.3018745732446,603.5729512350127,608.0253826123594,605.8492709176047,603.9875819482214,608.6507878671383,875.7806515254138,711.1170988480126,1138.023988370307,928.9277742613307,749.2119965250154,1208.3968151765494,167.1,167.1,167.1,435.39,435.39,435.39,0.5035172635472092,0.19581175791216518,0.8239829871868043,0.12521917795427973,0.07471153846153848,0.17646213389121349,0,0,0,0.7126206712765419,0,2.3957894736842147,2.8215634247603867,0,9.485933014354067,0.26917183343581536,0,0.9389671361502347,24.438273373115702,7.590127714617056,49.94300569450218,268.14889452195024,103.3705634527678,531.570660315616,167.1,167.1,167.1,435.39,435.39,435.39,0,0,0,1.064959382673358,0.8995687386073642,1.11,0,0,0,5.584163411064622,1.7144065579867362,10.38205264227642,22.110039567503346,6.788052934977992,41.106890650406505,2.2304535113694763,0.6847765449699377,4.146849593495935,28.47274333716712,10.872036884027292,54.05503136234721,290.9457376832182,110.75211489062426,574.6530058101531,CIP
WSM,cip+cro,0.1,0.125,0.05,605.2965425022974,603.5690301868166,607.8151475764237,605.8961701811952,604.0140118624155,608.511283099254,874.5414910709895,707.7660796762651,1102.732559415681,932.781738460844,754.1643256159822,1183.3532129586658,167.1,167.1,167.1,435.39,435.39,435.39,0.4970549705348274,0.1891160886100156,0.8173699742180243,0.10708019496951804,0.06372859973086126,0.15678441191576792,0.7862553161352175,0,1.6750456510181908,0.08871839669997729,0,0.6554789060347197,0.351273255634899,0,2.595315265913476,0.020319342877611436,0,0.25128800568499116,24.40048913927727,7.502715374857592,49.927722385535944,269.72665077500983,103.18980744307588,498.72736744331365,167.1,167.1,167.1,435.39,435.39,435.39,0,0,0,1.0666328014285051,0.8998287414160551,1.11,0,0,0,5.356770786387695,1.7298160018349762,9.957676927860694,21.20969701681736,6.849065371061584,39.42660962234284,2.1396272513131867,0.6909314594324073,3.9773433966530964,28.73166245441878,10.194264162858824,54.87850583400838,295.95836927412404,113.07250723279789,548.0691728993387,CIP+CRO
WSM,cip+cro+nda,0.1,0.125,0.05,605.3368851947698,603.5609953489242,607.8504583409647,605.9430736960883,604.0049568755078,608.7292452070636,878.379745844805,707.3159003310346,1118.3359076952418,937.278953057843,746.8071507113947,1191.8096468820172,167.1,167.1,167.1,435.39,435.39,435.39,0.49238779799470606,0.19133329381902037,0.8133844412711433,0.10689147108641041,0.06635644467878,0.1538769648872104,0.7403741095434601,0,1.691026452793022,0.05679860424197272,0,0.6355125220138801,0.22488944085709658,0,2.5162599968921664,0.06057464701323933,0,0.4315198819509164,25.187183993533534,7.443908524343626,51.2492713358592,273.7447551316172,102.08623104512031,514.8094014785235,167.1,167.1,167.1,435.39,435.39,435.39,0,0,0,1.0641166442105259,0.8798136275615257,1.11,0,0,0,5.416345522692423,1.7710012123082348,10.28291142900052,21.445578326148528,7.012134852759652,40.71434910265073,2.1634228801295827,0.7073818550520192,4.107250131410974,29.40580737064735,10.729960503055171,56.106644354529344,300.2740419642944,111.41072774538002,557.2982308056667,CIP+CRO+NDA
WSM,cip,0.1,0.15,0,605.3573968138847,603.6529371095853,608.035519349212,606.0109374529579,604.1739525053083,608.9747991861234,880.9466623716677,715.2068481367489,1138.3833974924237,944.3392645071107,767.5023696697414,1219.6912795355095,167.1,167.1,167.1,435.39,435.39,435.39,0.49265559321536034,0.19502073291093286,0.8196806779511803,0.12516124989282512,0.07707393292682925,0.18031802173045122,0,0,0,0.8173278983813037,0,2.5813652582661146,3.236143150293252,0,10.220705197371933,0.30798483069498805,0,1,25.641983817702023,8.04976203095021,51.74943901479905,272.74975525492704,105.53744066541567,529.1889880123771,167.1,167.1,167.1,435.39,435.39,435.39,0,0,0,1.0647949142620927,0.8924107739218818,1.11,0,0,0,6.512948681997871,2.2752345291479825,11.923490121580548,25.787489093668515,9.008605544231555,47.210086626139834,2.601433408690634,0.9087851610273139,4.762537993920973,30.40564668773545,12.465316676062379,56.934390529367846,300.6677753383607,118.31610897935525,586.0428980099082,CIP
WSM,cip+cro,0.1,0.15,0,605.2632671703626,603.595402021672,607.9193582132382,605.9963906312978,604.1082059721266,608.8748853247533,871.4971534022939,709.7598958579937,1124.9303672336468,942.7018275181962,763.8299037200609,1215.9635703591987,167.1,167.1,167.1,435.39,435.39,435.39,0.49400972801343246,0.19147635655080159,0.824615448733406,0.10364992339249277,0.057045489223726896,0.15042512210585637,0.9375226004995624,0.22024016539145214,1.9328384588193703,0.051311354588090066,0,0.622942548563716,0.2031631234066224,0,2.4664902122553007,0.006621771518259057,0,0.2192982456140357,24.724387047274853,8.251523411209288,49.62385717391267,266.7104467732864,104.65365872853674,518.5653246423672,167.1,167.1,167.1,435.39,435.39,435.39,0,0,0,1.0688622328510502,0.9160959237097981,1.11,0,0,0,6.617128268067652,2.2730568965517235,12.40804459459459,26.19997966755912,8.999983385579936,49.12864054054054,2.643045321963433,0.9079153605015687,4.956081081081078,30.108817025101374,11.73540879706505,55.50042131779493,298.1341904694457,116.63626437983649,575.8670813338871,CIP+CRO
WSM,cip+cro+nda,0.1,0.15,0,605.2893287356333,603.619771325806,607.8080416245748,606.0201244038637,604.1452622642405,608.7755018702862,873.4848856813297,712.8853849702962,1114.0309854069758,944.3876500215304,766.2323779738668,1200.710208191469,167.1,167.1,167.1,435.39,435.39,435.39,0.5009121036837196,0.19390285555030154,0.821351757445962,0.10395596379292323,0.06197904025498769,0.14726377551020406,0.9276421110431057,0.216403767905914,1.9235436893203897,0.05808812721323496,0,0.632302453468696,0.22999520188502767,0,2.5035499923088795,0.025994352702996004,0,0.2577319587628867,24.85985546240997,7.863182837294353,48.236331630561814,268.6623551877493,106.25862552963821,508.85604166212914,167.1,167.1,167.1,435.39,435.39,435.39,0,0,0,1.0628377955694102,0.8814705882352942,1.11,0,0,0,6.513976110663035,2.264942752100838,12.003778158295285,25.791557113668528,8.96785609243697,47.527980559014814,2.601843789208753,0.9046743697479015,4.79460702919607,30.062736000229027,12.229810202095338,54.02064187057626,300.57065710559164,118.46416957726446,572.8192340395864,CIP+CRO+NDA
WSM,cip,0.1,0.15,0.05,605.3750121583439,603.6154814490314,608.1603934193546,606.0266426609759,604.1303983537337,608.9275459749796,881.8410952000298,712.852319877718,1131.4443629356008,944.91865246177,762.1501375677041,1209.836606090181,167.1,167.1,167.1,435.39,435.39,435.39,0.4901040776354276,0.1946772480715935,0.8182354824843839,0.12481112008196643,0.07654666119321295,0.17527060955961343,0,0,0,0.7848898712507155,0,2.4425365853658536,3.107707427597895,0,9.671024390243886,0.2996153076745618,0,0.9393024815560018,26.04124049302363,7.977051111435839,52.93441224577657,273.7274507764577,105.54030875705959,522.212150668782,167.1,167.1,167.1,435.39,435.39,435.39,0,0,0,1.0661847124220345,0.8889794117647061,1.11,0,0,0,6.525523266774639,1.945552360984989,11.866141075679277,25.837277136476924,7.703255889108497,46.98301775642814,2.6064560100553753,0.777101917632605,4.739631361111703,30.720491610672305,11.365282973269585,57.76159502561169,301.1667854186228,115.75466371272756,575.8358232309738,CIP
WSM,cip+cro,0.1,0.15,0.05,605.3368280033818,603.5878469315843,608.0060495415509,606.063279494342,604.135114002142,608.9198276390027,878.5042807699192,711.6783723497739,1133.1211049872138,949.0336207465843,767.4551709036099,1220.0831868626085,167.1,167.1,167.1,435.39,435.39,435.39,0.49248636766507914,0.19207599625384705,0.8176414247725785,0.10358019754990713,0.058142857142857156,0.15160975609756097,0.9061544317679524,0.221238938053097,2.0002512562814068,0.09503744275081044,0,0.6734755391195868,0.3762930030756642,0,2.6665714667617184,0.02260947456830262,0,0.25510204081632715,25.328175768141143,8.68342036953773,52.63572966629459,273.5064888574335,106.38174488896988,527.6209650152343,167.1,167.1,167.1,435.39,435.39,435.39,0,0,0,1.0614804358270409,0.8763086300309598,1.11,0,0,0,6.560055354419301,1.953981562499999,12.229031300038125,25.974004120980847,7.736630625000006,48.419852001524966,2.6202489832318667,0.78046875,4.8845787266488765,30.515368842712057,12.539200001843879,58.05139007577453,304.95127841242993,118.76301139052593,583.0008532637424,CIP+CRO
WSM,cip+cro+nda,0.1,0.15,0.05,605.3752336907788,603.6123008779098,607.9787154829185,606.10770187364,604.1335961531136,609.0140676236497,882.4093583659125,710.757150962854,1125.5332811071803,953.5003361673297,762.0558244576841,1223.1471438822164,167.1,167.1,167.1,435.39,435.39,435.39,0.5046605109009933,0.19253791871130307,0.8143108785612503,0.10463321278177605,0.05999632352941173,0.15082892786561258,0.8547367143646565,0,1.7859432234432233,0.05006720048945204,0,0.607744008998344,0.19823699672944559,0,2.4063128344778675,0.07170073848460333,0,0.4608828298344425,24.95769043466288,7.742571874945511,50.938256777969556,277.63834093341615,105.9285637108101,521.0070728162141,167.1,167.1,167.1,435.39,435.39,435.39,0,0,0,1.063875112254063,0.9001389144585443,1.11,0,0,0,6.461826885552845,2.253065004659833,11.735624999999995,25.585076510268507,8.920827120223665,46.46625000000002,2.5810140939258845,0.8999301025163093,4.6875,30.26930233053746,11.43651948019,56.468003771511235,309.8728159702199,118.99644443435395,581.5880872283414,CIP+CRO+NDA
WSM,cip,0.3,0,0,605.2943797872526,603.5555609453968,607.6735606032946,605.2853427939356,603.5502033745604,607.6742994659844,874.5134043801077,709.7989264268846,1106.5014381240364,873.5853974145836,709.3937626072701,1105.385289093017,167.1,167.1,167.1,435.39,435.39,435.39,0.38934509581820853,0.15196520400413593,0.6446457927276453,0.33092011683389105,0.25307894736842107,0.4076657014575742,0,0,0,0.13318518963687384,0,0.6803260869565222,0.5273358954435223,0,2.6936956521739117,0.0011809838672066611,0,0.006032608695652171,24.421095595462806,7.621746308557898,48.86620011035506,270.3549539690414,105.34814244403275,503.4128759042942,167.1,167.1,167.1,435.39,435.39,435.39,0,0,0,1.066009764984731,0.9047350092726151,1.11,0,0,0,0,0,0,0,0,0,0,0,0,24.449069687924716,7.644633975790143,48.9162713740145,269.709819417539,105.28248540707663,501.4033187340019,CIP
WSM,cip+cro,0.3,0,0,605.3170048045661,603.5891291617748,607.8473287728608,605.3046449574504,603.5839633731885,607.8312041455795,874.8121298494758,711.9610997879612,1113.1987438060075,873.6102195369375,709.4532379895307,1112.2885123742399,167.1,167.1,167.1,435.39,435.39,435.39,0.3864442665953539,0.1504945455779757,0.6426205053159431,0.32465319179678576,0.24499823943661972,0.39717782179594113,0.29716988059385524,0,0.9050802139037456,0.12403868882564577,0,0.72833545119064,0.49112107149339396,0,2.8837848140927416,0.0010998797299605907,0,0.006458318827461348,24.451722801904857,7.632357003364805,49.065235803765006,270.3236835339626,108.05504729755519,508.8948612576978,167.1,167.1,167.1,435.39,435.39,435.39,0,0,0,1.0671935294907122,0.897180471429614,1.11,0,0,0,0,0,0,0,0,0,0,0,0,24.39065727613653,7.669890946261813,49.10464704708834,269.73358380587524,105.55749201469558,508.50923543875604,CIP+CRO
WSM,cip+cro+nda,0.3,0,0,605.2945667112725,603.5570580002199,608.0364343045961,605.280260491361,603.5502205606177,608.0348259054592,873.7485203925067,711.0024707498222,1137.793976706978,872.3536047112125,710.3738443429372,1135.5097017355229,167.1,167.1,167.1,435.39,435.39,435.39,0.39054681399677177,0.15316211540504743,0.6536148891898806,0.3264677057620618,0.24906355457816884,0.4007332955190018,0.2872485258327434,0,0.8850540806293012,0.1505916625141817,0,1.088881382876844,0.5962554050849094,0,4.311337023558697,0.006476615775356245,0,0.011878144998685005,24.69701442275323,8.295896987673911,51.08364556096495,269.1226161667204,106.51164658174308,532.8446875920024,167.1,167.1,167.1,435.39,435.39,435.39,0,0,0,1.0682736268048345,0.9176663671504137,1.11,0,0,0,0,0,0,0,0,0,0,0,0,24.63566650061081,8.362712219355469,51.108701208629704,268.47223422228745,106.35236415356832,531.7349161904989,CIP+CRO+NDA
WSM,cip,0.3,0,0.05,605.2603174001778,603.5598714135837,607.9988514769162,605.2513743503796,603.5509879038073,607.9764065386971,872.6672121236215,708.1253849100706,1127.5303363038158,871.747671346718,707.5754248318736,1128.139113225767,167.1,167.1,167.1,435.39,435.39,435.39,0.3838676559425862,0.15621474040293598,0.6380631526375429,0.3312608585671448,0.2512037037037037,0.41070533653846153,0,0,0,0.14063323120322982,0,0.6993296089385498,0.5568258085442473,0,2.7689385474860377,0.0012470273736666015,0,0.006201117318435754,24.629796820918703,7.238584769536504,50.84108266789539,268.4667407893393,104.24824701683568,524.3386446302014,167.1,167.1,167.1,435.39,435.39,435.39,0,0,0,1.062762700129761,0.8757528326216547,1.11,0,0,0,0,0,0,0,0,0,0,0,0,24.652242142056018,7.40457076893489,49.84025480929025,267.87246275257354,103.69032043885278,524.3054292500682,CIP
WSM,cip+cro,0.3,0,0.05,605.3210703166309,603.5886846135655,607.8677170666557,605.3066719730425,603.5799010238999,607.8487360681114,877.495942643034,709.9174522261092,1116.5456326678586,876.0871391512426,709.7282296906793,1115.75593391016,167.1,167.1,167.1,435.39,435.39,435.39,0.38547365967609165,0.1521318876463054,0.642764577198417,0.32505300641859486,0.24497709424083766,0.4005342674604327,0.30486628058387966,0,0.956937799043063,0.13350958613754454,0,0.6916982658072437,0.5286203169293225,0,2.738722866789445,0.006033652079461467,0,0.011390575916230352,24.284528281460414,7.676407460728522,48.26985099806343,272.8925474120377,105.89904849672575,512.562706723613,167.1,167.1,167.1,435.39,435.39,435.39,0,0,0,1.0661188654654836,0.9027441509433962,1.11,0,0,0,0,0,0,0,0,0,0,0,0,24.174585596254822,7.306906874593505,48.299808140444114,272.2068901051904,105.89904849672575,511.8354468393782,CIP+CRO
WSM,cip+cro+nda,0.3,0,0.05,605.2667160857693,603.5721917653962,607.653021273371,605.2538970416324,603.5571520958401,607.6171627353884,872.4861380445925,710.0142808741995,1106.9211543480546,871.2325203630037,706.6717565469801,1106.1476751183216,167.1,167.1,167.1,435.39,435.39,435.39,0.38725488069479974,0.1447054858019592,0.6494039637280564,0.32242144573866216,0.23950440789473693,0.39679544878296147,0.27570673359543413,0,0.9090909090909105,0.12537852320431728,0,0.6695017394054387,0.4964260364354353,0,2.6508375309067937,0.02331198352090789,0,0.2577653437316388,24.664885234303522,7.537691699173653,51.38166362081768,267.9768349035263,103.57529668373054,502.44249471631156,167.1,167.1,167.1,435.39,435.39,435.39,0,0,0,1.0640083690958393,0.8944621888372523,1.11,0,0,0,0,0,0,0,0,0,0,0,0,24.586992472830563,7.649718149753354,51.27244235151637,267.36300495050034,102.79995894803837,502.44249471631156,CIP+CRO+NDA
WSM,cip,0.3,0.025,0,605.3829305938568,603.598844963734,608.0924106601577,605.4570537136387,603.6582560982521,608.1880061985981,883.6116202202478,715.1952735291134,1140.8653319467144,890.7789318574978,721.2682368023051,1145.2616954659045,167.1,167.1,167.1,435.39,435.39,435.39,0.38653773455506685,0.15600305671701992,0.637583904065407,0.33076839785701073,0.24997429906542057,0.4081159022931206,0,0,0,0.4596350944201751,0,1.7882857142857134,1.819887667346345,0,7.080571428571435,0.13533308414527073,0,0.5405405405405399,24.665923094831527,7.434590816367238,50.65200041002551,277.426016671355,109.95458523026956,537.6125076440537,167.1,167.1,167.1,435.39,435.39,435.39,0,0,0,1.0620086970256393,0.8716981069254186,1.11,0,0,0,1.0490844895513636,0,3.0106096813725483,4.153764470372566,0,11.920263480392153,0.41903039205598486,0,1.20251225490196,25.288395375811064,8.471573203094387,51.51285059560275,280.45190299609186,110.3277879846353,539.3871493087004,CIP
WSM,cip+cro,0.3,0.025,0,605.2522200441766,603.5750753787784,607.7034839383016,605.3559322532936,603.648782797678,607.7696421454986,871.3710620388159,710.2173573971904,1103.8351852983053,881.5193231254929,718.1717283940849,1113.75084909521,167.1,167.1,167.1,435.39,435.39,435.39,0.3783193921550759,0.14931698378156263,0.6542358443349173,0.3156029373621982,0.23526013795986628,0.39326807881773396,0.667930064924921,0,1.630561763510766,0.13290251865251038,0,0.724011971132468,0.5262166827363016,0,2.8666663474364737,0.004244041862126159,0,0.010525120761939484,23.551247411604617,7.482097732989998,49.726450755971406,266.3573043431292,104.80723198678457,499.2046444760803,167.1,167.1,167.1,435.39,435.39,435.39,0,0,0,1.0662835980399965,0.893927622661968,1.11,0,0,0,1.058088894858639,0,2.998593634845692,4.189416678764465,0,11.87268692422846,0.42262697509931263,0,1.1977127475817588,24.330280217222462,7.537874050792999,50.452793212845215,271.06680730042046,106.49738466507438,502.48331386078047,CIP+CRO
WSM,cip+cro+nda,0.3,0.025,0,605.411342001846,603.6536214894994,608.0397897811578,605.5184529561903,603.7400045759944,608.1380857984815,885.491714015253,714.7873859209623,1133.6033166103307,895.934605381812,725.8170987325549,1145.4348803954606,167.1,167.1,167.1,435.39,435.39,435.39,0.3927218338070699,0.14860511143585567,0.6418985875862578,0.31699743502752387,0.23076365653806763,0.3964375404007757,0.6613429188228961,0,1.4925373134328368,0.1263513107287876,0,0.7496440620782623,0.5002777092955439,0,2.968154520917644,0.020170491050012434,0,0.25,25.103478023297253,8.124962485842486,51.66091531072896,280.46244066969945,109.71571979525409,529.4597630431103,167.1,167.1,167.1,435.39,435.39,435.39,0,0,0,1.0617947769442704,0.8675165820213308,1.11,0,0,0,1.0987061417485844,0,3.016934641478534,4.350237354978976,0,11.945306644051936,0.43885051196220826,0,1.205038601005965,25.834553679476404,8.7289849771098,52.486075138287084,285.28505795309565,112.6424151555805,535.2144055634916,CIP+CRO+NDA
WSM,cip,0.3,0.025,0.05,605.3984585873019,603.6733092451269,607.9754263170181,605.475447290243,603.7312934060275,608.0204334574587,884.6724603932273,717.2922894493022,1136.0074236831138,892.076534517591,723.4022659101835,1141.0154188522858,167.1,167.1,167.1,435.39,435.39,435.39,0.3838831223660791,0.14896704340533948,0.6431066184773843,0.33053301589923323,0.24857550819174762,0.4026494664237377,0,0,0,0.448900738029564,0,1.7889336438923384,1.7773858587392,0,7.083136853002071,0.13078603886707246,0,0.5526405135960986,24.642847003391292,7.641227920766344,53.31701045540031,278.5656470948074,110.89289161790764,527.1928033330628,167.1,167.1,167.1,435.39,435.39,435.39,0,0,0,1.0655615428716916,0.8836764352047277,1.11,0,0,0,1.0715128980620043,0,3.114319589552239,4.242567924552259,0,12.330894402985058,0.42798885527320835,0,1.2439365671641804,25.261754071043814,7.963054768317835,53.83546174768069,281.6453543276385,112.0110063078582,534.0948626834546,CIP
WSM,cip+cro,0.3,0.025,0.05,605.3577548765163,603.6490792477538,607.9005338637154,605.4583372933282,603.7149282070739,608.007961004744,879.6870568950403,714.6552769744234,1130.0936587173826,889.460005349407,719.822411006377,1140.0811697980516,167.1,167.1,167.1,435.39,435.39,435.39,0.38488814175998715,0.14993130627226142,0.6484331329633177,0.3181971521966447,0.24435915175214312,0.3865190898187634,0.656893443315241,0,1.522981180590961,0.14409309766788445,0,0.7452305923866573,0.5705248676155154,0,2.950679747647565,0.0131244404476038,0,0.2399638407367286,24.800611491808052,7.864595222453848,49.10747334115853,274.5828139441403,110.43620286494452,523.3365011418427,167.1,167.1,167.1,435.39,435.39,435.39,0,0,0,1.0692106970102278,0.9187176183133404,1.11,0,0,0,1.071965845632073,0,3.010235518292681,4.244361333512386,0,11.91878201219512,0.428169773778588,0,1.2023628048780475,25.472242624891223,8.309248995401019,49.4076643691787,279.00503191050257,112.15035222212207,532.9665313709415,CIP+CRO
WSM,cip+cro+nda,0.3,0.025,0.05,605.3054904564063,603.6105878071935,607.9181926113,605.4103211487155,603.6835299351652,608.0726142541172,876.1053341562795,715.4156054945429,1116.7730385456814,886.3307483835648,721.3419350131298,1131.0066253752932,167.1,167.1,167.1,435.39,435.39,435.39,0.3816216140065798,0.1475971238272467,0.6394621963596652,0.31712833696559267,0.23579439472444652,0.38938377601838836,0.6055121176537758,0,1.5,0.1434884922846688,0,0.719529250548138,0.5681309819138302,0,2.848917380904931,0.04883560193783931,0,0.27635762097019,24.36646903888671,7.488078018428284,53.55649633163209,271.06200730009164,110.39946109731333,511.3995990331808,167.1,167.1,167.1,435.39,435.39,435.39,0,0,0,1.0633160483850637,0.8879439393939393,1.11,0,0,0,1.093887754427579,0,3.0236714975845453,4.331159343381412,0,11.971980676328513,0.4369259284340865,0,1.2077294685990316,25.046003241577807,7.9193480800714,53.91003816510849,275.7937822631448,112.77427700179403,523.763886702873,CIP+CRO+NDA
WSM,cip,0.3,0.05,0,605.340619080376,603.5930610034118,608.0323758274815,605.4988317146348,603.7130773937172,608.2429596282342,878.9128057391372,711.0614236772351,1139.9824186147787,894.2243446015761,720.7982483027389,1159.0413236698676,167.1,167.1,167.1,435.39,435.39,435.39,0.39293563813239984,0.14986247853840076,0.652024623142545,0.3298527517566111,0.2489625073014017,0.4066502814595976,0,0,0,0.844940250944972,0,2.5417258883248723,3.3454720081352116,0,10.063756345177667,0.2822507562957034,0,0.9532594786729852,24.949028107106916,8.122755495405576,51.702967735837554,270.35205875479306,102.44568446065357,531.6926246126949,167.1,167.1,167.1,435.39,435.39,435.39,0,0,0,1.0623255032199954,0.876835976928623,1.11,0,0,0,2.1974200589167663,0,4.984175787728029,8.700505496097664,0,19.73443750942258,0.8777041296200535,0,1.9908035579677361,26.21497010472536,9.142497206384675,52.13260796828818,276.8358952145745,104.9838212830023,543.2295143012835,CIP
WSM,cip+cro,0.3,0.05,0,605.3651782570743,603.6416891574039,607.9258273015932,605.5914950206943,603.8238051500932,608.1614351255249,880.7047989678923,715.9748920954004,1120.2452874434011,902.7168619536614,733.0828778383113,1146.7614919596892,167.1,167.1,167.1,435.39,435.39,435.39,0.38543576990246625,0.1529471384198181,0.6289760815710579,0.30796712477722604,0.23123855198019805,0.38138906250000004,0.9971257713433774,0.22933161576808664,2.00050505050505,0.15384559714509885,0,1.0482057571785144,0.6091390938568203,0,4.150285201213916,0.00821528918156787,0,0.22232277526395225,25.437520276936297,7.706400304877616,51.34206881490313,275.13610372216516,111.54197796873783,515.5558194586929,167.1,167.1,167.1,435.39,435.39,435.39,0,0,0,1.0635598193377058,0.8855191294163577,1.11,0,0,0,2.2168018676113586,0,5.1691779434250735,8.777246186794166,0,20.466938455657484,0.8854457052290137,0,2.0646980122324137,26.881593565107856,8.6348071214401,53.85829508723773,285.31626276171994,114.13168971966577,532.4414263847517,CIP+CRO
WSM,cip+cro+nda,0.3,0.05,0,605.3454019427429,603.6038350368788,607.8231436466851,605.5651606478675,603.795169403562,608.1361675694902,878.8628843547683,710.2339353076445,1109.2251613955616,900.2557327779638,727.7345011884776,1135.5818566399248,167.1,167.1,167.1,435.39,435.39,435.39,0.38884958364545863,0.14626141530740175,0.6454771252944145,0.3089528272154145,0.22899756493506498,0.3840408450704225,1.004480423376203,0.22519997576051376,2.000223214285714,0.13971888726999906,0,0.705236341292135,0.5532055383168424,0,2.792325772471913,0.03194860398115415,0,0.26045075261780115,25.36532916948647,9.405770731216842,49.65580562193098,273.336888038994,105.3975415126197,504.4765243769745,167.1,167.1,167.1,435.39,435.39,435.39,0,0,0,1.0665711556236728,0.8799349891116619,1.11,0,0,0,2.185577513649957,0,5.136251546391751,8.653615904021926,0,20.33656907216495,0.8729739230108473,0,2.051546391752578,26.702036118680162,10.316343481705347,50.78250913242356,283.1404779959701,108.54844678308079,520.7165282129183,CIP+CRO+NDA
WSM,cip,0.3,0.05,0.05,605.4054396729451,603.7127104490149,608.0884674190161,605.5690701830273,603.8432241609819,608.2213904388911,885.0787957334866,719.3688090589475,1132.465685086608,900.8746748366443,732.0369043893778,1152.1967890015037,167.1,167.1,167.1,435.39,435.39,435.39,0.3947750034870462,0.15430354970204258,0.655374978953012,0.3307453616993113,0.25319230294553235,0.41033517846563977,0,0,0,0.7855657140473185,0,2.4554256657887015,3.110383372027582,0,9.72205765291189,0.26899053186206506,0,0.9135591070522583,25.22832664561653,8.413959966240038,52.647611392445576,276.92227857375553,113.03237185754912,529.3337092245152,167.1,167.1,167.1,435.39,435.39,435.39,0,0,0,1.0656392671460735,0.9147333403470556,1.11,0,0,0,2.1883133537276853,0,5.121584589041098,8.664448239667596,0,20.278496450809445,0.8740666854640059,0,2.0456880448318797,26.498269937541135,9.021523874397312,53.590411721534956,283.61734814227555,116.24600563015031,534.8679402547335,CIP
WSM,cip+cro,0.3,0.05,0.05,605.3072969871248,603.5854850226452,607.8433667627935,605.5274949960404,603.7616978070282,608.1193563663035,875.939432203596,710.2734805681498,1124.8413797338078,897.4137762994767,725.1007563394202,1152.3498355237793,167.1,167.1,167.1,435.39,435.39,435.39,0.38002495417015497,0.1480700239675036,0.653866200661149,0.3090629767891706,0.23169398655313853,0.3868279598308668,1.028898634043825,0.22831050228310495,2.122893007243137,0.1963483400007505,0,1.2336072837781535,0.7774252375616865,0,4.884367423963934,0.025545820716320507,0,0.2577319587628863,25.221358912331773,7.569788654715061,53.93698676062887,270.1045589751562,102.80604643411664,517.6879617895927,167.1,167.1,167.1,435.39,435.39,435.39,0,0,0,1.0633851341855525,0.894304368932039,1.11,0,0,0,2.2298658346151856,0,4.982357449478271,8.828971898615357,0,19.72723794743099,0.8906637780057459,0,1.990077268524633,26.65531708962068,8.83611224805999,55.72668315198356,279.9470462518841,104.64791096195562,539.9046062367778,CIP+CRO
WSM,cip+cro+nda,0.3,0.05,0.05,605.420057497512,603.6424993276369,608.122130288415,605.643356702196,603.7866137985784,608.3630093771344,885.9839245130528,715.543685001506,1119.171938741539,907.7136008885931,734.0367582124657,1150.3292184161492,167.1,167.1,167.1,435.39,435.39,435.39,0.38606971349495867,0.15016276436680448,0.6405058447536649,0.3100241015819393,0.2285203431372549,0.38536145611094186,0.9427545153610808,0.22519997576051332,1.9666397819557222,0.1534380854658434,0,1.13826100917431,0.6075255846005005,0,4.5068516263552905,0.08223473748362521,0,0.48855802455914965,25.208124536636436,8.021661318398403,49.90869439539116,280.4228310259718,109.81092805086692,513.380276351329,167.1,167.1,167.1,435.39,435.39,435.39,0,0,0,1.0642942789864562,0.8774805930326219,1.11,0,0,0,2.119564301814915,0,4.83931021779613,8.39224197596696,0,19.160854100882514,0.8466066072115812,0,1.9329406525787374,26.711440025418568,8.98760071126696,51.34492898068179,290.8019984156392,113.62314865605724,532.0434212763907,CIP+CRO+NDA
WSM,cip,0.3,0.075,0,605.4168376050136,603.5979920677745,608.1075023687448,605.6603691408656,603.7922957622058,608.4813188230122,887.0899256023421,713.759161874899,1137.4913951076321,910.7422252864612,733.5638999943676,1171.9477236742746,167.1,167.1,167.1,435.39,435.39,435.39,0.38518183573201675,0.1514933055147843,0.6409593105215831,0.3313537245562746,0.2527542803406978,0.4059753556910569,0,0,0,1.140896806591797,0,3.2607537006578955,4.5172878512474695,0,12.910688322368427,0.4125007401712142,0,1.1473181032643474,25.80977494892549,7.6683777344985105,52.62323267060262,276.7421067069131,101.19787053656214,526.0613928044836,167.1,167.1,167.1,435.39,435.39,435.39,0,0,0,1.0668918135999366,0.8945674141255445,1.11,0,0,0,3.2292995705367615,0.604734299516909,6.921253705073594,12.786148259632851,2.394396135265698,27.404139530137996,1.2898624263208027,0.24154589371980717,2.7645205724051745,27.608024371581195,8.695914124116111,54.2874291091568,287.1151974456493,105.67494542057456,549.2295388648145,CIP
WSM,cip+cro,0.3,0.075,0,605.3628555064623,603.5924615164521,608.0995093959407,605.702830753268,603.8568748100784,608.5061333676117,879.7355220396528,713.9933880816995,1127.5507772192382,912.6929013595658,739.6311620634999,1173.579428804992,167.1,167.1,167.1,435.39,435.39,435.39,0.38272695402069373,0.1529907678748903,0.6409538955152003,0.30090553744121573,0.2240610026136199,0.37350837358731315,1.4016119924546375,0.4345968041620225,2.722884788478847,0.14411441481030976,0,0.6803260869565203,0.5706092711022683,0,2.6936956521739113,0.009135827387705074,0,0.23364485981308442,25.135209967512417,8.539760734350017,50.74398931359277,273.6919368682845,108.72322321172895,521.4632758710101,167.1,167.1,167.1,435.39,435.39,435.39,0,0,0,1.0659635163068741,0.9025331027667984,1.11,0,0,0,3.187966330863479,0.5848852532058244,6.92037116136237,12.622492668390914,2.3158054553357936,27.400645170295927,1.2733529041633964,0.23361769180612935,2.764168062534896,27.378861290851315,10.16471511767779,52.40277166982539,289.23956303869164,116.55254498766936,553.1329291462495,CIP+CRO
WSM,cip+cro+nda,0.3,0.075,0,605.3449240706043,603.6322648115527,607.9288069219564,605.6893077779583,603.879080952688,608.3718242615082,879.726904724653,714.8362968715426,1140.9472000222183,913.3500367805099,738.4385874044684,1184.7118776735908,167.1,167.1,167.1,435.39,435.39,435.39,0.3967789820185867,0.1532431645887538,0.6460222374142385,0.29932350153395915,0.22430051813471502,0.3700449029126213,1.3291779401369406,0.2631578947368418,2.5,0.14187743958760304,0,0.7033577572525868,0.561752150161364,0,2.784887672189427,0.03845483528035454,0,0.2617801047120411,25.136832163705684,8.67470201742858,49.87383502495198,273.7448611423312,108.00677562175076,536.7362230861545,167.1,167.1,167.1,435.39,435.39,435.39,0,0,0,1.064718184081309,0.8814576330532213,1.11,0,0,0,3.305730469973787,0.5904716981132083,7.07295435086493,13.088770172054701,2.3379245283018895,28.004785864057297,1.320390825201225,0.23584905660377364,2.825113576795388,27.45070107452074,10.005310143382738,53.209125853884075,289.20058222230796,116.3732198396237,562.7420069842466,CIP+CRO+NDA
WSM,cip,0.3,0.075,0.05,605.3991142941501,603.6680814688992,607.8775035499207,605.6477447173626,603.8427692551355,608.2032708245541,883.9954973383552,716.5781921765807,1125.1569534387293,908.0504820932073,733.5159896582941,1159.903679831193,167.1,167.1,167.1,435.39,435.39,435.39,0.39222383955550877,0.1488519983552413,0.6532271214378995,0.33000294835055466,0.2520164382094668,0.400413571529445,0,0,0,1.117681611676006,0,3.114319589552236,4.425369180468888,0,12.330894402985086,0.4004868044475831,0,1.1702551834130777,25.28285831379723,8.432798657481943,51.78305467071396,273.7472556505802,107.24550842984944,518.6738230941206,167.1,167.1,167.1,435.39,435.39,435.39,0,0,0,1.0637340060130616,0.8869259383668519,1.11,0,0,0,3.269742319234157,0.5822325581395336,6.9240061729718105,12.946278024486478,2.3053023255813883,27.415037702282714,1.3060162642731095,0.2325581395348842,2.765619976422676,27.15360443583177,10.15223579459394,53.0946124404796,284.13702440316354,111.04665451946754,540.8671264881946,CIP
WSM,cip+cro,0.3,0.075,0.05,605.3342496785222,603.6096765623666,607.8469226357502,605.6729736628006,603.8465379314016,608.2426969703736,879.536060772118,712.4972998162381,1132.0540377776788,912.668062917617,735.5554553575203,1172.1482025958967,167.1,167.1,167.1,435.39,435.39,435.39,0.3849716452952906,0.15210217908677598,0.638096124146369,0.30013056934642773,0.21869986166407995,0.37430423489748177,1.410397894350025,0.47841193893825507,2.591010902417962,0.21851164352286,0,1.2036538461538469,0.8651790301619293,0,4.76576923076922,0.03704274152585626,0,0.2688535309503051,25.432514515541143,8.77708573168864,51.4900442257656,273.0386489945021,105.94822553662483,526.22491319084,167.1,167.1,167.1,435.39,435.39,435.39,0,0,0,1.06609030658983,0.8966723569533914,1.11,0,0,0,3.3573270016545176,0.5876308740292225,7.06234587628866,13.293062430899864,2.3266765170461996,27.96278247422679,1.3409997610059585,0.23471436093194642,2.820876288659796,27.62720986136458,9.551194355152326,53.77741992159658,288.2906674678003,110.71903686570067,551.3694757406538,CIP+CRO
WSM,cip+cro+nda,0.3,0.075,0.05,605.3159985360846,603.5818008525695,607.6735996941725,605.6595716767265,603.8664196251376,608.1319536744721,876.9206816773033,708.635627891301,1117.5709759331921,910.3929138672495,736.28442847389,1159.4912254401,167.1,167.1,167.1,435.39,435.39,435.39,0.3861543406435719,0.14833325202775796,0.6471395416984107,0.3002070120562029,0.23144189841724064,0.37169844858923323,1.2929735396803985,0.4521413828689375,2.4271844660194177,0.12804573809733535,0,0.7074337046004839,0.5069866562594927,0,2.8010260532687665,0.1032372060316668,0,0.5102040816326529,24.92416995074382,8.008060411431531,50.93862683749488,270.99652922413,101.39907702717423,513.2825574163958,167.1,167.1,167.1,435.39,435.39,435.39,0,0,0,1.0671348895159833,0.8960414062500001,1.11,0,0,0,3.290041897271408,0.5960952380952371,6.737318728047897,13.026652548039626,2.360190476190474,26.675863990810484,1.3141244197441315,0.23809523809523847,2.6910523757980056,27.15822387144506,9.206852215113422,52.866679720230174,286.4314349087014,107.95446445865996,537.3644553639359,CIP+CRO+NDA
WSM,cip,0.3,0.1,0,605.4669625696248,603.7557126209738,607.958646960365,605.7942911717676,603.9739885520391,608.3660632666017,891.4974565693743,727.8223042750025,1132.7403168502221,923.2925248483095,754.4365210978162,1171.425793571186,167.1,167.1,167.1,435.39,435.39,435.39,0.38511649721487257,0.14703646334587064,0.6372438694468479,0.3334642222109159,0.24778527131782946,0.40894736842105267,0,0,0,1.497063190225557,0,3.872119954180985,5.927499597406893,0,15.331343138602515,0.5481614524533075,0,1.4927238805970153,25.78483976496529,8.320928707643855,52.996205289334206,278.9435339949273,114.0588912237197,526.03125413406,167.1,167.1,167.1,435.39,435.39,435.39,0,0,0,1.0652570057825586,0.8879757641921397,1.11,0,0,0,4.316533607121051,1.1806674748721577,8.535346951219516,17.090962749907952,4.674756568506435,33.7950100886918,1.724130694648127,0.4715879033680133,3.4092294900221733,28.358454198376872,10.577283898630027,55.58135526296505,292.8080852087263,119.46136739819963,552.9091665345796,CIP
WSM,cip+cro,0.3,0.1,0,605.322542051797,603.6194311682339,607.8505404576623,605.7776741484303,603.9547392115421,608.4367356000522,878.0311031564019,713.5053638982151,1103.382868917044,922.5477614522152,746.9923529659561,1162.482418109411,167.1,167.1,167.1,435.39,435.39,435.39,0.39221195023981903,0.1508024392291469,0.6402496757416073,0.2909998296888621,0.21695454545454557,0.3660697340425532,1.7492755129583184,0.6815137987012987,3.05648625429553,0.1401493615278758,0,1.093885195726762,0.5549099660303269,0,4.331149212414213,0.009569064056987868,0,0.2315083979328168,25.371507809252567,8.389166298164971,50.87361488442555,271.5893369952843,107.21335495453322,495.77652971058774,167.1,167.1,167.1,435.39,435.39,435.39,0,0,0,1.0660172871543747,0.886716011904762,1.11,0,0,0,4.317822994745259,1.1751257124140198,8.190952808873371,17.096067975040263,4.652814412053714,32.431409571736665,1.7246457080784705,0.46937438584998314,3.271669918866181,28.44327972373207,10.266933834908286,53.505360534094805,292.17692804997597,114.83072906168846,536.0304053437222,CIP+CRO
WSM,cip+cro+nda,0.3,0.1,0,605.3820673691644,603.5921119470959,607.9002688183488,605.8500512780162,603.925399680405,608.6008674009829,882.5301262268767,710.61559868976,1130.8595655806366,928.0604768227624,744.84829470678,1184.0213092072352,167.1,167.1,167.1,435.39,435.39,435.39,0.38770086728791514,0.15116244792889227,0.6484622355467919,0.2913557616523742,0.21883394813324392,0.36388030527563725,1.7241695521557536,0.5374914207275222,3.095336481700113,0.1468187802797635,0,0.7072316384180788,0.5813169856036265,0,2.8002259887005674,0.05092161682350722,0,0.27635762097018995,24.82384623538283,8.034333031040163,50.17877052938635,276.0255661997134,103.70190460231153,526.0493838249673,167.1,167.1,167.1,435.39,435.39,435.39,0,0,0,1.0686474908200994,0.8956896086369771,1.11,0,0,0,4.391905489325597,1.153600410095971,8.73762746610823,17.38939156997395,4.567586733183947,34.595923288879064,1.7542360957523555,0.46077664566862525,3.4900253499393776,27.869700083332084,10.416554903827443,53.248093748754656,297.2864377833052,110.59273634975456,565.1382973703845,CIP+CRO+NDA
WSM,cip,0.3,0.1,0.05,605.4926180062264,603.7474524465742,608.4062494749064,605.8250988289227,603.9905094400106,608.8276103497275,893.2334111461628,726.4476782935241,1153.7043534011916,925.4018044944485,751.3210136556262,1191.9183094599925,167.1,167.1,167.1,435.39,435.39,435.39,0.3897921683326254,0.1518719883624258,0.6434789067356514,0.330487411574083,0.2440658999916006,0.407606119925819,0,0,0,1.5026962411225606,0,3.953052631578951,5.949803202987583,0,15.651789473684207,0.551779908932258,0,1.5285518654715398,26.108387644168214,9.000956556820453,51.61139034022518,280.63423226348135,113.69743416681916,535.5518316374464,167.1,167.1,167.1,435.39,435.39,435.39,0,0,0,1.0633239142329411,0.8798879635406778,1.11,0,0,0,4.306717442614518,0.6586705317982452,8.522434663048182,17.052096447175746,2.60795224780701,33.74388493683655,1.720209874826058,0.2630893640350874,3.4040720015370622,28.69299389794225,10.804728936720624,54.847382305391655,294.94485616323317,121.28982063991997,564.3182405334289,CIP
WSM,cip+cro,0.3,0.1,0.05,605.353610404179,603.5720118347078,607.8187187647344,605.7999679826315,603.8954081012502,608.5728684433495,880.2732220835816,704.6985105059822,1124.5834898622306,923.7344180282788,741.3967475265166,1179.5722873581324,167.1,167.1,167.1,435.39,435.39,435.39,0.3792146398657901,0.14764487054610667,0.6458412710294613,0.29250526124242054,0.2179259231685526,0.3628919930875576,1.7266420714346196,0.5126903553299501,3.108808290155442,0.22474361016315467,0,1.2036538461538462,0.8898539937790862,0,4.765769230769224,0.04108582343025464,0,0.2646262985124236,24.68331696937857,8.912951428396141,49.44524302975265,273.33094208146764,98.69574129219714,516.0628046233826,167.1,167.1,167.1,435.39,435.39,435.39,0,0,0,1.0612166879966345,0.8958834434839424,1.11,0,0,0,4.352310311294586,1.18654028436019,8.510521760964176,17.232617692043846,4.698009478672992,33.69671677268161,1.7384207985678966,0.47393364928909854,3.399313692668227,27.61106568093128,10.884678423686305,52.88133847426581,293.24245772397876,105.95318524362196,556.513829256065,CIP+CRO
WSM,cip+cro+nda,0.3,0.1,0.05,605.3327274040105,603.5503480945873,607.9701150023965,605.7870793909602,603.8968131867598,608.5462772438756,878.2782723682772,710.9180860053391,1132.9658100378233,922.5491594865252,745.6490288670924,1176.497855776583,167.1,167.1,167.1,435.39,435.39,435.39,0.3837333225170757,0.15313539796642778,0.6484885995165832,0.2923275270017038,0.21792324200913235,0.36077750550660803,1.6145326919382421,0.4853782655597771,3.0066189486646637,0.15255756993965205,0,0.7072316384180788,0.604039255191637,0,2.8002259887005674,0.13929780594202537,0,0.6494924289684108,24.995702707899856,8.765222322644068,50.10924168585085,271.7885699367219,104.3513730289086,527.8272218749551,167.1,167.1,167.1,435.39,435.39,435.39,0,0,0,1.0667897979072554,0.8847806177356867,1.11,0,0,0,4.306739981044144,1.2151930256554586,8.313733096123663,17.052185686249555,4.81145767084095,32.91754810483088,1.7202188772344398,0.48537826555977737,3.320711414013287,27.966911632892298,10.714829130733145,54.793889872008926,292.325765783605,110.3867646210966,549.6345376846989,CIP+CRO+NDA
WSM,cip,0.3,0.125,0,605.5018161582324,603.7338004429294,608.3460642393127,605.9217239134041,604.0297473091059,608.8765014345493,893.7277164636058,723.9095046301451,1153.3683589460952,934.3159923332134,754.6874745751875,1205.3248882029727,167.1,167.1,167.1,435.39,435.39,435.39,0.379753578096028,0.15102283653994478,0.6435435250227265,0.3324627430677538,0.24785962448848592,0.4135294117647059,0,0,0,1.8257317614374315,0,4.540207253886004,7.228835998073562,0,17.97658031088081,0.6821697597768114,0,1.75,25.689197849611002,8.945866598660887,50.99280253410782,279.19497169189265,111.90514561386908,538.6793474944312,167.1,167.1,167.1,435.39,435.39,435.39,0,0,0,1.0667038972399092,0.875348652764761,1.11,0,0,0,5.389636800590092,1.2970349073233247,10.535845621562155,21.339827319415825,5.135503926072334,41.71582140814081,2.1527547533911533,0.5180679450884034,4.208278327832784,28.815962233896872,10.684523844002612,53.494472681633034,297.32976602267553,118.47335260829396,580.3694952371443,CIP
WSM,cip+cro,0.3,0.125,0,605.3018385775475,603.5843890535601,607.8826555189931,605.8751534906643,603.975075717152,608.6568608952072,875.1879615651259,709.9599788299691,1123.3403390108374,931.1093267278652,750.9118929416715,1190.0208509830682,167.1,167.1,167.1,435.39,435.39,435.39,0.38223072254991314,0.1547856061287972,0.6370332056461742,0.28388273285242827,0.20330649153625044,0.35520546798029556,2.115974981524574,0.9615384615384623,3.6232822707817096,0.14784147933994016,0,1.1229445853539761,0.5853662791184524,0,4.446207495485258,0.015061055209772427,0,0.24573576046797996,24.496106530667976,8.096032916587443,51.3757085200524,268.23022777167466,103.9673928140143,513.8200950973439,167.1,167.1,167.1,435.39,435.39,435.39,0,0,0,1.0620104410079072,0.8627727748049894,1.11,0,0,0,5.399747535131207,1.420408088235294,10.330527723345504,21.379859948174083,5.623989973262037,40.902881936403304,2.1567932317986926,0.5673462566844919,4.126269261601496,28.4730694855829,11.178606923430468,55.78256933841041,293.9353077358098,114.0970911515978,557.1784662608087,CIP+CRO
WSM,cip+cro+nda,0.3,0.125,0,605.3302109502637,603.5852083738502,607.9389885260051,605.9094697327431,604.0419319787168,608.7852364691654,878.5945902335974,716.3548359866147,1138.9853191154043,935.2088899032876,756.5467066625005,1211.8549802395914,167.1,167.1,167.1,435.39,435.39,435.39,0.38572413270925576,0.14730258941700863,0.6388311197703045,0.2831357849160045,0.21041587677725118,0.35299251338364007,2.090123893241024,0.7975590397682965,3.5401599209379606,0.1659075108769109,0,1.1978947368421076,0.65689725747749,0,4.742966507177036,0.06599216700276513,0,0.4386935258500241,25.431318084662667,8.894407110099477,51.004867377140215,271.4640056332744,108.45356405980905,531.0883835666789,167.1,167.1,167.1,435.39,435.39,435.39,0,0,0,1.0649945523652427,0.9116831896551725,1.11,0,0,0,5.460685372885354,1.7968421052631594,10.588127765191897,21.62113834651619,7.11444976076556,41.92282829157783,2.181133317177406,0.7177033492822972,4.229161114072496,29.44536706595301,10.708689675914005,55.029731760527184,297.64854524356565,120.1566198202736,578.2514805472991,CIP+CRO+NDA
WSM,cip,0.3,0.125,0.05,605.5099001757038,603.7834307574635,608.2141383251671,605.9254560603654,604.0467219313283,608.7734122865562,894.2823656584537,728.7489749343283,1139.2608971814918,934.4406779091652,761.0879902994516,1198.532226665436,167.1,167.1,167.1,435.39,435.39,435.39,0.38579672658510367,0.1488665503078268,0.6423542751823986,0.3291594054348732,0.24659890109890115,0.4068245314515517,0,0,0,1.8194542397836193,0,4.471215486867398,7.203980663095964,0,17.703413036515062,0.6753299322449037,0,1.6668660287081336,25.98586137042636,8.763878309843172,51.42465646443267,279.71573884414175,112.4539113023819,529.201892808942,167.1,167.1,167.1,435.39,435.39,435.39,0,0,0,1.0641912777423737,0.8849185662534809,1.11,0,0,0,5.459214919696229,1.675782542293233,10.317366851595013,21.615316207047762,6.635124295112787,40.850772538141484,2.1805459816648938,0.6693491541353389,4.121012482662966,29.051182500516653,10.679946106873398,55.86540346354276,297.07340394176714,121.72207935523836,566.1742387974988,CIP
WSM,cip+cro,0.3,0.125,0.05,605.3902203017919,603.6204940547743,607.9498735791967,605.9528652763678,604.0216192878997,608.6973282610269,883.1642435339323,713.0352571816975,1136.4019626110248,937.8120584721966,752.4511750166268,1209.004807207725,167.1,167.1,167.1,435.39,435.39,435.39,0.39340014932061146,0.14816808401126755,0.6537051716362021,0.28331202260160165,0.2063718463451277,0.3522357954545455,2.1006856681874946,0.8147837650323767,3.5179634585973343,0.2322041787801749,0,1.2394059405940592,0.9193935067151772,0,4.907326732673273,0.04919724301903465,0,0.27628146101903,25.374160869701964,7.962393196242272,50.334619382403005,275.7090228518583,102.7115503638289,527.7146079155292,167.1,167.1,167.1,435.39,435.39,435.39,0,0,0,1.0628533757931744,0.8755818213664477,1.11,0,0,0,5.344809566163142,1.3317021276595757,10.573125680119576,21.16233754092586,5.272765957446804,41.8634287593423,2.134849642979366,0.5319148936170216,4.223168908819132,29.180121530915375,10.80840104235779,54.82138822463609,301.0760053455108,115.99438219921767,583.81348116443,CIP+CRO
WSM,cip+cro+nda,0.3,0.125,0.05,605.356865318764,603.6187167269284,607.8951993954805,605.9382885526969,604.048106286742,608.6824907028822,879.466546040753,713.738914101823,1115.3614438875923,935.9179739579009,757.8543949098876,1184.9961831324624,167.1,167.1,167.1,435.39,435.39,435.39,0.3774295016469526,0.15278883110711558,0.6333655081797532,0.283925739091207,0.2111365273952391,0.35739520289229443,1.94895064713648,0.7075471698113209,3.4038471409506235,0.14345047270979736,0,0.7161709495295121,0.5679804465080998,0,2.8356204619332726,0.1515458275253917,0,0.6570948237885466,25.40620942283997,8.94926576378823,50.673236827608385,272.58776100877486,105.46848559214145,508.7915991320321,167.1,167.1,167.1,435.39,435.39,435.39,0,0,0,1.0626283253183766,0.8841957466286912,1.11,0,0,0,5.433263155207329,1.6543612334801776,10.38205264227642,21.512562312246047,6.550308370044057,41.106890650406505,2.1701802025912,0.6607929515418501,4.146849593495934,29.32785347773454,11.740267780507704,55.79057849692309,298.679769967138,116.81819383481948,554.65132869005,CIP+CRO+NDA
WSM,cip,0.3,0.15,0,605.5171046224934,603.7593498284066,608.1644632437656,606.0211722914331,604.1970231289777,608.8045673776762,896.4217863584563,728.7574237077911,1149.6400168627392,945.3289902093184,769.5210507032275,1203.989450148368,167.1,167.1,167.1,435.39,435.39,435.39,0.384066205258458,0.15386376700502954,0.6336760092129747,0.3320585429920765,0.24949064784379138,0.4115351700604162,0,0,0,2.1587955961305116,0,4.898614620630859,8.547575086005168,0,19.395665046888322,0.818582762390965,0,1.887469531461587,26.79808966163399,8.896065608203115,52.61422480821387,279.74949083825084,109.72228164387366,536.0144002556626,167.1,167.1,167.1,435.39,435.39,435.39,0,0,0,1.0673376089700743,0.8965800492610838,1.11,0,0,0,6.534337621452551,2.0082352941176453,12.04094207317073,25.872176854902875,7.951443850267387,47.67512804878048,2.6099766821587114,0.802139037433155,4.8094512195121935,30.47753055615422,11.112962987941037,57.24353122438456,301.36310577189874,116.33894368209191,569.5772527646579,CIP
WSM,cip+cro,0.3,0.15,0,605.3819476413214,603.6205813874002,607.8798039748895,606.0812667969943,604.11782761777,608.8298633256612,882.6693333066694,711.787467702152,1127.2175480713518,950.7718588419383,763.5420871398812,1208.5059770001917,167.1,167.1,167.1,435.39,435.39,435.39,0.3897531290167564,0.1454651613123705,0.650077729977667,0.27525618373879285,0.20129454677446906,0.34692040248691103,2.4728564701078954,1.035615219553044,4.082050853128136,0.1490198548457177,0,1.1703223856136769,0.5900319608222679,0,4.633796031359342,0.015885305767213934,0,0.2481230316862292,25.516401918157914,8.090410265942673,51.613738177245665,275.26435499490964,104.56598690163601,520.8668128958013,167.1,167.1,167.1,435.39,435.39,435.39,0,0,0,1.0627326914932589,0.8856049400241323,1.11,0,0,0,6.5557743680495735,2.224370968992249,11.585374329393291,25.95705390461807,8.807215426356573,45.871344724560544,2.6185390509864086,0.8884689922480633,4.627486151698867,30.176368878601547,11.299673652704511,57.69447688435466,306.7450618674831,115.375064978649,576.3839740764055,CIP+CRO
WSM,cip+cro+nda,0.3,0.15,0,605.3669537370282,603.607172083164,607.8452512707978,606.0589913173771,604.1353613469087,608.7150367870303,881.6018349513029,713.0304801961287,1123.6018002069693,949.1507560589296,765.5066998081522,1204.72864770856,167.1,167.1,167.1,435.39,435.39,435.39,0.3912266264766426,0.15127319318621307,0.6503306300053651,0.2778855006620746,0.20031369606003754,0.3531929806918745,2.43106796847886,1.130874137364441,3.9803310574785637,0.16704459862487508,0,1.112835297619048,0.6613994636717759,0,4.406180595238088,0.06765100091750663,0,0.44848099220296594,25.274558955753903,8.752660346700425,52.62118672208853,274.0684048987939,104.23439368188328,515.5470520113298,167.1,167.1,167.1,435.39,435.39,435.39,0,0,0,1.0637709225062724,0.8812934933407326,1.11,0,0,0,6.593833981040658,2.2968807339449517,11.925322739187411,26.107747838017186,9.0943119266055,47.21734272608126,2.6337410053685324,0.9174311926605517,4.763269986893841,29.86120777614274,11.029740762157315,56.58428392016115,304.95095451349175,117.99365743546909,572.5623314637575,CIP+CRO+NDA
WSM,cip,0.3,0.15,0.05,605.5039968437748,603.7325564706906,608.0037744178723,606.0111679858034,604.1328518056874,608.7102950864859,894.8434160906596,723.0647587320877,1137.1320675822324,944.0535051036164,762.9511749022453,1200.8086471321817,167.1,167.1,167.1,435.39,435.39,435.39,0.377793611554377,0.14884420255989966,0.6426382167594693,0.3311618172012808,0.25435445748730967,0.40682453145155173,0,0,0,2.127541368158741,0,5.097828054298642,8.42382651952547,0,20.18443438914026,0.8102675156201337,0,1.978648287155111,27.090643667559217,9.330106459186567,53.58356775099883,278.3436545877378,106.84505382048954,530.1699897819337,167.1,167.1,167.1,435.39,435.39,435.39,0,0,0,1.0640824465934648,0.8911768254950495,1.11,0,0,0,6.5861427121389715,2.3392714607130483,12.012830128205126,26.077294886120463,9.262154551748003,47.56382109557108,2.630668921608472,0.9343631014191761,4.798222610722613,30.899730330091824,11.901311078558411,58.442217947133784,299.6837161213552,113.55467991484902,575.0130487356182,CIP
WSM,cip+cro,0.3,0.15,0.05,605.3194800640802,603.6098002824897,607.7445875601172,606.0041395241501,604.147651147929,608.7213069666532,877.9105897923758,711.0848178268507,1102.5853670743916,944.9196735479077,763.5980040998439,1189.131619294732,167.1,167.1,167.1,435.39,435.39,435.39,0.3845653324285033,0.14934516215147883,0.6384465434269828,0.2770130717551758,0.20322816224268692,0.3472607623318386,2.4808040775307347,1.0253807106599,4.103021978021982,0.24968417836554607,0,1.2274060417270352,0.988604139360115,0,4.859814111851629,0.06182199011804292,0,0.280938551387038,24.98236255271945,8.80990920858719,49.62491884635021,269.83437886167155,103.27679705322475,494.0611122483373,167.1,167.1,167.1,435.39,435.39,435.39,0,0,0,1.0656983053973499,0.9024774232309748,1.11,0,0,0,6.5544400425118,1.8776999999999997,12.17133790650406,25.95177075148225,7.434600000000006,48.19141971544716,2.6180060882376575,0.75,4.861534552845525,29.671077817716927,11.738720153773675,55.73308947432392,300.70715597495393,114.21547260880803,555.8355425995285,CIP+CRO
WSM,cip+cro+nda,0.3,0.15,0.05,605.3623896565391,603.6454966006969,608.0389567555733,606.060897565016,604.1310216908938,608.9366872253041,880.628657947153,715.44570813913,1125.3756399210479,948.752508121112,768.5733407521792,1205.7724621158713,167.1,167.1,167.1,435.39,435.39,435.39,0.3842601793175931,0.1528456649312321,0.6324229397630708,0.2775388037511563,0.20650838494799584,0.3481388368983956,2.290965580367378,0.9521563342318067,3.883495145631068,0.1443760372965662,0,0.6803260869565206,0.5716451439980027,0,2.6936956521739113,0.17228825872406403,0,0.6494707792207788,25.49372666820991,7.975106925403482,49.63774505112202,273.28005567253126,108.39626552180144,518.7129102087318,167.1,167.1,167.1,435.39,435.39,435.39,0,0,0,1.0635274246710331,0.8827010137242671,1.11,0,0,0,6.647690843328647,2.35052349611689,11.921904761904758,26.320989691543456,9.306706068184816,47.20380952380955,2.655252773337852,0.9388574437277877,4.761904761904764,30.218090184218937,10.933215976397143,55.761674409793955,304.1378572748615,121.66301874015431,569.0262516542223,CIP+CRO+NDA
WSM,cip,0.5,0,0,605.2555784179558,603.5810132868485,607.7980746332946,605.2367721757149,603.5802745422471,607.7581151154296,870.4929173716491,708.0639175271938,1109.5554581854813,868.633935886846,706.1335584001965,1104.2865400714893,167.1,167.1,167.1,435.39,435.39,435.39,0.27561634409771474,0.10683866896627985,0.4674349031096676,0.5400905839886884,0.43623882472061803,0.6281201219512196,0,0,0,0.2101137126956377,0,1.1810833184297616,0.8319281080081944,0,4.67640306715551,0.0018631268660501486,0,0.010472938835732798,24.579011299311514,7.4686037762408635,49.585348962589705,265.76518489938974,103.37571328772542,506.20023321364306,167.1,167.1,167.1,435.39,435.39,435.39,0,0,0,1.0666128871740863,0.9076823167197915,1.11,0,0,0,0,0,0,0,0,0,0,0,0,24.50972466493145,7.575485483099214,49.62165214770317,264.756792262917,102.22452430928737,500.4133897844079,CIP
WSM,cip+cro,0.5,0,0,605.3485004175408,603.6213197242009,607.9491770537707,605.3203221092213,603.596484482025,607.9107788457642,879.826383226295,713.9027151030925,1121.7755731673942,877.1168429868809,712.5288505048854,1121.8741473844266,167.1,167.1,167.1,435.39,435.39,435.39,0.2810014788491173,0.10716866519413713,0.4721048077194025,0.5292293714825668,0.42239794345082793,0.6179780628146727,0.49122274759026846,0,1.232145951432037,0.2273018687316802,0,1.2460439469320084,0.8999832099230701,0,4.933609377355646,0.0020155382193015265,0,0.011048959746720936,24.84592522847687,7.771591624843373,51.64847546355021,274.3632652459354,109.60140253859083,517.9513445477795,167.1,167.1,167.1,435.39,435.39,435.39,0,0,0,1.0683149240364456,0.8975084945565496,1.11,0,0,0,0,0,0,0,0,0,0,0,0,24.610909740202317,7.542920449715111,51.46667771794165,273.24113490836794,108.74981046493734,517.9513445477795,CIP+CRO
WSM,cip+cro+nda,0.5,0,0,605.279696380371,603.5609394025442,608.0676617648473,605.2524327562468,603.5552237762963,608.0256587055277,873.5615983393616,708.9787603529618,1132.6109566430569,870.9434546642401,707.36216491089306,1132.0020545368334,167.1,167.1,167.1,435.39,435.39,435.39,0.2788675135545151,0.10506942481336994,0.468404380664131,0.5280421331858016,0.424091758955428,0.6124280751415337,0.46613855867151205,0,1.2377776956800182,0.22607133973258353,0,1.2214179579148734,0.8951110307162298,0,4.836104782400759,0.011096894799240248,0,0.23148148148148176,24.972464443647,8.005423355847814,49.47145997450772,268.1305210279938,103.8014856943627,528.1255764655906,167.1,167.1,167.1,435.39,435.39,435.39,0,0,0,1.0664634378374922,0.9009798387096776,1.11,0,0,0,0,0,0,0,0,0,0,0,0,24.73895466212646,7.819738111824172,48.8429331556207,267.06623920380457,103.59809754076329,528.0873598667824,CIP+CRO+NDA
WSM,cip,0.5,0,0.05,605.3220676523423,603.6443767557662,607.7508543803317,605.3023382516108,603.6408056746458,607.7436854429164,877.1934950835505,715.9835184334235,1120.8971457201667,875.2391284292345,715.2057418285733,1115.769995134037,167.1,167.1,167.1,435.39,435.39,435.39,0.27726310098242124,0.10766466380112202,0.465323765835857,0.53726681176325,0.4238077831554084,0.6233753848522168,0,0,0,0.21289079541664668,0,1.2275586779266154,0.8429237405360821,0,4.860418462434468,0.0018877519005630115,0,0.01088504659289458,24.753051891447296,7.975451614507249,50.68996184988765,272.44755212461985,111.82076165796354,513.7614305984191,167.1,167.1,167.1,435.39,435.39,435.39,0,0,0,1.0632016665616641,0.871016718658608,1.11,0,0,0,0,0,0,0,0,0,0,0,0,24.67888683680366,7.929956572033141,50.72023553200244,271.363653440142,111.36197455609826,511.81704857736554,CIP
WSM,cip+cro,0.5,0,0.05,605.3280328942817,603.562823441333,607.8856400827249,605.2965836976226,603.5459523932618,607.8051507028474,876.8590655355671,707.3803148109338,1113.735560566599,873.8326832511402,704.2824224087603,1106.9259560004582,167.1,167.1,167.1,435.39,435.39,435.39,0.28285023213289057,0.1091945455579627,0.48631838381339515,0.5241337071197605,0.4161960816062177,0.6110895032802249,0.49288676479675103,0,1.2888267186581919,0.2592881732988429,0,1.2644444444444416,1.0266303739721878,0,5.00646464646465,0.011748113851281725,0,0.2347614882845454,24.94211570824036,8.248339680628852,51.34164734670466,271.20826615998226,100.66000855746557,508.8451872626361,167.1,167.1,167.1,435.39,435.39,435.39,0,0,0,1.065481983960684,0.8974008614740524,1.11,0,0,0,0,0,0,0,0,0,0,0,0,24.684763865787023,8.017162130999017,51.12890970465992,269.95912662928293,100.44031467066516,503.12606418780524,CIP+CRO
WSM,cip+cro+nda,0.5,0,0.05,605.2814388459755,603.5876825181326,607.6359922127041,605.2538781021227,603.5631990487185,607.5756721971819,874.9770134959207,708.8159912159988,1110.1254274883054,872.3155154793807,707.1178933322814,1105.227992820319,167.1,167.1,167.1,435.39,435.39,435.39,0.27524181853360086,0.10755511835983865,0.46980585364956456,0.5258687035034577,0.41905750663494107,0.6099582261797608,0.4582842272085644,0,1.1961722488038282,0.22436000153605795,0,1.2646049069373926,0.8883351267081934,0,5.007099984617755,0.03799723451616449,0,0.26375769600769583,24.721077235196645,8.232348061656161,50.72550525437719,269.54409391951117,103.71643372617028,502.9016255809834,167.1,167.1,167.1,435.39,435.39,435.39,0,0,0,1.0621983992035449,0.8911481783175356,1.11,0,0,0,0,0,0,0,0,0,0,0,0,24.494483149033783,8.112256438493898,50.767527208427865,268.44256875673415,103.28677556537956,501.20092033937954,CIP+CRO+NDA
WSM,cip,0.5,0.025,0,605.344933784587,603.6258409804601,607.8840250091984,605.3856319074899,603.6632497571846,607.9092646026714,879.4827015141051,713.9746578548248,1123.4141637307205,883.391079625686,716.8607618592252,1128.167956572187,167.1,167.1,167.1,435.39,435.39,435.39,0.2800399812244752,0.11088666982633205,0.4638121543137219,0.536092160916111,0.42733932692307697,0.61556742641556506,0,0,0,0.8299508948782502,0,2.819688302555944,3.28612287535913,0,11.164325853002318,0.23983391726451372,0,0.8811795154185018,25.482026802312348,8.164921194810995,52.790152098330054,271.00335302565935,104.37629692883394,520.0484312562525,167.1,167.1,167.1,435.39,435.39,435.39,0,0,0,1.064833016692724,0.8889508035172834,1.11,0,0,0,1.1294992202283367,0,3.114319589552239,4.472160037657554,0,12.330894402985075,0.4511500320451896,0,1.2439365671641784,25.842446749796718,8.679837446114343,52.98745056733637,272.6209160032227,106.04400886415428,518.6558098670332,CIP
WSM,cip+cro,0.5,0.025,0,605.3436044803234,603.5374178898514,607.7922980846353,605.4314892198848,603.6246102894213,607.8978072051945,878.8615189799254,707.8140135016835,1105.4157856972167,887.480251618242,713.123677146859,1114.4448548702633,167.1,167.1,167.1,435.39,435.39,435.39,0.27638625607124967,0.10654578890589463,0.4714040490212527,0.5142396265791914,0.4106209057971015,0.598593820771947,1.062724807055312,0.23474178403755813,2.1639866504854366,0.23140298753040126,0,1.2457278358208994,0.9162212553089005,0,4.93235776119402,0.00797217159319008,0,0.021533155210104373,25.387066516299146,8.523841312908841,49.757058371890984,272.66313347475693,102.28246287782324,500.48532984389874,167.1,167.1,167.1,435.39,435.39,435.39,0,0,0,1.0665345356047367,0.9038415966386556,1.11,0,0,0,1.0960306069341785,0,3.155931139122309,4.339643793104777,0,12.495651939563725,0.4377818369284943,0,1.2605572532043101,25.887086896400696,8.484309010790497,50.430385083915624,276.8978813521346,104.41670766751994,506.63720462073945,CIP+CRO
WSM,cip+cro+nda,0.5,0.025,0,605.2809157825453,603.6310128891383,607.7212704900902,605.3700245213206,603.6831341950694,607.8405127145987,872.362765649011,715.068052338524,1100.888397188672,881.1116407304961,721.6946969762699,1121.1464399789304,167.1,167.1,167.1,435.39,435.39,435.39,0.28081397225733523,0.10739018324400931,0.4684114443798033,0.5118213305758931,0.40495335820895517,0.5997227488151659,1.0629193393397007,0.2380952380952383,2.132701421800948,0.21228138657661796,0,1.2395600955617967,0.8405108359389272,0,4.907937096694751,0.027077032162860767,0,0.25381889410813996,25.13206616797923,8.278337661211927,52.46736788815791,266.2245516452088,108.37092075830543,495.00528800361917,167.1,167.1,167.1,435.39,435.39,435.39,0,0,0,1.0650519948361723,0.8774140900195695,1.11,0,0,0,1.0787224398017297,0,3.1933673469387776,4.271113517042093,0,12.643877551020406,0.4308685252443401,0,1.2755102040816324,25.6054032006493,8.394012244234876,53.09281067193782,270.63610900907315,107.97567139011794,511.3177821337909,CIP+CRO+NDA
WSM,cip,0.5,0.025,0.05,605.3245701222281,603.5875240922567,607.8401977347758,605.3632710337681,603.6419684301447,607.8853310093261,878.4381693699053,710.923685294372,1116.489727421537,882.1719014441247,715.159883161422,1119.911742091507,167.1,167.1,167.1,435.39,435.39,435.39,0.28000656492205345,0.10904037622088501,0.47094951381245864,0.5397640981667379,0.4333148571629609,0.6301693892045456,0,0,0,0.7908073640736019,0,2.443443467761413,3.13113725778431,0,9.674615117121451,0.22961532971120896,0,0.8025773647760136,24.492348531641206,7.84005178292381,51.56106038069963,270.1942213966291,101.45636219215343,510.2660475434608,167.1,167.1,167.1,435.39,435.39,435.39,0,0,0,1.0678137267183103,0.9086764705882353,1.11,0,0,0,1.0959102439636617,0,3.0406282766990333,4.339167225740128,0,12.039119660194169,0.43773376096966843,0,1.2145024271844669,24.816357127729542,8.027811315156109,51.26615589127301,271.64551115478423,101.45636219215343,512.6722314173498,CIP
WSM,cip+cro,0.5,0.025,0.05,605.3420021150919,603.5854555461652,607.9524436635654,605.4237779330753,603.6616471241974,608.029086832913,878.5646812402583,712.4847493905555,1133.7973960357979,886.6122170687556,720.8784918772327,1145.149585093322,167.1,167.1,167.1,435.39,435.39,435.39,0.28391583676456006,0.10507197729093168,0.4782742890585114,0.512597351127382,0.404991726589312,0.5957660124888493,1.0640789071491132,0.23253122308354837,2.1739130434782608,0.2702105763357082,0,1.3109578120694394,1.0698767379376128,0,5.190630531826953,0.027518640190019313,0,0.25642085427135736,24.801495941292757,8.236878720217828,49.826985653374024,272.1152528339812,105.91034277158097,526.8448118834851,167.1,167.1,167.1,435.39,435.39,435.39,0,0,0,1.0656613799231058,0.8633187203791471,1.11,0,0,0,1.1082528234321651,0,3.009134615384614,4.388036662453413,0,11.914423076923052,0.4426636936540044,0,1.2019230769230755,25.254217181980035,8.384381513532556,50.198477388567426,275.9771310225209,107.67402005677259,537.2706134907315,CIP+CRO
WSM,cip+cro+nda,0.5,0.025,0.05,605.3584293878246,603.6542887149346,608.0812537011973,605.4454578107484,603.7101583965347,608.1743824747136,880.8111699628957,716.6217165404713,1124.487523492823,889.3771304439316,725.6410313400888,1138.8417607719641,167.1,167.1,167.1,435.39,435.39,435.39,0.27857574416561104,0.10691945320140181,0.47075151085623945,0.5135245363334455,0.4130883158943697,0.6029084446306244,0.9782118957806237,0.22321428571428611,2.0304568527918776,0.21429618027621958,0,1.2097635913750442,0.8484882472607882,0,4.789960268646164,0.07486409419986173,0,0.4673445658373925,25.51983287540138,8.502701996754077,52.226105304072824,274.68694937004983,111.58578029253341,519.7572094372492,167.1,167.1,167.1,435.39,435.39,435.39,0,0,0,1.0640412985590681,0.9063101762433609,1.11,0,0,0,1.0406280250361988,0,2.925456158525833,4.120281788855579,0,11.583105052019043,0.4156526701694356,0,1.1684998236642563,26.020153112024158,8.816537012277239,52.31983141257842,279.0570424593004,112.10433378521358,528.1047328434136,CIP+CRO+NDA
WSM,cip,0.5,0.05,0,605.4776155871041,603.8047536146825,608.0748808290248,605.5824917860974,603.9050725180459,608.1864230346372,893.1572099903277,728.2037460482397,1136.0097470210928,903.3185127965975,741.0964558583877,1145.042814931021,167.1,167.1,167.1,435.39,435.39,435.39,0.2751851758600827,0.10322749981457323,0.47008188508704857,0.5380993775116578,0.4332277847873109,0.622915258538333,0,0,0,1.304076257458162,0,3.495050986443294,5.163383577620732,0,13.838369315551635,0.4343051992758856,0,1.2439365671641782,26.05636662687653,8.684012754498477,54.4814449718676,281.729495509076,115.17360089919836,527.3623179963911,167.1,167.1,167.1,435.39,435.39,435.39,0,0,0,1.066200414851806,0.8929513044980708,1.11,0,0,0,2.172790385779986,0,5.13692020725389,8.602986314171531,0,20.339216580310875,0.8678664266576075,0,2.051813471502593,26.926748846886657,9.072547583868603,54.503920375895554,286.06691640100985,116.74480328570465,529.5187090873519,CIP
WSM,cip+cro,0.5,0.05,0,605.3801439202838,603.6296599293815,608.1049104327192,605.5770747586907,603.7598446489744,608.4148408598987,881.8603736800984,714.3175709851257,1129.3507130121322,901.1003848800989,726.7296666934986,1152.3987261286857,167.1,167.1,167.1,435.39,435.39,435.39,0.2814173576323499,0.10401961068286486,0.4728506098991778,0.5001446378647955,0.3963485746316464,0.5885660170324272,1.6620884757742855,0.5180018599707722,3.077720207253884,0.24225518975250598,0,1.227254901960784,0.959189664874038,0,4.859215686274502,0.010567799581036865,0,0.23258530754183837,25.045931663331945,8.75720716560371,50.72225619177512,274.79888848986985,106.97493687019636,522.109958738283,167.1,167.1,167.1,435.39,435.39,435.39,0,0,0,1.064016110770221,0.8858788543298277,1.11,0,0,0,2.0817589538747896,0,4.736781055463043,8.242554784298616,0,18.7548982451646,0.8315062126037664,0,1.8919879595235047,26.302045688756408,9.68216659850514,52.695211927813034,284.30014310292603,111.9027657652238,539.3552012111738,CIP+CRO
WSM,cip+cro+nda,0.5,0.05,0,605.3020745517143,603.5876259803965,607.9212918716086,605.5024405305486,603.7241929434888,608.2169500721702,875.653049640345,708.5693812806786,1127.992937478184,895.3332726490286,726.1317574654371,1153.0811877469655,167.1,167.1,167.1,435.39,435.39,435.39,0.2808934366641222,0.10615507375151725,0.4716516769313469,0.5003898803300102,0.3926886792452831,0.5867296809986131,1.629597779735191,0.4999378109452736,2.9732755143202914,0.22959013364238076,0,1.2457278358208987,0.9090434082002683,0,4.932357761194028,0.048238447529475356,0,0.2703069917743828,25.054939244083158,8.941371859872026,51.30027905039115,268.6914472639201,100.41026213858346,522.966210048728,167.1,167.1,167.1,435.39,435.39,435.39,0,0,0,1.063478787328596,0.8986349127321549,1.11,0,0,0,2.2149111823058267,0,5.034577763819094,8.769760172536026,0,19.93400002284147,0.8846905185755819,0,2.0109353586112406,26.249230448974807,9.262799442125747,52.31320056993761,277.9321937149886,106.0367590465766,534.2977783171569,CIP+CRO+NDA
WSM,cip,0.5,0.05,0.05,605.3926273761944,603.6355100809308,608.0953014930309,605.4925545676437,603.7263472483357,608.188255327392,882.7755242950325,714.3855933085829,1126.521203455937,892.3742508859383,722.8127720244889,1142.0301080015304,167.1,167.1,167.1,435.39,435.39,435.39,0.2734768461492991,0.10605817971287881,0.4609996443828161,0.5395090498886079,0.43158779069767444,0.6209841523786526,0,0,0,1.3512720195681458,0,3.4776265503875963,5.35025134828851,0,13.76937868217055,0.45142194986916795,0,1.298191824461678,25.49266069511841,8.263724871797026,51.71353631732052,271.124032126831,99.54860893913906,508.57689674179807,167.1,167.1,167.1,435.39,435.39,435.39,0,0,0,1.0678782586432487,0.9074980955968526,1.11,0,0,0,2.1720121626681808,0,5.05820495495495,8.599905003234198,0,20.02754995904998,0.8675555850248365,0,2.0203726453726447,26.28852079768851,8.780837638151512,53.210855202596655,275.2281768471174,101.9278239630169,521.6662219379599,CIP
WSM,cip+cro,0.5,0.05,0.05,605.3375472083584,603.5843367886121,608.0019270478107,605.5278896921228,603.747515341898,608.2677108312372,878.9275000528113,710.402341151759,1134.632833081211,897.5995970030503,724.9606809058731,1159.5162981357132,167.1,167.1,167.1,435.39,435.39,435.39,0.2796943759456509,0.10753213761728485,0.4630406084090701,0.49985677021132496,0.39858767482517493,0.5867219093406594,1.6795816063830338,0.4852626933618254,3.06640101046231,0.3112629764772263,0,1.390888888888887,1.232420367959518,0,5.507111111111115,0.03792191513278803,0,0.26509817474889236,25.116199635490588,8.442642760332614,50.59733529985847,271.46330545563245,103.57635039964384,528.5962564598741,167.1,167.1,167.1,435.39,435.39,435.39,0,0,0,1.0622206481577534,0.8952742452644041,1.11,0,0,0,2.173635610414403,0,5.169075526669644,8.606332912172828,0,20.46653294486774,0.8682040303620399,0,2.064657104437471,26.12110607155069,9.397889801058295,52.12366951743043,280.54741384395885,106.31651286248675,544.5410877209707,CIP+CRO
WSM,cip+cro+nda,0.5,0.05,0.05,605.3920481495331,603.6391274480432,607.826395541703,605.5991261941998,603.8071130997719,608.0611995181249,883.292438809301,716.9739468364317,1126.69775176174,903.5406384320625,730.6000895126277,1153.6082206818903,167.1,167.1,167.1,435.39,435.39,435.39,0.27995028996745563,0.10898079506768918,0.4733208418442079,0.5034400656713157,0.40077403846153853,0.5861824114322972,1.5364126755652134,0.4807117224880384,2.7399828767123275,0.2287060194653304,0,1.2773469387755114,0.9055428302268445,0,5.057551020408164,0.12715603441205622,0,0.5291005291005284,25.625138056451764,8.196161533595017,51.76514958781185,276.3297637126581,109.28761749345529,519.8700310935322,167.1,167.1,167.1,435.39,435.39,435.39,0,0,0,1.0680345647782208,0.9011280514691147,1.11,0,0,0,2.199500535874185,0,4.933201970443351,8.70874297492156,0,19.532610837438426,0.878535123771443,0,1.9704433497536944,26.867789133940764,9.287713243742584,52.58049393069034,286.1536759824351,112.48994744027968,534.9647407906557,CIP+CRO+NDA
WSM,cip,0.5,0.075,0,605.5234705941309,603.82227529762,608.0978808672598,605.6942625516741,603.9300880804398,608.390058681397,897.6475971432941,731.773961498556,1139.5047248164544,914.2258725131582,745.6748517402448,1158.3458040843377,167.1,167.1,167.1,435.39,435.39,435.39,0.2754734728832728,0.10605778348768008,0.4702019279950113,0.5361489089354162,0.42567751773228035,0.6230834133411255,0,0,0,1.8893995336975307,0,4.37330542576419,7.48092334943157,0,17.31574613537115,0.6738710567356295,0,1.6760770161182537,26.332082562967425,9.131085323386394,51.560217168484336,282.65141990906824,118.12806829521534,524.9240129077547,167.1,167.1,167.1,435.39,435.39,435.39,0,0,0,1.0643240110629646,0.8833408793431701,1.11,0,0,0,3.3542448908464775,0.6105600402557418,6.924080060352285,13.280859064540246,2.4174626805588395,27.41533025333928,1.3397686894258178,0.24387283921382946,2.765649488876929,27.648307600873206,9.641442851473563,52.9512396490565,289.80153683422674,120.69894907996704,536.7187033330973,CIP
WSM,cip+cro,0.5,0.075,0,605.3174481421726,603.5473524471394,607.7834205923683,605.6350971432554,603.7546284993462,608.2171615444521,876.1479867490185,710.0655625446088,1121.257375235239,907.2086136376106,730.1781135367396,1157.419523015188,167.1,167.1,167.1,435.39,435.39,435.39,0.2792550469604401,0.10751266693252601,0.47477056120235206,0.4878949684937227,0.38293167452830185,0.5731374082825519,2.2594029593837357,0.9128324835677871,3.8277511961722497,0.2312466519231514,0,1.2584097645588348,0.9156022572231242,0,4.98257082366145,0.01661592364550505,0,0.24630541871921127,25.30182702468173,8.660347022294035,52.8007616535977,268.37822240986264,101.48696437540862,515.2469630633475,167.1,167.1,167.1,435.39,435.39,435.39,0,0,0,1.0631901969030482,0.8771164634146342,1.11,0,0,0,3.2980349311917365,0.6288887472186798,6.785053343680409,13.05830031391494,2.490033700842518,26.864865308050465,1.317317035944934,0.2511937798444958,2.710118766448477,27.230949639620274,9.878189923286019,54.63688047450352,283.12496954244114,105.11320668352676,539.2423797608686,CIP+CRO
WSM,cip+cro+nda,0.5,0.075,0,605.3520923032858,603.6553314084895,608.1011700869159,605.6677188000183,603.8941154113179,608.5083893699252,880.8339656128516,718.7008596392471,1138.7072093688928,911.8190370940605,745.0714016373171,1175.639238331706,167.1,167.1,167.1,435.39,435.39,435.39,0.2795420439985407,0.10771422247903001,0.47102046757439164,0.48697986290796064,0.3874186833470057,0.5724377307331318,2.1761194957793606,0.8426966292134839,3.711817415365988,0.24308474851509132,0,1.2517999999999987,0.9624742351335663,0,4.956400000000005,0.06141141446438863,0,0.32866412750329693,25.395686167335068,8.985671605353867,53.33247941352486,273.06560822723395,110.46024744986198,534.7809913124498,167.1,167.1,167.1,435.39,435.39,435.39,0,0,0,1.0635901786542414,0.9038161330049261,1.11,0,0,0,3.271094516726212,0.5903337374360791,6.766903142058317,12.951631940167596,2.337378284253218,26.793001065104534,1.3065563655241301,0.23579395168400624,2.7028691252829162,27.304769115523182,10.33607481533903,55.58952856960338,287.89676182205824,115.02956997692642,554.8685027629257,CIP+CRO+NDA
WSM,cip,0.5,0.075,0.05,605.4868070359953,603.7668249410859,608.1467601740629,605.6535929014984,603.8794660350253,608.3861557288857,893.3112795399663,728.1488437469475,1149.3009653298898,909.5016471104523,739.8092810242041,1174.0416652083354,167.1,167.1,167.1,435.39,435.39,435.39,0.28156264329393527,0.10982996963648571,0.47161814117132395,0.5380927324335805,0.43955376523229245,0.6196673595331544,0,0,0,1.807117549737948,0,4.275028692557313,7.155134545072027,0,16.92662742593949,0.6509861084924282,0,1.6308827042522684,26.371111044372412,9.113144845896562,52.929816886150476,278.6726669034532,112.05404365940366,541.2742055454187,167.1,167.1,167.1,435.39,435.39,435.39,0,0,0,1.0680159568958554,0.9171918016194331,1.11,0,0,0,3.2665659453615445,0.5989473684210539,6.816732673267329,12.933701431211022,2.3714832535885204,26.990297029702965,1.3047475416845917,0.2392344497607658,2.722772277227722,27.56672848584624,9.900996657256355,54.84590916672316,285.5928245946696,114.62344423651822,550.8649194447021,CIP
WSM,cip+cro,0.5,0.075,0.05,605.3509478747559,603.6985149536993,608.158530277607,605.6562620136264,603.9167564235772,608.6170045183037,879.7563583758687,720.4516296356363,1122.8373960863566,909.6161621442035,743.2525049666324,1166.625638067193,167.1,167.1,167.1,435.39,435.39,435.39,0.2797173597673102,0.1071253332136257,0.4721903223744995,0.48918280981632895,0.3827287176724138,0.5769906706477823,2.232781932152143,0.9089880707527769,3.7436293339358757,0.32398731014143517,0,1.3469510782391736,1.2828013292738527,0,5.333142933523436,0.0546255793628752,0,0.43304283435862434,25.993565469160714,8.798464854410755,55.332250116994196,271.4447416853825,111.99859894614428,514.2355575806934,167.1,167.1,167.1,435.39,435.39,435.39,0,0,0,1.0652455428063008,0.8787127016129033,1.11,0,0,0,3.2980518197667474,0.6136274509803932,6.830287437185928,13.058367182850219,2.4296078431372496,27.04396601187757,1.3173237816611068,0.24509803921568685,2.728186386477842,27.73758567730424,10.179400783172948,57.12664389534551,285.6413913732021,116.20013636996273,536.9464378771362,CIP+CRO
WSM,cip+cro+nda,0.5,0.075,0.05,605.310917683846,603.6323354878344,607.9858964694636,605.6177977309248,603.8681783550725,608.3569534213731,877.1746275904186,715.1930642344686,1132.006710811448,907.314592475427,739.248634156849,1172.9341118729187,167.1,167.1,167.1,435.39,435.39,435.39,0.27713677401024295,0.10458206038623655,0.4697377280450288,0.4879387690903455,0.37560606060606067,0.5758001336898396,2.026479145152294,0.7894736842105262,3.4320244055068834,0.24585726213158346,0,1.2517999999999976,0.97345177666478655,0,4.956399999999999,0.17024289870382864,0,0.6944444444444451,25.494493587668373,8.63816981627656,52.92181917130793,269.4378977892459,107.1879314537132,525.7414543080878,167.1,167.1,167.1,435.39,435.39,435.39,0,0,0,1.0617831271640874,0.8560293131359853,1.11,0,0,0,3.275427948407163,0.6290452261306537,6.987756134314194,12.968789809462583,2.4906532663316554,27.66745047460845,1.3082872457290156,0.25125628140703554,2.7910832937826284,27.317460835937332,9.993583708326101,54.60436085735824,283.4624194220494,113.11822247140834,551.2170011379956,CIP+CRO+NDA
WSM,cip,0.5,0.1,0,605.5828576464769,603.764353184014,608.1509226216294,605.8109734685521,603.9248304889101,608.4436271057555,902.75146333472685,724.6964308413877,1153.649598055851,924.8913798890856,741.9530288036083,1183.9552527361138,167.1,167.1,167.1,435.39,435.39,435.39,0.27577135374173994,0.10470545638375035,0.47151303236156944,0.5390262710988343,0.42772538956639566,0.6300063559322034,0,0,0,2.4445663680321403,0.5149869768142129,5.314559363709356,9.679061149156814,2.039048931044872,21.04256433159373,0.9023242877667734,0.005065114155251148,1.9609220092531408,27.287581149974567,9.111803078941463,52.68499967170763,284.3407251376241,108.75450678527653,534.0338598788425,167.1,167.1,167.1,435.39,435.39,435.39,0,0,0,1.0673663550133354,0.8998287414160551,1.11,0,0,0,4.41475864977941,1.1378712669683242,8.425576923076921,17.47987679482878,4.505308473879056,33.36038461538459,1.7633642154415283,0.45449403537638905,3.3653846153846163,29.084180066902157,10.717319431361586,55.07084730950731,293.8986771292432,111.85666024871873,555.6612507527338,CIP
WSM,cip+cro,0.5,0.1,0,605.3755489375111,603.6032962574976,608.0971022178144,605.8042461954398,603.9178988230324,608.6098275297271,881.7661488555917,712.0739925980979,1122.6580685142276,923.7363022292527,743.7462259310813,1176.3428113597047,167.1,167.1,167.1,435.39,435.39,435.39,0.2753331071046379,0.104424918222839,0.47769635167144187,0.47594380570249956,0.3757356492312834,0.5580854394353371,2.8477382993795515,1.3017477448453612,4.594937103001623,0.24293212117020133,0,1.2517999999999978,0.9618699196101498,0,4.956399999999996,0.019574611509480786,0,0.25126920934722835,26.192105067092523,9.279087737753677,55.341643634118725,273.2242717082792,104.76455702928199,514.8669784779892,167.1,167.1,167.1,435.39,435.39,435.39,0,0,0,1.0637174112803636,0.8921021395701885,1.11,0,0,0,4.3075581532969265,1.1753990610328646,8.165287439613527,17.05542517255223,4.6538967136150236,32.32978963548527,1.7205456755459843,0.4694835680751174,3.2614185331576637,28.811074299333434,10.85931508931905,56.93509470409352,293.4529105084852,111.525602551784,546.0374900551162,CIP+CRO
WSM,cip+cro+nda,0.5,0.1,0,605.3207480185878,603.6212672015587,607.8649277142165,605.7515560487917,603.9360670920423,608.4457100616407,877.5619961764297,713.1616039635542,1123.6563164200934,919.8091329711153,742.8019454960972,1183.022026888103,167.1,167.1,167.1,435.39,435.39,435.39,0.280277379000367,0.10696402830497499,0.4646248618269627,0.47727795498841613,0.38087085749792876,0.555,2.812264922498493,1.2951698627210093,4.592332078462451,0.25319773588712496,0,1.2522765736040595,1.002515783792096,0,4.958286954314727,0.0760609704174671,0,0.46384006294004726,25.404095130389585,8.516456670607008,53.677618639426484,268.9452709904831,104.49079546883316,509.867548173038,167.1,167.1,167.1,435.39,435.39,435.39,0,0,0,1.0670533848188062,0.8974406901113439,1.11,0,0,0,4.395679973048639,1.2147610725843758,8.807220448716611,17.404336330418815,4.809747387887192,34.87147102733586,1.7557437182651539,0.48520573277854917,3.5178225150649522,27.894089189206813,9.815578956651748,56.22714910960782,289.17414527147236,111.8640874330403,558.508412505365,CIP+CRO+NDA
WSM,cip,0.5,0.1,0.05,605.5695067409869,603.8426602168137,608.1959737475565,605.7980417387687,604.0212873225147,608.4929489317509,902.5613409514071,734.0967155141622,1145.2542321291116,924.8083587226392,749.3253676996527,1169.8491343429826,167.1,167.1,167.1,435.39,435.39,435.39,0.2786310242362283,0.10778080588811097,0.46736648814495024,0.5377711056707445,0.43187906270079246,0.6207691530066525,0,0,0,2.4400137555437147,0.5306543478260893,5.264733374323658,9.661035451331575,2.1010826086956502,20.845282390555834,0.8991781933503811,0.004919318181818183,2.0270270270270268,27.059467039563852,9.20436709815847,54.33404599192142,284.2081185356183,113.97398233741667,530.611767619335,167.1,167.1,167.1,435.39,435.39,435.39,0,0,0,1.0619971540291737,0.8868622424776362,1.11,0,0,0,4.405782487905218,1.2094685990338179,8.458108108108108,17.444336414006568,4.788792270531399,33.48918918918918,1.7597789135266089,0.4830917874396143,3.378378378378378,28.747642346825682,10.465717767172775,55.73600218969635,294.01633367974506,117.55107882931816,546.490370759504,CIP
WSM,cip+cro,0.5,0.1,0.05,605.4206466323325,603.6576766677032,607.8948596008844,605.8470718175687,603.9858167251705,608.5436003048237,885.6951291007435,716.3817331433336,1110.9065220145717,927.3118491957545,742.6644285189557,1168.1046732654067,167.1,167.1,167.1,435.39,435.39,435.39,0.27601797711054604,0.10838755094186438,0.46812987293229247,0.47503740893808233,0.3792832646645549,0.5580467105263158,2.8723930503678985,1.25,4.629742547425472,0.3655779117930825,0,1.691621621621618,1.4474759242780268,0,6.697837837837848,0.07377500701616366,0,0.4588756133987633,25.693951344947415,8.707734680328459,51.88663008528423,276.341260436048,105.73902891197326,504.3874669681193,167.1,167.1,167.1,435.39,435.39,435.39,0,0,0,1.0661890181234486,0.8858631496809627,1.11,0,0,0,4.451106272712538,1.209323230211818,8.507378640776697,17.62379224322769,4.788216694537338,33.6842718446602,1.7778823584887913,0.48303372352285445,3.398058252427183,28.29859182917074,9.938621907216294,54.796313289609216,296.15206596896587,112.81107741343556,541.6357602320493,CIP+CRO
WSM,cip+cro+nda,0.5,0.1,0.05,605.4144369656415,603.6070008118503,608.044855672517,605.8497860691984,603.8619414571262,608.5979853358788,886.3470220246255,713.4294355420924,1133.7921877817055,929.0794994178901,740.9308421216263,1189.7043784707269,167.1,167.1,167.1,435.39,435.39,435.39,0.27437473252084044,0.10789222797495515,0.4647827997299033,0.4757526381025045,0.37799680851063827,0.56078125,2.6693005252619444,1.201779306220095,4.412147671568627,0.22890405716110976,0,1.2395600955617956,0.9063269443308225,0,4.9079370966947495,0.20891253936380924,0,0.7500942211055276,26.070170802453966,9.07766742571992,52.789774501879656,277.8343559319036,103.04089052121961,526.8308914116233,167.1,167.1,167.1,435.39,435.39,435.39,0,0,0,1.0666074091560378,0.8991536926011721,1.11,0,0,0,4.375605139198022,1.2035098684210532,8.477959621710525,17.324851663141935,4.765199162679415,33.56778963815789,1.7477253312022774,0.48071172248803734,3.386307565789472,28.692976653704502,10.87404366709505,56.66877086268404,298.4111892787603,111.2274505954085,562.6028751622407,CIP+CRO+NDA
WSM,cip,0.5,0.125,0,605.6109128062271,603.8664140381643,608.4263467021576,605.9022758602524,604.065189565584,608.835190922481,905.0766573285825,735.284341402424,1164.9169316533537,933.3136338239015,756.8804984068921,1202.9477226027273,167.1,167.1,167.1,435.39,435.39,435.39,0.2736685449914467,0.10514305675109,0.47048035972212415,0.5369845462830678,0.43135289786065467,0.623316268085453,0,0,0,2.917124262440246,0.5715332191780833,6.106680704607048,11.55011558903885,2.262939165628891,24.178904173441733,1.0927738054016158,0.22414285714285712,2.293930839802398,27.73468342689834,10.533650800113609,54.39857067068694,283.6857398909425,113.37834114226419,548.7281535783414,167.1,167.1,167.1,435.39,435.39,435.39,0,0,0,1.0643263994275944,0.8869607264044239,1.11,0,0,0,5.470280436767514,1.7459000955718396,10.044994220402238,21.659129219359727,6.912749028352987,39.77233532034,2.18496582392056,0.6973558458107687,4.012220091229519,29.994302208561663,11.650206063094432,57.44385547023646,295.77698897993844,117.64575729859608,576.8322051326667,CIP
WSM,cip+cro,0.5,0.125,0,605.3899742570011,603.7106833222219,607.885440405506,605.9456138585467,604.1366554106843,608.6926504637355,883.7713108694431,718.1297645894973,1131.3957844885044,938.0917672188954,763.972033646827,1195.418770229235,167.1,167.1,167.1,435.39,435.39,435.39,0.2811397242037423,0.1117568481046429,0.4711019695585164,0.4593912571220807,0.3612672307199121,0.5394612075359739,3.484249787440343,1.8689415344490328,5.446221860992068,0.24936006216863096,0,1.2522765736040595,0.9873208277141728,0,4.958286954314724,0.023597992340872107,0,0.25380710659898525,26.697911799454168,8.655479331190824,53.970311093658445,274.36620807889847,109.15518812227958,519.5076437377961,167.1,167.1,167.1,435.39,435.39,435.39,0,0,0,1.0666441431452207,0.9127857831413512,1.11,0,0,0,5.546802200753673,1.730599078341013,10.695119067560027,21.962110902552723,6.8521658986175185,42.346451626820965,2.2155305163579135,0.6912442396313381,4.271896096644839,30.078418006303284,10.622897911394027,56.603341115926526,300.2653788676108,119.78198574437927,578.9710511691887,CIP+CRO
WSM,cip+cro+nda,0.5,0.125,0,605.3803003597784,603.5488292538829,607.9865401819202,605.9260533926791,603.9921986336069,608.7811575840068,882.2019608685031,705.8577977196372,1127.7776055744032,935.5419350311747,751.9915696222453,1198.201106694524,167.1,167.1,167.1,435.39,435.39,435.39,0.275784339030381,0.10557205343979208,0.46543378026404875,0.46339663910822093,0.35610855474983893,0.5433410678137651,3.3282464656968984,1.7673444976076558,5.1082170880558015,0.2503439511703286,0,1.2977141259885456,0.9912164559678985,0,5.138193236978458,0.08718714115096028,0,0.48545361510455637,25.447841450935325,9.663377418187583,52.54435591170794,272.8654936912882,97.26400652315503,519.4093555403352,167.1,167.1,167.1,435.39,435.39,435.39,0,0,0,1.0640018728850755,0.8890251123789765,1.11,0,0,0,5.4227837006638815,1.64777442486539,10.34178343742493,21.4710697667123,6.52422843857074,40.94744801825606,2.165994448260058,0.6581620166421928,4.130765073264476,28.84630218831842,11.698851853341074,56.24251400364512,298.33474412009934,106.4954400070968,565.2408106138865,CIP+CRO+NDA
WSM,cip,0.5,0.125,0.05,605.6073659645948,603.8159856125799,608.3965496990756,605.8938436266192,604.0612140854957,608.8080534790357,903.9828896780789,735.8181822645057,1164.3344209082863,931.6896511110801,755.865424139299,1197.4742634384784,167.1,167.1,167.1,435.39,435.39,435.39,0.27714233369533353,0.10351815309745248,0.4673003646929169,0.5360910516965576,0.4231062085566355,0.6211975330319126,0,0,0,2.834126701665841,0.5587771924603181,6.13703020863518,11.221493516645289,2.2124327182539703,24.299070559258187,1.0553706895706076,0.010502511961722501,2.346890150408878,26.467002514200487,9.372488300619938,52.97851739045371,283.124711838929,115.42620028072926,542.9860596585901,167.1,167.1,167.1,435.39,435.39,435.39,0,0,0,1.0626157301510137,0.8684225627546658,1.11,0,0,0,5.326039374339003,1.6322570348945649,9.991479718309863,21.08801849734289,6.462788598619121,39.56044901408448,2.1273523623338404,0.651963985818248,3.990845070422536,28.61622989116277,10.642382729894942,54.73549003398224,295.126614512134,120.73058553368662,560.4567326917671,CIP
WSM,cip+cro,0.5,0.125,0.05,605.3839857202494,603.6973229741662,608.0261215584821,605.905358659574,604.046305556033,608.7002769294148,884.498793864455,720.6568744584814,1136.2665808823867,935.7544133173357,757.9351680119814,1196.160778829464,167.1,167.1,167.1,435.39,435.39,435.39,0.27537093860129164,0.1074772998829871,0.46044209162489125,0.4630407630074567,0.36459125132555675,0.5577079839000362,3.430133278132786,1.6430962826137145,5.392329466998066,0.3995764159824883,0,1.7071948630137022,1.5820902286112832,0,6.759498816936485,0.08631405080962157,0,0.48861899124695024,25.98562224706178,8.679966836956945,51.94966577115778,274.21833758241627,111.89957384078396,530.8390384897092,167.1,167.1,167.1,435.39,435.39,435.39,0,0,0,1.0634853616274837,0.8909433782791537,1.11,0,0,0,5.396282466696777,1.2580904522613092,10.714457957957965,21.36614029232777,4.981306532663312,42.42302238602239,2.155409197434405,0.5025125628140715,4.27962052962053,29.113370408691438,10.747860529905228,56.49177115941745,298.85039691049974,119.28323813631347,568.7709503402324,CIP+CRO
WSM,cip+cro+nda,0.5,0.125,0.05,605.3108195728132,603.6953501470049,607.9073492298804,605.8491082751267,604.086445117136,608.6268536541613,875.700178074119,717.4812001955202,1120.051824111726,928.342621768521,755.8128073369421,1197.3157169247208,167.1,167.1,167.1,435.39,435.39,435.39,0.27743822525946416,0.10723564939481718,0.4755975576945797,0.46335376089204294,0.37,0.552320728720147,3.178315706799941,1.5979017177647319,4.907576421339566,0.23391871172460665,0,1.2212682926829264,0.9261820600669753,0,4.835512195121942,0.26036205434908494,0,0.8624470659407141,25.75301493714184,8.235605504385065,50.52116240077967,266.449218321688,106.30793258399278,511.36253707322885,167.1,167.1,167.1,435.39,435.39,435.39,0,0,0,1.0642084271563823,0.8753825396324133,1.11,0,0,0,5.4023326855236125,1.7882857142857143,10.038097807991122,21.39009564030135,7.080571428571437,39.745029537887184,2.1578258050501726,0.7142857142857145,4.009465492886689,29.22490510016548,10.328625847878605,54.69762908456312,291.1938878776943,116.58029769133242,563.3241332032081,CIP+CRO+NDA
WSM,cip,0.5,0.15,0,605.7227480772177,603.9012533853085,608.5106653199019,606.0695761269595,604.1879691541639,608.9884814664301,917.05894022253506,741.1372517546974,1186.9790739730904,950.8014676920421,765.7236576499395,1222.1015621446547,167.1,167.1,167.1,435.39,435.39,435.39,0.27450923447770265,0.11216350643146465,0.46967363989202643,0.5377999978059753,0.43695552541404914,0.6178919659061447,0,0,0,3.4546520128786633,0.6047342995169095,7.0451787545787505,13.678412874765781,2.394396135265698,27.89481065601067,1.311111250401841,0.24035586124401895,2.7093596059113296,27.171376742812292,10.223080895073622,53.72612064062497,292.42868469644037,113.33918284949826,557.4782374685789,167.1,167.1,167.1,435.39,435.39,435.39,0,0,0,1.0657151101234565,0.8805664274106175,1.11,0,0,0,6.411033750414324,1.8678980222042487,11.892845119047623,25.383965234505155,7.395789868392023,47.088750238095244,2.560726054647038,0.7460848467024489,4.750297619047619,29.693636476150548,11.621127593899315,56.33254223351537,307.62706047731416,118.8027650299732,588.1294727969256,CIP
WSM,cip+cro,0.5,0.15,0,605.4148296559734,603.6745774377276,608.0326477518815,606.0807360650814,604.1600475635776,608.7565386640971,886.2735322467215,717.5769350801343,1130.7776360681357,951.5953723397073,770.3940011311893,1219.908932679691,167.1,167.1,167.1,435.39,435.39,435.39,0.27322596112073416,0.10569629080163684,0.46483667403202544,0.44685342712649484,0.34893344077077704,0.5304117484149244,4.047174465126474,2.237183646982478,6.16497694289977,0.2570321321266855,0,1.2840628865979402,1.0176977629595014,0,5.084142268041238,0.03051219683024539,0,0.2604507526178011,25.843121266080008,9.098786651344572,51.954225557693704,276.06288748489044,107.42603012317447,522.8381009761691,167.1,167.1,167.1,435.39,435.39,435.39,0,0,0,1.0623913579023778,0.8786891447368421,1.11,0,0,0,6.550294445017145,1.9157772583652766,12.01791222222221,25.935356596327665,7.585363798819012,47.58394323232319,2.616350233670372,0.7652090023826802,4.800252525252526,29.96970903117793,11.103787347420766,56.91990337435942,307.4887451447062,120.36865635659194,576.7947024008763,CIP+CRO
WSM,cip+cro+nda,0.5,0.15,0,605.3588592868172,603.6356854542998,607.8823651930661,606.0155974764084,604.1266023557268,608.8277443388146,880.2247252954121,716.2556450167408,1107.5906401807213,944.4956106192881,763.3076493630317,1187.3702674977983,167.1,167.1,167.1,435.39,435.39,435.39,0.27527557990876705,0.10663929761780314,0.4751808997892255,0.44830716914835145,0.3592714194373401,0.5321153615308574,3.9092227402244415,2.1161236424394327,5.868889809444903,0.2557012311616531,0,1.2519572613065306,1.0124281691401322,0,4.957022663316582,0.10670167376533617,0,0.5102264795918371,25.695336359094583,8.698332154452658,49.90421016246931,270.1445805066435,107.31483855469558,497.3631546248143,167.1,167.1,167.1,435.39,435.39,435.39,0,0,0,1.0662345322307163,0.9091188311688313,1.11,0,0,0,6.532147831630507,2.284622257243304,12.245219701492537,25.863506560707336,9.045775487937929,48.483948656716386,2.609102025735144,0.9125348527094194,4.891044776119403,29.788732546327854,11.440109491764401,54.667547640539404,300.55883570375187,119.46837511304128,554.4050416269472,CIP+CRO+NDA
WSM,cip,0.5,0.15,0.05,605.6670615005386,603.8848339625977,608.2868834593512,606.0175434574176,604.1741137036681,608.8448755714172,910.3593973193904,740.342722772857,1161.551351269257,944.3209873429067,769.1987212326845,1201.199602339877,167.1,167.1,167.1,435.39,435.39,435.39,0.27588491021846206,0.10615020539729665,0.467309790578038,0.537156926292203,0.4316352040816327,0.6324496545331986,0,0,0,3.5308931855688277,0.6164998438063183,7.29203883495146,13.980283579608033,2.440980848251836,28.872233009708722,1.337935725679666,0.23696682464455024,2.7785580524344597,26.982285694796733,9.594314776587755,52.89475329199708,285.2901594015151,106.93221005674822,539.8912373330284,167.1,167.1,167.1,435.39,435.39,435.39,0,0,0,1.0663233298773647,0.9128589768814561,1.11,0,0,0,6.625451880282522,2.274489380530972,12.517999999999995,26.232936331228863,9.005655189058725,49.56399999999998,2.6463699793427553,0.9084875301689468,5,29.632762432502673,11.210647599073038,56.12684986263021,299.82636506505486,114.94057784349046,562.8766019536405,CIP
WSM,cip+cro,0.5,0.15,0.05,605.391959077008,603.6893819094255,607.9799509311442,606.0205642073041,604.1693215281388,608.801886287902,884.2236290750284,723.8296802101021,1134.6371805675933,945.882444159146,772.2016767005967,1210.5359224014821,167.1,167.1,167.1,435.39,435.39,435.39,0.2806140232918298,0.10522037524781964,0.4763932067003732,0.4472506478197503,0.3488464766175529,0.526979843685726,3.979508119523039,2.2416542102640755,5.99059751884422,0.45057000504617645,0,1.7882857142857134,1.7839951853418021,0,7.080571428571426,0.10476394461384007,0,0.5080904522613064,26.811988630822658,9.659733796100113,52.05897524097837,273.0013573550765,110.58924263580006,523.4841711665483,167.1,167.1,167.1,435.39,435.39,435.39,0,0,0,1.06319854427787,0.8931263655462185,1.11,0,0,0,6.518138144284117,1.9659219977094222,12.182284251073497,25.808036346325128,7.783907804319377,48.234760873958066,2.6035062087730134,0.7852380562827224,4.8659067946451104,30.635504443747237,12.46508537941996,55.573047986995824,302.18945486248236,121.83915806627682,574.9658968320681,CIP+CRO
WSM,cip+cro+nda,0.5,0.15,0.05,605.4454646150226,603.689879782039,608.4043754150292,606.1085138435343,604.1402981280074,609.1166257449379,887.8301270763204,718.673196578877,1153.7427523113315,952.4133716083219,761.6664766920036,1228.0348867045002,167.1,167.1,167.1,435.39,435.39,435.39,0.2821017023219521,0.10556344628153755,0.46066774791980614,0.4485160930854051,0.34609291171477086,0.5335696045370938,3.705960418741918,2.054706708816299,5.682099459945991,0.24964817475334053,0,1.2644444444444416,0.9884615859941343,0,5.006464646464648,0.29851006920246015,0,0.9390778634068564,26.5963804827052,10.11423907859616,51.795990293821006,277.76627217508786,106.46809870840826,546.6311574573582,167.1,167.1,167.1,435.39,435.39,435.39,0,0,0,1.063082685440803,0.865301267281106,1.11,0,0,0,6.450088184206883,2.2246901754385977,11.924162698412697,25.538598079727585,8.808479298245594,47.21274963924964,2.5763253651569267,0.8885964912280722,4.762806637806638,30.690825351299914,12.151210526767029,56.75719699518564,308.91739388311623,119.42390624578495,597.3920257734641,CIP+CRO+NDA
WSM,cip,0.7,0,0,605.3283907760849,603.6088256606722,607.9523542809582,605.2976372163188,603.5970135984749,607.9232367675354,876.4495841903074,713.0856958891937,1127.190197740365,873.4643631255623,711.0973365975882,1124.5416644312545,167.1,167.1,167.1,435.39,435.39,435.39,0.1690902552970038,0.06343680995643534,0.2924674178773706,0.7430977148834182,0.6096363277224323,0.8337827773930899,0,0,0,0.30709511171841997,0,1.2905154639175238,1.2159180473887015,0,5.109690721649484,0.0027230833520326394,0,0.011443298969072173,25.105426351504498,8.688686103642405,52.60531921559156,271.0519013063252,108.00987053855684,523.4949928737142,167.1,167.1,167.1,435.39,435.39,435.39,0,0,0,1.0653830769583998,0.8889216485507246,1.11,0,0,0,0,0,0,0,0,0,0,0,0,24.938747285390022,8.5497436135209135,52.25957839320033,269.59255407030724,107.29298828599065,520.6854436646639,CIP
WSM,cip+cro,0.7,0,0,605.277039649954,603.5858377377938,607.9216091894539,605.2376288212743,603.5509572148484,607.8524196805772,873.5778876425198,710.2554608927215,1115.100760247369,869.8177515093903,706.5966683306302,1110.3807039893634,167.1,167.1,167.1,435.39,435.39,435.39,0.17153997189674802,0.06436937573903374,0.3023460498506031,0.7273287387793005,0.6024002662566564,0.8111538461538462,0.6549086495340373,0,1.5306904970577204,0.29366486824897337,0,1.2972020725388589,1.1627420937763304,0,5.136165803108814,0.002603994278290144,0,0.011502590673575126,24.652450176901624,8.207444563060372,49.001205232366566,267.4116039735264,103.66249451339192,507.6648992071385,167.1,167.1,167.1,435.39,435.39,435.39,0,0,0,1.0657128161830267,0.8914426767861052,1.11,0,0,0,0,0,0,0,0,0,0,0,0,24.285745825472226,7.587580445906274,48.81145325844898,265.94580037113633,102.85959099704813,506.65000825765617,CIP+CRO
WSM,cip+cro+nda,0.7,0,0,605.3386435418856,603.5833322271685,607.9117841826558,605.2974637556754,603.5528145769425,607.8898773105047,878.7281922295516,712.1505868109642,1118.6492127797674,874.8058380044139,708.3574213185549,1114.5602393557294,167.1,167.1,167.1,435.39,435.39,435.39,0.17110778352082254,0.06252803566754343,0.29137322880690025,0.7283555014726868,0.6072995283018868,0.8157323187414501,0.6691255438143721,0,1.5546065414507775,0.31200398553951253,0,1.3178585073795595,1.235354332903051,0,5.217953272069046,0.014081283906791756,0,0.24005178632772275,24.67643023491021,8.254694486353902,52.10995724581585,272.44434131085654,104.49277553756563,513.5623545955059,167.1,167.1,167.1,435.39,435.39,435.39,0,0,0,1.067240010857532,0.9025434149184149,1.11,0,0,0,0,0,0,0,0,0,0,0,0,24.318680137686012,7.965460523814354,51.30441608387304,270.92906002547966,104.46989879396001,510.72434260960677,CIP+CRO+NDA
WSM,cip,0.7,0,0.05,605.2991289688073,603.633463270592,607.915394307691,605.2692359534848,603.606246471293,607.8870717797616,874.9408209101762,716.3054458077853,1119.500923376406,872.0119701588119,714.1979497200715,1114.7739585843842,167.1,167.1,167.1,435.39,435.39,435.39,0.16584300949435246,0.06209375246036713,0.29075395760720135,0.7455626931799694,0.6153879773691656,0.8298352697755851,0,0,0,0.293351663104075,0,1.3248322357311724,1.161501983550916,0,5.245565180682197,0.0026012170158613438,0,0.011747593718338405,24.99730502191332,8.153619476973272,49.7077038616723,269.6035361709237,111.2907972202484,512.7643850478792,167.1,167.1,167.1,435.39,435.39,435.39,0,0,0,1.0658123619082593,0.8943196515679445,1.11,0,0,0,0,0,0,0,0,0,0,0,0,24.825498984999435,8.023740707795831,49.76875177200576,268.136941501346,110.30289569766333,511.02288763049154,CIP
WSM,cip+cro,0.7,0,0.05,605.3739825582439,603.6816981766138,607.9382664821381,605.3289891997816,603.6635026314799,607.8844283451672,882.000871155388,719.2253044187331,1129.7985873607417,877.7098254393795,715.4878536115947,1127.0247450539134,167.1,167.1,167.1,435.39,435.39,435.39,0.16461462482283967,0.059947116787401056,0.2991877750769761,0.730812643176364,0.5964933916864278,0.819698743718593,0.6529403307259533,0,1.4705882352941186,0.33575747080755963,0,1.3391853736089019,1.329404320427055,0,5.302395259430548,0.014571300669746882,0,0.24342387955182038,25.24827212283428,8.420819885689848,54.24065224930846,275.58114587024346,112.3474429281785,526.0086117089595,167.1,167.1,167.1,435.39,435.39,435.39,0,0,0,1.0665239637534374,0.8915759725960363,1.11,0,0,0,0,0,0,0,0,0,0,0,0,24.851293166728222,7.873982520803651,53.878166500722756,273.8348861440805,111.6380623899777,523.2553117187408,CIP+CRO
WSM,cip+cro+nda,0.7,0,0.05,605.3213307941635,603.6224501500238,607.7779684533025,605.2804776454967,603.5951462271859,607.7464951083084,877.715143116664,713.6132222240756,1119.4599364354842,873.8091719539567,710.562539932684,1113.2043724821365,167.1,167.1,167.1,435.39,435.39,435.39,0.16919302074568635,0.06470445432828108,0.29433148757406785,0.7296659019875981,0.5927004854368931,0.817384442361762,0.6223419156172093,0,1.50753768844221,0.31708331418792174,0,1.3832044198895017,1.2554655204034306,0,5.476685082872933,0.04853027040731056,0,0.2719043555543677,25.063335198442658,8.258017993672055,51.176479514095384,271.413268816645,107.6216716926726,511.71094078680045,167.1,167.1,167.1,435.39,435.39,435.39,0,0,0,1.0654993104292247,0.8727852603706974,1.11,0,0,0,0,0,0,0,0,0,0,0,0,24.695935606877747,7.98051836237206,51.21982611805491,269.9353707544763,106.71989465693797,509.3756887652688,CIP+CRO+NDA
WSM,cip,0.7,0.025,0,605.4406190598417,603.7287606895154,608.0069835048771,605.4499841810783,603.7081770021248,607.968519864372,889.2142311177325,721.4831086906665,1135.7274617427215,890.1111121189775,722.7626918263045,1132.5199768452696,167.1,167.1,167.1,435.39,435.39,435.39,0.17061883117666757,0.06431787634143227,0.29120563317322473,0.744111982400347,0.6099370267909144,0.8269527205882354,0,0,0,1.039428099917939,0,2.845406428571429,4.115530783218783,0,11.266154675324682,0.3067477353214634,0,0.9345794392523363,25.79103679645965,9.237184346001312,49.26202233819156,279.30612347117795,114.004675141396,526.2388909691672,167.1,167.1,167.1,435.39,435.39,435.39,0,0,0,1.0648552893262695,0.9031133732646665,1.11,0,0,0,1.090155313304378,0,2.952708296074397,4.316381047181514,0,11.691007667888753,0.4354350987795088,0,1.179385004023965,25.920553916179507,9.449977876279696,50.07159679418803,279.5452303006735,115.32062687134594,526.5833925874134,CIP
WSM,cip+cro,0.7,0.025,0,605.3441541072239,603.5914959768099,607.8566564037498,605.4144546880078,603.6545316462725,607.8628580541169,879.1363385175133,709.9920708401505,1115.3252191069998,886.1609039175363,716.9228614087232,1118.5357537244922,167.1,167.1,167.1,435.39,435.39,435.39,0.1715538097033956,0.06484330325727718,0.2974784237788887,0.7089302346889119,0.5702683486238532,0.7961898281520079,1.4741315025546795,0.4784119389382551,2.7231109304960346,0.31302028147561883,0,1.3178585073795626,1.2393782737703758,0,5.21795327206906,0.01202798430579556,0,0.23395214746772514,25.621174052480388,9.04312898339114,51.855333468189784,271.8220869426384,102.7513370009702,507.41890727005267,167.1,167.1,167.1,435.39,435.39,435.39,0,0,0,1.0599283648341227,0.86513515625,1.11,0,0,0,1.1068452539143343,0,3.009134615384615,4.382463505752521,0,11.914423076923079,0.4421014754410986,0,1.2019230769230758,25.857620858465285,8.701914510186093,52.582690854983674,275.5787559366233,105.66467929817077,507.89682944970724,CIP+CRO
WSM,cip+cro+nda,0.7,0.025,0,605.3061779736965,603.6538182536274,607.9021637556498,605.376973498618,603.6979675286044,607.974226960403,875.6815941039915,712.9751068778739,1127.7885073656882,882.7464852210866,716.5551812754461,1133.0951285010738,167.1,167.1,167.1,435.39,435.39,435.39,0.1669031249246912,0.06363879150524143,0.29366964698443515,0.7130601424012214,0.5901701017223443,0.8078094973906258,1.4509376636505626,0.2762051484427175,2.7365917664425137,0.3251041400466109,0,1.3462034001743688,1.2872233261919015,0,5.33018256320837,0.04104893768149782,0,0.2673796791443859,25.353425249821864,8.368788017782123,52.59566185922612,268.2824497433162,103.84952072582865,521.9217759151645,167.1,167.1,167.1,435.39,435.39,435.39,0,0,0,1.0666938573453026,0.8995223388258219,1.11,0,0,0,1.1021238572941667,0,3.3840121621621533,4.363769520924114,0,13.398720147420166,0.44021563240700057,0,1.351658476658474,25.675364080043977,8.499751425136433,52.907760021710565,272.0765542460056,105.92131771198814,526.353368310779,CIP+CRO+NDA
WSM,cip,0.7,0.025,0.05,605.4250691140146,603.6849550948231,607.9985716960022,605.4313349863141,603.6779524798234,607.9563094985051,887.9862599586345,718.7948320757373,1122.509777839074,888.5855973625542,717.6552727243411,1123.4842176202728,167.1,167.1,167.1,435.39,435.39,435.39,0.16775315203486155,0.0638723223445122,0.2930156989812886,0.7435142548004278,0.6115595786701779,0.8297876488735831,0,0,0,1.1031456671347823,0,3.1611111111111123,4.367815293646617,0,12.516161616161604,0.3231014450571127,0,0.990222156544014,26.094748480505455,8.339244040255572,51.35776509544254,277.7125991543842,108.41017395992657,513.6380188066591,167.1,167.1,167.1,435.39,435.39,435.39,0,0,0,1.0650014285158134,0.8970742377375167,1.11,0,0,0,1.1254460055758766,0,3.100079757975787,4.456111664831661,0,12.274512951295131,0.44953107747878124,0,1.2382488248824914,26.19967004265678,8.277801614991631,51.60109968639705,277.8178659771238,108.18249484336988,513.1288534801441,CIP
WSM,cip+cro,0.7,0.025,0.05,605.3764492323126,603.6514949657848,607.9403932867531,605.44289860535,603.6759946241905,608.0950084495497,882.5416237330649,714.6605765537446,1123.1623678929207,889.2178425681162,717.3493470862205,1137.7719164705898,167.1,167.1,167.1,435.39,435.39,435.39,0.17052404795881224,0.06555151895970258,0.3020856179517799,0.7112374062408185,0.5847030429174485,0.7976553642597224,1.503142965655742,0.4523872329200748,2.75,0.3762516056069931,0,1.7310015432429524,1.489737544360521,0,6.853759425570683,0.03648986781007885,0,0.26881720430107486,25.508205905917688,8.883310585402016,51.9652753867367,274.7734062198551,104.22263820850768,515.3218522204469,167.1,167.1,167.1,435.39,435.39,435.39,0,0,0,1.0671459713610525,0.8741968911917098,1.11,0,0,0,1.1247578806682434,0,3.0992894801980193,4.45338709038511,0,12.271383910891082,0.4492562233057372,0,1.2379331683168318,25.73126151845945,8.615341112443687,51.71564533190175,278.4610482665462,105.7767886683816,524.1421677627952,CIP+CRO
WSM,cip+cro+nda,0.7,0.025,0.05,605.3813172600238,603.6097397043786,608.0683678718987,605.4526527593188,603.671365742865,608.145087840687,882.5920400136022,712.5570412404682,1126.7336963344078,889.6660589735546,715.7080496623305,1136.522736449944,167.1,167.1,167.1,435.39,435.39,435.39,0.16895927279012593,0.06538196877245403,0.29398867343506846,0.7108047642250126,0.5788660181929369,0.7945927033492822,1.3747438127918303,0.26305563130624454,2.6570048309178746,0.29746428494183585,0,1.297370979058722,1.1777855742816066,0,5.1368345746977555,0.0988121954557977,0,0.4950641986992822,25.158264346363662,8.217560281515476,52.15483253635233,275.3162803389155,105.34634235699585,521.58444245983,167.1,167.1,167.1,435.39,435.39,435.39,0,0,0,1.0643695131675253,0.8971756904501593,1.11,0,0,0,1.1016899728961804,0,3.053544894787181,4.362051591039006,0,12.090261956001925,0.44004232820585587,0,1.2196616451458635,25.44196025391431,8.300816973406826,52.3816502854599,279.00670467472645,105.05911294107221,525.2279526846777,CIP+CRO+NDA
WSM,cip,0.7,0.05,0,605.4296848783972,603.71537198953,608.2210440967439,605.4708257444546,603.7790331995379,608.2350394004843,888.4805575139679,726.5792901844252,1145.5443557423453,892.4720999622621,729.6032737629671,1150.2459728747715,167.1,167.1,167.1,435.39,435.39,435.39,0.17222775739811846,0.06552467359542717,0.29676713869392857,0.7465641409714652,0.616022406511454,0.8285186164835906,0,0,0,1.856314603168175,0,4.611894736842104,7.349926265491884,0,18.260421052631575,0.6293871598629114,0,1.5710333494075508,26.321012701134563,8.615523620466284,53.44400329572562,273.5610282849976,107.68558971914733,532.3265693227188,167.1,167.1,167.1,435.39,435.39,435.39,0,0,0,1.0679645672660671,0.9004514354249163,1.11,0,0,0,2.189848939332465,0,5.217669894366195,8.670528265623446,0,20.658938380281693,0.8746800364804542,0,2.08406690140845,26.67033054452232,9.128904155792043,53.46780958030258,275.171454286354,108.1078656326526,535.7428546014437,CIP
WSM,cip+cro,0.7,0.05,0,605.4383562621886,603.5653671430707,608.0634579638848,605.6236179498829,603.7130074953894,608.2918100841706,888.1151379266458,711.5470947875049,1129.2352640269862,906.3611731242939,726.6794926007615,1148.2635885173374,167.1,167.1,167.1,435.39,435.39,435.39,0.17369280437472778,0.06495914002850424,0.29299898916790157,0.6932315734398958,0.5601049528301887,0.7808780684754522,2.3101489740536887,1.0869565217391304,3.8652033206697602,0.3222566185707728,0,1.391083147113592,1.2759487971594328,0,5.50788026070764,0.015224739606211958,0,0.24635085466093798,25.313512775379365,8.75438169338166,51.799148974682005,279.67676818814306,102.8307285612589,520.1707570640167,167.1,167.1,167.1,435.39,435.39,435.39,0,0,0,1.0664154466471858,0.88447921875,1.11,0,0,0,2.2049847768280717,0,5.100006613296204,8.730457379669797,0,20.193060215802284,0.8807256657725163,0,2.037069265576052,26.23362646624023,9.369013650814956,52.69022582098857,289.00304636411437,104.87643188359662,534.6449033308777,CIP+CRO
WSM,cip+cro+nda,0.7,0.05,0,605.3248703586628,603.6374726329414,607.7920946557786,605.5085659803382,603.8008791412234,608.1179137181038,877.0926337586343,714.0028437343527,1131.4261977547667,895.1618609131275,732.219947919978,1157.9233510263732,167.1,167.1,167.1,435.39,435.39,435.39,0.16858269488526853,0.0646639135161458,0.2863977598134526,0.6961475094515527,0.5813770034843205,0.7759368278984718,2.288197428403726,0.9707565311195541,3.8282112624217888,0.30959571384542056,0,1.317684210526317,1.2258189775550745,0,5.217263157894732,0.0621620097731988,0,0.2871753872278298,25.75876245849211,8.630238292229377,53.16514651808762,268.6920990567227,106.02396524718839,524.1745746986571,167.1,167.1,167.1,435.39,435.39,435.39,0,0,0,1.0689710428767436,0.9092402152399802,1.11,0,0,0,2.230253658780759,0,5.2597867548888715,8.830507456767016,0,20.825696654362684,0.8908186846064703,0,2.1008894211890365,26.712388466851937,9.592007679069363,54.75257359428194,277.6332180088363,110.32130187208068,537.3650870323202,CIP+CRO+NDA
WSM,cip,0.7,0.05,0.05,605.488358486967,603.7632161096316,608.1005237545338,605.5343737833697,603.7841125610219,608.2107470424312,894.1802652810163,728.0806296354028,1138.5486722865166,898.6519362614391,732.8172603844549,1144.867872588875,167.1,167.1,167.1,435.39,435.39,435.39,0.1712354456167901,0.06452720601253072,0.295736842146394,0.7472428689208296,0.6135896075581395,0.8337813467226081,0,0,0,1.839813591803621,0,4.255260880482086,7.284591856858496,0,16.848358386340813,0.6170849044245262,0,1.5473092540645208,26.3078841547653,8.635000497372417,50.91745878394642,279.3666187309888,110.5307160598909,527.6740757501012,167.1,167.1,167.1,435.39,435.39,435.39,0,0,0,1.0681319666652922,0.9066221866698865,1.11,0,0,0,2.215170961308278,0,5.083451776649743,8.770788746307995,0,20.127512690355335,0.8847942807590182,0,2.0304568527918776,26.734357368602968,9.533100443702265,52.12732282384376,281.14481185909585,111.4240091136241,533.0271094891687,CIP
WSM,cip+cro,0.7,0.05,0.05,605.3618238998579,603.6656674000812,607.9033682907888,605.5351991010084,603.8024897010833,608.1702558135335,881.0235935756217,719.2769229715024,1122.928411681703,898.1168882508732,728.820528682802,1150.2307520226086,167.1,167.1,167.1,435.39,435.39,435.39,0.16804932991867066,0.06347769863181481,0.292450769301659,0.6936119341221045,0.5687747349226718,0.7813114321744319,2.2847386082195786,0.9802725968436167,3.7689627382193995,0.41776272221731636,0,1.7471076973468729,1.6540974248265754,0,6.917530429086148,0.05337248910771782,0,0.27326449525452906,25.432897447730728,8.371348931889335,50.515610620864756,272.0522312985511,110.8580394523763,512.7152908417698,167.1,167.1,167.1,435.39,435.39,435.39,0,0,0,1.0666604247799765,0.8806606016187623,1.11,0,0,0,2.1559509150576552,0,4.933201970443352,8.536311803316634,0,19.532610837438426,0.8611403239565647,0,1.9704433497536946,26.340912639261617,8.546760416021174,52.705977440090095,280.9696792749897,113.86101197146694,534.8186297361631,CIP+CRO
WSM,cip+cro+nda,0.7,0.05,0.05,605.3948714049512,603.686938492172,608.0526116930391,605.5750806097504,603.812496845774,608.2078958891735,884.2856456892072,718.9286568788076,1139.8771066929817,902.0751540317838,730.235462861246,1162.2232731687227,167.1,167.1,167.1,435.39,435.39,435.39,0.17255933377391708,0.06452115058986889,0.30063718200813777,0.6938548769703191,0.5579913875598086,0.7811215986394558,2.164219768668007,0.9007999030420558,3.720992083127161,0.32356886565217696,0,1.3391853736089014,1.2811445324480344,0,5.302395259430547,0.17345058861161114,0,0.7128205862533697,25.46773789424128,8.585935435408269,52.017555668625455,275.76896804844773,108.14285057316002,532.1555607794484,167.1,167.1,167.1,435.39,435.39,435.39,0,0,0,1.0648248727182004,0.8638486145320198,1.11,0,0,0,2.1330507665746485,0,5.0328554544020525,8.445640533192671,0,19.92718067918064,0.8519934360819016,0,2.0102474254681506,26.42017969793373,8.659944438736318,53.58577202861806,285.02150071763367,112.37920086632958,548.3411602544802,CIP+CRO+NDA
WSM,cip,0.7,0.075,0,605.594336700697,603.8078663182682,608.1808252629635,605.6762138354319,603.8645624261065,608.338948961193,904.2176893272589,730.5228295856524,1147.298873817264,912.1579566846359,738.5433227197748,1152.2895306214493,167.1,167.1,167.1,435.39,435.39,435.39,0.16715859194598592,0.06413541679714942,0.29684794372141227,0.7419194290581027,0.5968106850039673,0.8325302947598253,0,0,0,2.6038577044514,0.5349572649572633,5.690649543378997,10.309762203501291,2.1181196581196526,22.531662723121638,0.9313333125691781,0.004954806547619057,2.071090860973887,26.92910901667751,9.947768182328154,51.19053409812487,284.71674455601556,109.04463613712595,533.4456468370646,167.1,167.1,167.1,435.39,435.39,435.39,0,0,0,1.0624476029004075,0.8867972489513942,1.11,0,0,0,3.296136120508247,0.6043777344818165,6.925590898345154,13.050782127885505,2.3929843450916004,27.421312293144183,1.3165586038138068,0.24140347279190533,2.7662529550827406,27.57432120431285,10.35871702679944,52.55138344843614,288.0729538180168,109.87640153059769,535.5002583897344,CIP
WSM,cip+cro,0.7,0.075,0,605.3135815863762,603.6139128208971,607.7726975891459,605.6029171041549,603.8532100058658,608.1829818437545,877.5131428100904,715.0871584932339,1102.3082205208846,906.1718974977168,736.1080069020384,1144.4975273811092,167.1,167.1,167.1,435.39,435.39,435.39,0.17086910593509322,0.06630779554022188,0.29813192082843204,0.6727691171119655,0.5468288248337031,0.7606761235283175,3.1350303566803976,1.562326388888889,4.884491154839993,0.3210613764483045,0,1.290515463917523,1.2712163334625148,0,5.109690721649484,0.019257775988480955,0,0.2551020408163268,25.58392669290591,8.466504116984476,52.623654274205805,268.0101560673055,106.00930531707371,492.90828175541446,167.1,167.1,167.1,435.39,435.39,435.39,0,0,0,1.0642117007035934,0.8820928217821784,1.11,0,0,0,3.2191439065417504,0.6136274509803926,6.9544444444444435,12.745937736366455,2.4296078431372496,27.53555555555555,1.2858060019738577,0.24509803921568654,2.7777777777777786,27.140637581311754,9.029152442617082,53.570668626079694,282.53665731093554,109.98065986885987,522.0443308926853,CIP+CRO
WSM,cip+cro+nda,0.7,0.075,0,605.3897872804112,603.6620915736548,607.9558019376013,605.6849349966684,603.9025319067542,608.3189284015792,883.440270093117,715.7086978282052,1128.777205233964,912.5018848563271,739.5190001504654,1168.7635275986827,167.1,167.1,167.1,435.39,435.39,435.39,0.1697871815156018,0.06195651372162603,0.29680084311724064,0.6737749421943874,0.5416827740516064,0.7611428571428572,3.06107037327395,1.482559942124844,4.838709677419354,0.320766789043761,0,1.338823529411764,1.2700499386615245,0,5.300962566844916,0.09112758255202243,0,0.47473222669349463,26.054490839284004,9.32691684217458,52.94832425751942,273.9426913790936,106.5143925649807,518.1210191535224,167.1,167.1,167.1,435.39,435.39,435.39,0,0,0,1.0639877762764798,0.9014181827885573,1.11,0,0,0,3.2989936717855346,0.5904023939232887,6.7499019607843165,13.062096369098755,2.337650124014529,26.72568627450979,1.3176999807419454,0.23582137478961832,2.6960784313725483,27.71255062251322,10.687253756873394,54.987207532483254,288.34619828053263,113.36518196251424,553.1188239287379,CIP+CRO+NDA
WSM,cip,0.7,0.075,0.05,605.568590980046,603.7773134894885,608.0184076840627,605.650450462024,603.8759675254845,608.1652015761953,902.3104151444699,730.3781747893142,1127.584473535676,910.2322565601149,737.9034526898286,1138.8615895964865,167.1,167.1,167.1,435.39,435.39,435.39,0.1700109374903311,0.06556393282843148,0.2935629370594887,0.7436581146419576,0.6112151431718063,0.8310769230769232,0,0,0,2.5469456020835834,0,5.639216597953887,10.084423376072113,0,22.32801817071308,0.9130447332681534,0,2.0886164376090752,27.15445701412802,9.800099014852929,54.67758036139445,283.0948475549562,109.18511766441374,517.8812300039388,167.1,167.1,167.1,435.39,435.39,435.39,0,0,0,1.064751038787866,0.8970213418430886,1.11,0,0,0,3.2646671410994474,0.5958853454057658,6.854124251837257,12.926183270606566,2.359359423205897,27.138345935298116,1.3039891121183287,0.2380114017437959,2.7377074020759147,27.806989156316085,9.833975395423247,55.41285053853971,286.29967714737506,109.42968260610476,524.8023610918326,CIP
WSM,cip+cro,0.7,0.075,0.05,605.3587905192438,603.6177360460578,607.9962960117415,605.6291842673218,603.8201669979802,608.3221503386934,880.1945841724263,717.0815898491172,1122.455884502639,906.794111338644,735.291237626152,1157.4215278773354,167.1,167.1,167.1,435.39,435.39,435.39,0.16753434621333765,0.06622903434260163,0.2839912486866433,0.6791718575509633,0.5625976712328767,0.7637759838242395,3.106082951334854,1.5486155460268234,4.95341701690065,0.4579063108314522,0,1.8142028985507268,1.813042689730795,0,7.183188405797096,0.07300373982719598,0,0.4815752080443824,26.15272958197236,9.427321879998486,50.7259302237663,269.8658406093587,104.90216654583523,513.1364410226269,167.1,167.1,167.1,435.39,435.39,435.39,0,0,0,1.067639089323248,0.9249784883720932,1.11,0,0,0,3.2208579380753646,0.6076699029126229,6.803879347826086,12.752724304423019,2.4060194174757363,26.939405335968374,1.2864906287247821,0.24271844660194217,2.7176383399209474,27.599605652377388,10.133394286350564,51.41975751641136,283.1203505598757,110.90071956857493,537.5059932808269,CIP+CRO
WSM,cip+cro+nda,0.7,0.075,0.05,605.3753749796156,603.6294940303228,607.88728855953,605.6735296624274,603.8267283259422,608.2680595342529,882.9747975169554,713.3667914206038,1127.0295438348696,912.4117105718489,738.4982285467398,1156.5035271207666,167.1,167.1,167.1,435.39,435.39,435.39,0.17123629109487046,0.06280831766190077,0.29744628627147074,0.6769462255875544,0.5602181063122923,0.7705694947043249,2.925194308657536,1.3690388982492132,4.615384615384617,0.3105920461004,0,1.3536670506572135,1.229763873855266,0,5.359734278540827,0.22534076129553304,0,0.795379703247481,25.98468311466441,9.627624905913152,52.614254370119795,273.5065474884426,103.0837986381603,518.3111932371652,167.1,167.1,167.1,435.39,435.39,435.39,0,0,0,1.0688288172233151,0.9133857730263159,1.11,0,0,0,3.323784837749089,0.5989473684210539,7.041876522435896,13.160254968700738,2.37148325358852,27.881735737179486,1.3276021879489892,0.2392344497607658,2.8127003205128203,27.592349686506896,10.13281634373403,53.941682341607695,288.1346461333389,107.95070458026773,538.870519832421,CIP+CRO+NDA
WSM,cip,0.7,0.1,0,605.6432131041647,603.904832666592,608.4564942519225,605.7621094313131,603.9706965669797,608.5454218279739,907.8267569404749,739.9268338276821,1169.5868021131005,919.3375432906693,747.2414534579103,1184.1908985681946,167.1,167.1,167.1,435.39,435.39,435.39,0.16852590263137932,0.06292442800712168,0.2894426058430584,0.7460101933335838,0.6119015151515153,0.8325331937799043,0,0,0,3.417073867595615,0.6045896262395126,7.100073385784048,13.529625273486904,2.393823313223766,28.112161470921905,1.2551284141397587,0.23135055304172986,2.6206420634075354,27.07162230319719,9.331432762379784,53.84783178977167,283.31808953905846,109.67498205238556,548.3872673039195,167.1,167.1,167.1,435.39,435.39,435.39,0,0,0,1.0658946784251546,0.8941549763033176,1.11,0,0,0,4.4401048296384396,1.1920492213947191,8.7500880737506,17.580232926681546,4.719821665538249,34.64526004852012,1.7734881089784469,0.47613405551794225,3.4950024260067916,27.98746051700681,10.235979268470109,54.793217950726415,288.2219650910698,111.62942528133522,557.9701981752751,CIP
WSM,cip+cro,0.7,0.1,0,605.3431999562994,603.6950310934332,607.9410905452855,605.7481677446688,603.9900575352723,608.5502569043916,877.6935819602497,722.622036135825,1125.278091926364,917.310711369211,752.773685753744,1180.8028644021354,167.1,167.1,167.1,435.39,435.39,435.39,0.1702214343226446,0.06524590209310435,0.29736539606309476,0.6576536353015164,0.5287940551875201,0.7400420454545455,3.9667480935466135,2.2010530283398904,5.8826997780244215,0.3297866415829141,0,1.360652173913044,1.3057633091081287,0,5.3873913043478225,0.025623368195062987,0,0.25513474620617516,26.149004627657607,8.610856787269707,52.774043938674915,267.05702483335966,113.00492531958868,517.7933936954742,167.1,167.1,167.1,435.39,435.39,435.39,0,0,0,1.0670183957206902,0.9008478260869566,1.11,0,0,0,4.394314759630971,1.2454179843357507,8.98503534790366,17.398930879241846,4.931130929510855,35.57551461763037,1.7551984181302807,0.49745086448943265,3.588846200632551,28.390089316701584,9.76907384947979,54.93813149417955,286.4663682138405,121.33059504472423,555.2413383075607,CIP+CRO
WSM,cip+cro+nda,0.7,0.1,0,605.383404203389,603.6333320452336,608.2141328328776,605.7904201600423,603.9752687246765,608.7322237099833,881.4933108715987,716.1207656814154,1137.9457275089987,921.3557391839474,746.0961413146,1188.9146258243106,167.1,167.1,167.1,435.39,435.39,435.39,0.165562994947739,0.0634223216198567,0.29439489062544283,0.6580569663184915,0.5300767723880597,0.7450720625120587,3.785020526468919,2.0263513513513516,5.844155844155844,0.32430377228698487,0,1.2775107012035598,1.284054335327697,0,5.058199424385152,0.11017369864131539,0,0.5102694924123499,25.940696182312518,9.03293852243507,51.550430397445794,271.0707842631647,104.04561908656281,529.2352285570587,167.1,167.1,167.1,435.39,435.39,435.39,0,0,0,1.0648148203562464,0.8837676126970132,1.11,0,0,0,4.41132163065406,1.1537327188940094,8.751689068100356,17.466268197934,4.568110599078336,34.65159905506679,1.7619913846677022,0.46082949308755716,3.4956419028999663,28.21299141806948,9.981115347677562,54.26930403585143,290.4752738768028,112.43691145812534,563.4404372817368,CIP+CRO+NDA
WSM,cip,0.7,0.1,0.05,605.6938687991926,603.9253554742146,608.6018186666993,605.8121045875849,603.9941942860028,608.7707382778756,912.9946652466301,745.3046121106756,1167.9733779674043,924.4258858618595,752.409284277282,1177.3946595212676,167.1,167.1,167.1,435.39,435.39,435.39,0.16635805180560315,0.06307302138791214,0.28921645078725305,0.7446628882034654,0.6166519138755981,0.8325,0,0,0,3.3465310158922454,0.6016836309523799,7.025408163265308,13.250316605822274,2.3823172619047557,27.816530612244883,1.2277085220557893,0.23036214043726164,2.631711722488036,27.316401444647155,10.544631890011956,55.799788046811095,288.9487629183626,117.47307004177506,551.7395463016001,167.1,167.1,167.1,435.39,435.39,435.39,0,0,0,1.064158883810107,0.890037938963211,1.11,0,0,0,4.3711889154287675,1.1431963470319657,8.633103448275863,17.307365985326044,4.526392694063925,34.18206896551723,1.7459613817817412,0.45662100456621074,3.4482758620689644,28.22355997364973,11.130138005899537,56.001784555943345,293.77064652856075,119.93018950592268,557.4968890118666,CIP
WSM,cip+cro,0.7,0.1,0.05,605.4543945609851,603.6850974483492,608.107044326026,605.8348918511123,603.966072426281,608.6573294727721,890.0337335727845,719.4049590207169,1147.9376520261355,927.5573865266371,746.9731114838205,1186.5035167019848,167.1,167.1,167.1,435.39,435.39,435.39,0.16894086997993593,0.06269086591066159,0.29753675673278657,0.657075716911242,0.5248342144268775,0.7498444148936171,3.9177621070173254,2.083093317972352,5.970895522388058,0.5264496954362768,0,1.8685917537313435,2.0844346305003687,0,7.398536641791042,0.10389709299440592,0,0.49866829268292695,25.413459920524065,8.887672791600906,49.8679147602209,278.25212235683694,107.83727237792448,538.5171312097939,167.1,167.1,167.1,435.39,435.39,435.39,0,0,0,1.0642458458840927,0.879800474517498,1.11,0,0,0,4.296602045265586,0.9779437752713358,8.796432432432434,17.012045356410248,3.872088614598855,34.828756756756746,1.716169533977307,0.3906150244732918,3.5135135135135127,27.415765395332038,9.9857222388489415,52.3940824839614,297.34050359808447,115.63297758199575,566.8478689513802,CIP+CRO
WSM,cip+cro+nda,0.7,0.1,0.05,605.350823925463,603.6403159533158,607.9491008677236,605.742332338947,603.9689247922247,608.4318227026849,880.4944973242384,715.6224289935825,1125.0088265755724,919.0432987518927,747.3224435604793,1169.3794325298152,167.1,167.1,167.1,435.39,435.39,435.39,0.1695831060221322,0.06327442347139053,0.2970463343454171,0.6557305897958748,0.53603449564897665,0.7443065496429787,3.6044311550690136,1.8817204301075288,5.527668390027058,0.3644785370613785,0,1.619058789355322,1.443123039695651,0,6.410531221889057,0.3006155674583474,0,0.943435152530419,25.67931643243259,9.121759158778948,53.132159508313684,269.84811554605517,103.13649243846079,512.1865184482457,167.1,167.1,167.1,435.39,435.39,435.39,0,0,0,1.0624417655723912,0.8971220207253887,1.11,0,0,0,4.300694478082126,0.7029670215407561,8.507378640776698,17.02824901035808,2.7833405860078346,33.684271844660195,1.7178041532521673,0.28078248184244947,3.3980582524271825,27.887334773012597,10.253842101871886,56.93302440194941,288.8266764952171,109.93936813812952,555.5333391548354,CIP+CRO+NDA
WSM,cip,0.7,0.125,0,605.7403765210944,603.9404411405488,608.5090431584152,605.8968795476969,604.0672341843676,608.7110983003755,918.8288548484841,745.8337667546413,1169.319644176259,934.0786000603443,758.993939485291,1186.8894299709862,167.1,167.1,167.1,435.39,435.39,435.39,0.16835761798074525,0.06130623743749109,0.29599311755228197,0.7449966961125223,0.6213443756677661,0.8311062145703889,0,0,0,4.207107538182575,1.0977136591478711,8.220897329650086,16.65769915501527,4.346307701070858,32.54997245940062,1.5771649440208948,0.2744360902255635,3.0828272511848347,27.961446503906785,10.435189911030538,53.36866422862841,289.3878123532344,110.38203829432116,547.8874448094319,167.1,167.1,167.1,435.39,435.39,435.39,0,0,0,1.066607460678761,0.9081443519351937,1.11,0,0,0,5.598764895441462,1.746495510335915,10.31721023564065,22.167852953959148,6.915106524547804,40.850152430044176,2.2362857067588524,0.6975936692506465,4.120949926362297,29.23499572308465,11.62784549211283,54.875124160423205,295.731025820047,112.65993715659498,552.8165697562071,CIP
WSM,cip+cro,0.7,0.125,0,605.3990942028282,603.5510928905092,608.0790081790426,605.918456154402,603.9476530582807,608.8361058439947,882.8408415037147,711.5474273319755,1154.7634512899335,933.6429286213092,750.4694727370068,1207.8113229038784,167.1,167.1,167.1,435.39,435.39,435.39,0.16710778266349854,0.06303200142359866,0.28908484913563953,0.6381089242742719,0.507554098946616,0.7325259333551662,4.7191519010043965,2.746753246753248,6.82847955282188,0.34712700511850525,0,1.4664476596054417,1.3744210642030346,0,5.806279900997293,0.03591430365229097,0,0.2645569742577511,25.918585818077037,9.65432782901829,51.54760025687013,271.1584968857513,99.87954337208431,544.6916730076357,167.1,167.1,167.1,435.39,435.39,435.39,0,0,0,1.0626318714902938,0.8713085180412372,1.11,0,0,0,5.470676555406602,1.3388235294117645,10.380180816965902,21.660697618802747,5.300962566844929,41.09947931076032,2.185124043539943,0.5347593582887715,4.14610193999277,28.81552438195568,10.644602980307532,54.8568416078309,296.2266513923279,109.6090867873255,582.4040092492254,CIP+CRO
WSM,cip+cro+nda,0.7,0.125,0,605.3233100587925,603.5492599282509,608.032402429672,605.838176724705,603.8851129746278,608.6713577553687,875.9642748501329,703.9730226913309,1138.7833718372322,926.4381250028457,740.8640809636379,1203.84160569888,167.1,167.1,167.1,435.39,435.39,435.39,0.17067523295147968,0.06670267537321956,0.29839369935926635,0.6401188461941685,0.5237594141666194,0.7276454052913032,4.69161555771688,2.714626391096979,6.598984771573602,0.3327486753408009,0,1.3534811692126911,1.3174912401814542,0,5.358998296122204,0.12080685845015166,0,0.5107967171717172,26.42678694297239,9.062448548441086,54.11316466383856,264.2725772933175,92.46815476854087,527.5092635388169,167.1,167.1,167.1,435.39,435.39,435.39,0,0,0,1.0676496233012167,0.9146829844006567,1.11,0,0,0,5.519609252610225,1.7300091013824872,10.803620580382024,21.85444264230493,6.849829932970261,42.776054517179645,2.2046689777161785,0.6910085881860067,4.315234294768345,29.37536941685995,10.80294037920394,56.031603837762,288.6658779895179,101.17330688162946,575.7187139140215,CIP+CRO+NDA
WSM,cip,0.7,0.125,0.05,605.7314256629666,603.8584640117641,608.5081712786827,605.8862888791676,603.9789315250416,608.7254757166182,917.7080547186026,741.9966350927859,1177.2141904710468,932.7917473724709,755.9356628623501,1200.5062627453956,167.1,167.1,167.1,435.39,435.39,435.39,0.16808815716799874,0.06534818029064336,0.29502920648979425,0.7478323002914025,0.6231424394319132,0.8367842105263158,0,0,0,4.0962307330374506,1.143066438356166,8.165510053072056,16.218691488438104,4.525878331257782,32.330671055317396,1.534484628020264,0.4523119331433025,3.0935241241871174,28.555132818173806,10.511113997794068,54.34588146967481,289.09399084446966,111.69251145512813,550.7753145831753,167.1,167.1,167.1,435.39,435.39,435.39,0,0,0,1.0696553559346609,0.9103524850013636,1.11,0,0,0,5.405927559615866,1.79684210526316,10.331648152971812,21.40432925106253,7.114449760765562,40.907318186123604,2.159261687017042,0.7177033492822974,4.126716789012551,29.76016784903248,10.828964071752608,56.10656934807425,295.76198968200856,114.17388145463221,568.1298864423226,CIP
WSM,cip+cro,0.7,0.125,0.05,605.4031018651201,603.6819925658007,608.1436713780448,605.8973419611516,604.0320809032986,608.8124557734981,884.4081437894383,717.364300059712,1142.9956930965473,932.9281478528491,754.0788483493636,1200.7498728344447,167.1,167.1,167.1,435.39,435.39,435.39,0.17018538944438846,0.0636983076934107,0.2941776581809165,0.6373430819194085,0.5288087511328995,0.7200231958762888,4.706408263840636,2.790374677002584,6.853040708669258,0.574856515628465,0,1.9162660518053394,2.276097486867648,0,7.5872991365777045,0.12475854961688775,0,0.5159427444835796,26.267810375977607,9.365910872494858,51.910959789191594,271.3877036748455,104.0808976975858,531.4764618971261,167.1,167.1,167.1,435.39,435.39,435.39,0,0,0,1.063800633758236,0.9001988561553654,1.11,0,0,0,5.514413275141508,1.7542532947155345,10.3241237113402,21.83386959331472,6.945822839054219,40.87752577319587,2.202593575308159,0.7006923209440549,4.123711340206188,28.99012016715333,11.466105315206153,55.80029869221548,295.30420042422764,113.69645893192545,571.4225172554586,CIP+CRO
WSM,cip+cro+nda,0.7,0.125,0.05,605.3625331225177,603.6517143777668,607.9637426773654,605.8761394314892,604.0229581117926,608.5206016222319,879.9559505903222,716.160967459694,1121.6854146913843,930.3110052632766,752.978028781765,1178.8055023168638,167.1,167.1,167.1,435.39,435.39,435.39,0.1719372179916097,0.06878785642109227,0.2953649667531748,0.63682166621122,0.5110174017401741,0.7198776150627615,4.422249278119602,2.5204831932773097,6.632713511945063,0.3394942917637495,0,1.346203400174369,1.3441999582184434,0,5.330182563208362,0.3662532710970329,0,1.0001387499999999,25.75926774469471,9.142357826311219,50.571958868740424,268.3064336660313,105.10964946940965,511.0061775081911,167.1,167.1,167.1,435.39,435.39,435.39,0,0,0,1.0636169984282777,0.8899756944444445,1.11,0,0,0,5.509539439458275,1.6824026499922702,10.485246721401202,21.814572038449427,6.661336071594248,41.51547918992885,2.2006468443274785,0.6719933895160037,4.1880678708264885,28.652519041868775,10.805736373650229,54.710047618576084,292.72107551524994,113.59377800147904,547.2954090778198,CIP+CRO+NDA
WSM,cip,0.7,0.15,0,605.8712954809112,603.9764930267598,608.8305515158142,606.0674358011509,604.1547222130348,609.026508431698,929.0432845500274,747.697122739546,1194.733010312775,948.0017828881536,765.3321213857548,1217.2742220545904,167.1,167.1,167.1,435.39,435.39,435.39,0.1709563816693811,0.06644316815798723,0.3031432851755997,0.7445350214690496,0.6147567961165049,0.829935801581596,0,0,0,4.971148250656701,1.3384693432928714,9.4356783919598,19.682856038947815,5.2995601957954825,37.35979899497487,1.8773451084954669,0.5127551020408171,3.64108148246664,28.822979418743724,11.691141981990677,53.11643569971361,295.06769867695755,116.55648049441092,564.7357847950369,167.1,167.1,167.1,435.39,435.39,435.39,0,0,0,1.0677880249399279,0.9039780440265995,1.11,0,0,0,6.658394168229398,2.145336658595643,11.921904761904752,26.36336863349751,8.49428552058111,47.20380952380955,2.6595279470480095,0.856900726392252,4.761904761904764,30.273879356041157,12.281032579000811,54.712868475200814,303.3709960791524,118.08819868313469,578.7514931199427,CIP
WSM,cip+cro,0.7,0.15,0,605.37543986443,603.6774076951586,607.9052426491326,606.0075342004219,604.0984073323435,608.721325796849,881.1111018638952,717.0430788720847,1119.1196543946132,943.0389976003634,764.5025723723985,1193.8306349938118,167.1,167.1,167.1,435.39,435.39,435.39,0.17141896035933038,0.06668959770560423,0.29379314449933325,0.620616350983494,0.5021395369705671,0.7043220701831826,5.547187567682777,3.5372321513226495,7.907322127561596,0.34661643207504317,0,1.4069164325842682,1.3723994918810856,0,5.570570863125635,0.03791092246171211,0,0.26737967914438554,26.655808080234653,9.926109098642156,51.10702305786241,268.34601506699846,105.617311539168,505.0514946646091,167.1,167.1,167.1,435.39,435.39,435.39,0,0,0,1.0654357524333045,0.9059587242479932,1.11,0,0,0,6.751501758491385,2.0184952814001393,12.274475204431546,26.73202054304737,7.992067433081671,48.599783434449996,2.696717430296926,0.8062371310912841,4.902730150356103,30.272157450759764,12.312196130355375,55.79285257891967,297.8452349349188,117.13339421921644,561.3511013330495,CIP+CRO
WSM,cip+cro+nda,0.7,0.15,0,605.4064014182437,603.7033805865216,607.9920999375595,606.0281750282799,604.156862148629,608.7815679959575,884.5887733274648,719.7396730332786,1126.7362097494783,945.588664690203,766.701316331992,1205.493166165981,167.1,167.1,167.1,435.39,435.39,435.39,0.16884551701446537,0.06443056904882054,0.2932124355863414,0.6214620711298144,0.48131098885903933,0.7090198307394393,5.456960868463141,3.1704107830551984,7.7468808283490915,0.33585056037722255,0,1.3544313453117895,1.329772900985513,0,5.362760440887803,0.14849782418036964,0,0.5322948075834754,26.554261692699036,10.252194036108449,52.47530773629996,271.8364781129236,106.33561977325435,515.339915121968,167.1,167.1,167.1,435.39,435.39,435.39,0,0,0,1.0631586300780749,0.84749948489011,1.11,0,0,0,6.461075606638254,2.0159731182795664,11.988541008922441,25.58210188268241,7.982081133919839,47.467650308853784,2.5807140144744585,0.8052297165200387,4.788520933424844,30.108477747517544,11.898526065256187,57.2550174713391,301.96336575281003,117.68363319903324,564.4477905947035,CIP+CRO+NDA
WSM,cip,0.7,0.15,0.05,605.903712622698,603.9957762949621,608.8108028081855,606.1000829645448,604.1176005497025,609.054614892256,933.702168959846,749.0974746670894,1197.568024471912,952.7142882248033,763.4653058559513,1229.2804657302554,167.1,167.1,167.1,435.39,435.39,435.39,0.170374063139373,0.06269134541302916,0.29388604795791073,0.7479123197864258,0.6235718200958328,0.8363820214669052,0,0,0,4.873967285179735,1.3382950464396275,9.85248648741105,19.298075932469114,5.29887008162116,39.010116652983,1.842022318685659,0.4950037551316114,3.7430494637365945,28.863238010057753,11.14409256399735,55.250006474853066,300.1573703169659,111.7886626566302,563.3197922365412,167.1,167.1,167.1,435.39,435.39,435.39,0,0,0,1.0681246658826933,0.9028634370015949,1.11,0,0,0,6.520948683033184,2.224932041116007,12.149488932164875,25.81916444526735,8.809436945668116,48.10491048360921,2.604628807730142,0.8886930983847301,4.852807530022718,30.349440372552277,11.637415519973864,57.396024853946564,308.69283946032084,115.4930530901815,580.8507657095205,CIP
WSM,cip+cro,0.7,0.15,0.05,605.4589879559506,603.6653550151493,608.2282936229897,606.054431287251,604.0947242355935,609.0673213838544,890.0548523108778,718.6873841620844,1156.5199303774525,948.5792124014931,762.7179720032091,1226.0772317912708,167.1,167.1,167.1,435.39,435.39,435.39,0.16684830792819216,0.06084720872743772,0.2916099941190387,0.6232234297058382,0.5031230829139708,0.7147530085427759,5.558950122428057,3.333333333333333,7.895108534046983,0.5571923130587545,0,1.9661780104712026,2.2061575175302846,0,7.784921465968582,0.1266633729626887,0,0.520901505235602,26.306190977784468,10.536655740882503,51.74796423379476,275.9775895635399,104.00360568929018,538.3985267582483,167.1,167.1,167.1,435.39,435.39,435.39,0,0,0,1.0654248918471352,0.888,1.11,0,0,0,6.377016394733029,1.8776999999999981,11.809762002096432,25.249276289227335,7.434600000000002,46.7597894129979,2.547138678196608,0.75,4.7171121593291385,29.698990044776135,12.196295979606978,55.481674928369344,305.39775832699786,113.33963692795237,594.7917342480791,CIP+CRO
WSM,cip+cro+nda,0.7,0.15,0.05,605.406032189578,603.7494236653948,607.9613693319561,606.0359351176586,604.2358563358616,608.8317818099125,884.1361177268769,727.70946204264,1136.0505398874811,945.8100508024414,773.2639905973087,1210.3869155280338,167.1,167.1,167.1,435.39,435.39,435.39,0.16766385749514262,0.06410124963546567,0.2938234302738609,0.6208510716085447,0.517134054856607,0.7049773289948363,5.2438631013868,3.0373831775700944,7.426954680004083,0.33373293653938096,0,1.3684653563988756,1.321388342118379,0,5.418326963137395,0.41755543346460833,0,1.1625462962962956,26.65537816067548,10.224608521786454,51.15903323673032,271.4002625759264,112.99066848819156,522.7250892547378,167.1,167.1,167.1,435.39,435.39,435.39,0,0,0,1.067944133307371,0.9123705890639308,1.11,0,0,0,6.541220338415912,1.9060537225042313,11.922582142857143,25.89942841134736,7.546864251653597,47.20649155844157,2.612725810199677,0.7613251807414245,4.762175324675326,30.10190582678173,12.037879319274392,55.312910018884864,301.92368335655317,125.78301949388323,579.3009591992256,CIP+CRO+NDA
