group,panel,cip_res,cro_res,nda_res,cost_with_test_mean,cost_with_test_lower,cost_with_test_upper,cost_without_test_mean,cost_without_test_lower,cost_without_test_upper,cost_with_test_mean_ng,cost_with_test_lower_ng,cost_with_test_upper_ng,cost_without_test_mean_ng,cost_without_test_lower_ng,cost_without_test_upper_ng,cost_with_test_ng_init_visit_mean,cost_with_test_ng_init_visit_lower,cost_with_test_ng_init_visit_upper,cost_with_test_ng_init_diag_mean,cost_with_test_ng_init_diag_lower,cost_with_test_ng_init_diag_upper,cost_with_test_ng_cip_mean,cost_with_test_ng_cip_lower,cost_with_test_ng_cip_upper,cost_with_test_ng_cro_mean,cost_with_test_ng_cro_lower,cost_with_test_ng_cro_upper,cost_with_test_ng_nda_mean,cost_with_test_ng_nda_lower,cost_with_test_ng_nda_upper,cost_with_test_ng_follow_visit_mean,cost_with_test_ng_follow_visit_lower,cost_with_test_ng_follow_visit_upper,cost_with_test_ng_follow_diag_mean,cost_with_test_ng_follow_diag_lower,cost_with_test_ng_follow_diag_upper,cost_with_test_ng_follow_drugs_mean,cost_with_test_ng_follow_drugs_lower,cost_with_test_ng_follow_drugs_upper,cost_with_test_ng_partner_total_mean,cost_with_test_ng_partner_total_lower,cost_with_test_ng_partner_total_upper,cost_with_test_ng_complications_mean,cost_with_test_ng_complications_lower,cost_with_test_ng_complications_upper,cost_without_test_ng_init_visit_mean,cost_without_test_ng_init_visit_lower,cost_without_test_ng_init_visit_upper,cost_without_test_ng_init_diag_mean,cost_without_test_ng_init_diag_lower,cost_without_test_ng_init_diag_upper,cost_without_test_ng_cip_mean,cost_without_test_ng_cip_lower,cost_without_test_ng_cip_upper,cost_without_test_ng_cro_mean,cost_without_test_ng_cro_lower,cost_without_test_ng_cro_upper,cost_without_test_ng_nda_mean,cost_without_test_ng_nda_lower,cost_without_test_ng_nda_upper,cost_without_test_ng_follow_visit_mean,cost_without_test_ng_follow_visit_lower,cost_without_test_ng_follow_visit_upper,cost_without_test_ng_follow_diag_mean,cost_without_test_ng_follow_diag_lower,cost_without_test_ng_follow_diag_upper,cost_without_test_ng_follow_drugs_mean,cost_without_test_ng_follow_drugs_lower,cost_without_test_ng_follow_drugs_upper,cost_without_test_ng_partner_total_mean,cost_without_test_ng_partner_total_lower,cost_without_test_ng_partner_total_upper,cost_without_test_ng_complications_mean,cost_without_test_ng_complications_lower,cost_without_test_ng_complications_upper,strategy
MSM,cip,0.1,0,0,303.28847872502786,301.5601756262463,305.6970125538645,303.2985407334131,301.55194958661934,305.73924710094775,360.02196722585666,321.44112694420335,414.0488049156772,360.26564270709486,321.3633655360392,413.30128640643676,167.1,167.1,167.1,133.49,133.49,133.49,0.5016194612510055,0.19137679026406512,0.7864159473249708,0.12136128401523882,0.0994284101451216,0.14366601039214083,0,0,0,0.07099336139419794,0,0.2867894361423746,0.08780877252487364,0,0.3547180731580433,6.295145482310268e-4,0,0.0025430282322898173,54.084431327394555,18.291638771865916,103.320249803233,58.41321520582696,19.767248647702562,112.62768223440932,167.1,167.1,167.1,133.49,133.49,133.49,0,0,0,1.042888843536108,0.9797162301058346,1.08856391775502,0,0,0,0,0,0,0,0,0,0,0,0,54.12173250458607,18.398676579055085,102.72377993602227,58.32527845382372,19.389688189890126,111.32722710007997,CIP
MSM,cip+cro,0.1,0,0,303.3094675276377,301.48485238356756,305.7387868577504,303.31333587354635,301.5026368121726,305.7893260350738,360.37220465211976,320.6477682983105,413.99407512691437,360.533139161591,320.72679023179114,414.31510739125986,167.1,167.1,167.1,133.49,133.49,133.49,0.4891434859393425,0.18805865433848146,0.7924765233801242,0.11955814562993232,0.09804531239976912,0.14154628768245964,0.11500184471418107,0,0.2860411899313476,0.06827570899884891,0,0.2832126696832594,0.0844474199096644,0,0.35029411764706103,6.054164961553157e-4,0,0.0025113122171945717,54.4593553730318,17.52412291189264,104.14841951068001,58.63353774868107,19.025972772179358,111.89900152207977,167.1,167.1,167.1,133.49,133.49,133.49,0,0,0,1.044677544845813,0.9865307329351409,1.0890134901271518,0,0,0,0,0,0,0,0,0,0,0,0,54.486710779773034,17.7396455509655,103.07296980189363,58.58658091394604,18.66552537433653,112.34002634416704,CIP+CRO
MSM,cip+cro+nda,0.1,0,0,303.2716510809875,301.5858372478098,305.5604084523802,303.27621979957974,301.57704361198853,305.51510972399944,359.680189744943,322.3197494435787,408.21326240776335,359.70962629653735,322.4299765094894,407.0339697525718,167.1,167.1,167.1,133.49,133.49,133.49,0.48384137388197423,0.1884370086570225,0.7803754965853563,0.1199057442196413,0.09688709508915408,0.14397941911644846,0.10766084353081262,0,0.2768779992617213,0.0703014706608672,0,0.28548951685942314,0.08695300129750824,0,0.35311025639355076,0.0027927523141758935,0,0.05507227363312161,53.78025205078371,19.20190865325366,99.05915566444006,57.9524368538757,20.86382049254661,106.37883493739345,167.1,167.1,167.1,133.49,133.49,133.49,0,0,0,1.0454254565779046,0.98576447820417,1.0864390270018625,0,0,0,0,0,0,0,0,0,0,0,0,53.69830459201329,18.81485651015759,97.11423893489473,57.75379275690406,20.48511305986187,105.279288983341,CIP+CRO+NDA
MSM,cip,0.1,0.025,0,303.3524435478544,301.60475317272915,305.687967726814,303.64973387069216,301.8520599543248,306.0171723849852,361.42110534248883,323.24830115497,412.8336907469627,367.9926828369473,327.90326128094875,421.0271002532756,167.1,167.1,167.1,133.49,133.49,133.49,0.4789406044385458,0.1904994945956258,0.7918380589805938,0.12199788500640327,0.1004370326600774,0.14514926001466175,0,0,0,0.284807709082756,0,0.7145181311154571,0.352266956361105,0,0.8837581262230969,0.0861425494616828,0,0.2697279809546897,54.82564549550239,19.011591520667835,102.27812846060742,59.07553633039405,20.082191760596192,111.6056985164711,167.1,167.1,167.1,133.49,133.49,133.49,0,0,0,1.0434557803366324,0.9839774196239849,1.084382906812276,0,0,0,1.7721333733174789,0.6832597266223297,2.9771851776950906,2.191878975800809,0.845095889702311,3.6823580529040703,0.7078340682686846,0.27291089895443943,1.1891616782613383,56.44311210018723,20.247954658909368,105.28760335559102,59.79098798006825,20.45654928335717,111.68777904433688,CIP
MSM,cip+cro,0.1,0.025,0,303.33904813058456,301.6123015922923,305.8403185212838,303.66339369422286,301.83254626984876,306.1452692986467,361.1743655754805,322.691052344004,415.298363464847,368.2958980828641,328.49618237257994,421.28367426603603,167.1,167.1,167.1,133.49,133.49,133.49,0.4883068345077275,0.192006566843422,0.7854110372489658,0.11626005965530635,0.09319629318152416,0.13891187772154884,0.2452316947494143,0.05399568034557237,0.5000278396436525,0.081509791684778607,0,0.2942472886058175,0.10081611316947027,0,0.363942384524993,0.0017432321668777822,0,0.0037332886035240107,54.94115004738873,19.324421565909294,104.76066017923516,59.23336690136722,20.59224488290369,113.33356457004352,167.1,167.1,167.1,133.49,133.49,133.49,0,0,0,1.0435816455268148,0.9758787803231975,1.086260469292538,0,0,0,1.7795900263039954,0.6456678201150777,3.089206008583694,2.20110180358402,0.798600004700571,3.8209120171673825,0.7108124406071239,0.25789575815428856,1.2339055793991436,56.686992089632525,20.962203938069656,104.65143201736888,60.083752966979475,20.78493478394523,113.1896886642945,CIP+CRO
MSM,cip+cro+nda,0.1,0.025,0,303.3859438364303,301.50748721969796,305.91632507789024,303.70642049683323,301.76662958249744,306.20284820653455,362.09100365367806,321.0132328301709,416.924807844406,369.18012527661347,327.1325325461908,423.5398648402784,167.1,167.1,167.1,133.49,133.49,133.49,0.4835873669836334,0.19064349082140267,0.7904969739587658,0.11710991581436588,0.0942058795497981,0.13920841674011444,0.24419032572703173,0.054288816503800935,0.4924500413001574,0.07790879029792963,0,0.2871265923231059,0.09636218247186816,0,0.35513508778867364,0.006777119343523195,0,0.05723832352150882,55.89502948902433,17.561339101822384,106.83311250174292,60.161876725313,19.188776360203896,114.83144920097928,167.1,167.1,167.1,133.49,133.49,133.49,0,0,0,1.044682077970706,0.9774269018072461,1.0860381318937693,0,0,0,1.8044482329053664,0.6961986806328013,3.146075045732665,2.231847898232448,0.8610995504263997,3.8912509932160955,0.7207414255094128,0.27807903843777004,1.2566204847949636,57.561733991800416,18.75381004435874,107.56406464498608,60.9227664084876,19.036531620654973,116.6850390503751,CIP+CRO+NDA
MSM,cip,0.1,0.05,0,303.37724166448925,301.6184355564392,305.92767416367235,303.9704293253814,302.14300147535886,306.564756314807,361.9697703543764,323.02881225430275,415.3649319699097,374.9742993126192,334.6577543931767,432.1088531248135,167.1,167.1,167.1,133.49,133.49,133.49,0.4798746051249485,0.19191144553723735,0.7818168966445151,0.1223178842814055,0.0992168116108967,0.14693474520300323,0,0,0,0.502239137964161,0,1.1329148992930496,0.6211989593464695,0,1.401255902360946,0.1764519551109918,0,0.3968568594104323,54.76888461273238,18.70691000466291,106.2421620720182,58.87071612416193,19.763594415899842,112.6909448510653,167.1,167.1,167.1,133.49,133.49,133.49,0,0,0,1.0437166991224658,0.9837025049157702,1.086359083701996,0,0,0,3.613714396777151,1.80409639278286,5.583490020274316,4.469654897371835,2.231412721637407,6.905989453898963,1.443407252267595,0.7206008918289133,2.230184542368719,57.92990227480945,21.79356880242782,109.35768735568679,60.37235930620814,20.439901193279468,117.38812498427846,CIP
MSM,cip+cro,0.1,0.05,0,303.3022713458003,301.5215430055789,305.78503701169694,303.94652120136686,302.08445839366755,306.52196350986037,360.4524538572556,320.7870782857164,415.6391762258738,374.57114971452177,333.64506778299716,432.9878848809979,167.1,167.1,167.1,133.49,133.49,133.49,0.4907753382017049,0.18910977470677715,0.7928214032716464,0.11323464822663615,0.09108163131549701,0.13670980320104512,0.37897355519405673,0.11109271523178797,0.712758458646615,0.07819152058097135,0,0.3904354715594243,0.09671187994529322,0,0.482913596912814,0.0037727590638219196,0,0.05629057724398899,54.17113585617079,17.860544371445844,104.13079534023042,58.35142580647583,19.04434225276981,114.00980910882777,167.1,167.1,167.1,133.49,133.49,133.49,0,0,0,1.042327206238759,0.9841050423812828,1.0877505567928731,0,0,0,3.558814585925329,1.6360742296918767,5.6276096491227925,4.401751576440475,2.0235930099312442,6.960559210526315,1.4214789047472953,0.653488668194552,2.247807017543858,57.6428995848379,21.314511365889132,107.366189498815,60.13290632171964,19.447401905957225,116.17917698113034,CIP+CRO
MSM,cip+cro+nda,0.1,0.05,0,303.3206748492939,301.5766897957444,305.76787771423056,303.9735803909317,302.1469757938101,306.43225081436805,360.78175164422834,322.72178960761295,413.6643495951202,375.0360750021618,335.35193714218843,428.50166074132653,167.1,167.1,167.1,133.49,133.49,133.49,0.4786134544175494,0.18657656054002658,0.7819583504706101,0.11343234126876571,0.09176852245356065,0.13669580827545075,0.3682106522442651,0.11061032188192214,0.6463174811640287,0.07684356842245794,0,0.2894335260115609,0.09504465329005574,0,0.3579884393063597,0.012018486801795106,0,0.05862181918488336,54.46407972546541,18.840450712189853,103.98412775742591,58.6926055219441,20.157784303956678,111.93201232119769,167.1,167.1,167.1,133.49,133.49,133.49,0,0,0,1.0425507511278171,0.9848175427219878,1.083515533002789,0,0,0,3.5630568658028126,1.6634755902155052,5.516456006921237,4.406998678161444,2.057484627201366,6.823077836328596,1.4231733766587364,0.664433451915443,2.2034094930984285,58.04382469587426,22.84670832106874,105.1757544884104,60.512384550380155,20.66659992777834,115.6564601446241,CIP+CRO+NDA
MSM,cip,0.1,0.075,0,303.498660353453,301.68423354237524,306.10900803395924,304.37654502236677,302.4174521651963,306.9577068034096,364.83773826070654,325.1957599191001,419.830826494885,383.88135968103455,341.4158376911165,439.6700627357643,167.1,167.1,167.1,133.49,133.49,133.49,0.4929239783688331,0.19199366788447728,0.7891534198874037,0.12236083063994557,0.0983183289202707,0.14516077827547594,0,0,0,0.7134881174536128,0.13473619645010293,1.4683512781701222,0.8824841446344694,0.16664966685068922,1.8161433807243919,0.25695231580061456,0.053517264887869113,0.5366310324721935,56.804471514947025,20.662098639610814,106.62786751635815,60.972971814248105,21.06565930436773,116.39354523917063,167.1,167.1,167.1,133.49,133.49,133.49,0,0,0,1.0427400661995834,0.9829611719636778,1.0850965526905831,0,0,0,5.3134724426491955,2.7874566142198307,7.816887735231556,6.572015803605808,3.4476905861931373,9.668387346588117,2.122332817802043,1.1133793793816245,3.122259041073474,61.42666553085297,24.63553246840859,110.68907717692444,63.32171652079132,22.159968354099558,118.37583426368211,CIP
MSM,cip+cro,0.1,0.075,0,303.37152929596783,301.554963515278,305.6913911575106,304.34839588214714,302.3518587407966,306.8838018778533,361.90644494908247,321.6459012719191,413.95091304184166,383.2605557647208,339.57469540322086,437.23702454972374,167.1,167.1,167.1,133.49,133.49,133.49,0.4858040037276058,0.19254313864094727,0.7871094388073676,0.11078463136413974,0.0893096514242878,0.13208906203399948,0.5162932664666093,0.21504798863518215,0.8701281162471183,0.08121543673146518,0,0.28811788065933924,0.10045203761889099,0,0.356361171612758,0.004812224232452278,0,0.056307413808516074,55.392288211528786,18.415917564980795,101.50279972980385,59.62136448606221,19.48333256497717,111.6983643463818,167.1,167.1,167.1,133.49,133.49,133.49,0,0,0,1.0435063409840564,0.9815846710526319,1.084743986148022,0,0,0,5.422761977543825,2.8253372070339684,8.240827381395691,6.707191540047216,3.494543535429535,10.192740880823575,2.1659857715065605,1.1285098286603163,3.29159106142982,60.64995665979553,23.337816469237122,107.60219936307067,62.34024245854151,20.503822721379773,115.85672469757876,CIP+CRO
MSM,cip+cro+nda,0.1,0.075,0,303.33805137292796,301.5329159447893,305.8209386931387,304.303944629567,302.4659946337257,306.8957859102016,361.09543396514914,321.40205628229074,415.996896376008,382.3733428141273,340.90292314462334,439.1368114290388,167.1,167.1,167.1,133.49,133.49,133.49,0.4950883891703912,0.19345172062238547,0.7881707109515023,0.11110019208898378,0.08895033860045153,0.13121596413480363,0.49591258774433306,0.21321393943109712,0.8233391320957271,0.07827527916381125,0,0.37619688399739915,0.09681547749586919,0,0.4653024728336585,0.01551219707051261,0,0.10711275300974726,54.66923478439013,17.744076055617413,105.6835831458921,58.81438256634482,19.22561127736477,113.2009352329561,167.1,167.1,167.1,133.49,133.49,133.49,0,0,0,1.0435852341895184,0.9865220387334783,1.0876590148953331,0,0,0,5.450334816585774,2.8741271827138832,8.192532376516938,6.741295252052847,3.554889852209539,10.13300677309571,2.176999048005182,1.1479977563164585,3.2723008374009317,59.858012738942165,23.647815789266996,109.26852341052809,61.29279553370612,20.16812016039934,115.81219479826746,CIP+CRO+NDA
MSM,cip,0.1,0.1,0,303.4213379230772,301.6652930913305,305.6536604867402,304.5950887492076,302.6234740131527,307.087129948722,363.0268630414456,324.05539530823705,413.8125515768758,388.7585441105405,345.79838867016076,443.10061585911717,167.1,167.1,167.1,133.49,133.49,133.49,0.47848171635920106,0.18997085082437473,0.7857698868820218,0.12233696808298966,0.09850552471721824,0.14761975005520747,0,0,0,0.921364794779715,0.2712094008013598,1.8468180918540695,1.1395982679001702,0.33544776742350535,2.2842534363457823,0.3436727409926835,0.10671908952073453,0.7035755352568311,54.69551787953458,19.47163409487244,102.7838485103069,58.436956062419036,19.76119160038003,109.18436164911344,167.1,167.1,167.1,133.49,133.49,133.49,0,0,0,1.0448591046853846,0.9892426339535878,1.085632509080329,0,0,0,7.206870001016599,3.786800636094241,10.56559773635732,8.913881468744208,4.68373815694577,13.068153838634,2.8786028123568452,1.5125421936787977,4.220162061174835,61.011098844270826,24.787718510534724,107.98855907022062,61.390631314034046,20.879535386666095,115.31083246481553,CIP
MSM,cip+cro,0.1,0.1,0,303.3063066454317,301.5009262605375,305.659931193127,304.6060371415597,302.64222064573283,307.2248710176003,360.3982435808857,320.5056503753549,412.85517395127977,388.97547835873644,345.7440850253746,445.32703724936056,167.1,167.1,167.1,133.49,133.49,133.49,0.48100125366139407,0.19498612012849958,0.782638782834982,0.10754002848711727,0.08603312991014245,0.12913081962577172,0.6486566920166583,0.2889266107107976,1.0360387980966945,0.08282523500623193,0,0.28977691273979683,0.10244313097950872,0,0.35841316024526815,0.006935833075949622,0,0.05749204979608771,53.91337078314888,17.372318708633497,102.69958880299326,57.93392054797168,18.10421775200246,110.63215697098553,167.1,167.1,167.1,133.49,133.49,133.49,0,0,0,1.0438630263629987,0.9836624101603297,1.0864882943143814,0,0,0,7.280872799734084,4.020556093175217,10.733771577708886,9.005412490676052,4.972860679871538,13.276161154950197,2.9081613675243982,1.605909926975244,4.2873348688723745,60.97009249019006,24.616442325384785,110.37412360292954,61.39418984428824,18.88599591318422,118.77342679079864,CIP+CRO
MSM,cip+cro+nda,0.1,0.1,0,303.3413216070993,301.6211236266359,305.6789421029037,304.6142370738708,302.6979657536687,307.0744580150407,361.09818143395535,323.64448440941277,412.37135487768734,389.03709414388453,347.5996542081034,444.27041892728573,167.1,167.1,167.1,133.49,133.49,133.49,0.47447649595266206,0.18973881495858622,0.7849782651146415,0.10750001747610315,0.08607180059523807,0.1321522649037709,0.6350296736179947,0.28310971201156737,1.0271105704402883,0.08137560602801439,0,0.29389313151637114,0.10065014444254256,0,0.3635043421687138,0.018356510217663723,0,0.11086626434239091,54.560826171936185,19.826992046514324,102.4078954480154,58.6641347206462,20.97296724448636,110.35534446666578,167.1,167.1,167.1,133.49,133.49,133.49,0,0,0,1.043109520533569,0.9821159442826409,1.086647542292619,0,0,0,7.16925180194635,3.697119923074714,10.504444891443171,8.867353063551313,4.5728157668130605,12.992516396725877,2.863577169654238,1.4767214902838774,4.195736096598164,61.23933366483161,25.560638804960842,109.35234566781443,62.03987181571506,21.952528753589576,116.0970598323738,CIP+CRO+NDA
MSM,cip,0.1,0.125,0,303.57578906176326,301.68338127841173,306.09888152250954,305.0567327927812,302.9469615774802,307.63121406601886,366.33369107978024,325.14859931973785,420.57545924607194,399.0440720758591,352.57386200664376,453.04284298498203,167.1,167.1,167.1,133.49,133.49,133.49,0.48398485919635137,0.18690508755530458,0.7929476798793277,0.12178557419241211,0.09978232615102006,0.14527358417349143,0,0,0,1.0977477725799973,0.3961288048045243,2.0029947124856804,1.3577591278843346,0.48995544693948484,2.477421883161512,0.41586133936604464,0.11259152368010952,0.7522948094194217,57.118555502264975,19.56995617369381,106.98659340203459,61.13204753711612,19.89183920158666,115.27667208966496,167.1,167.1,167.1,133.49,133.49,133.49,0,0,0,1.0431994625364167,0.9781160114595832,1.0872048874598073,0,0,0,9.12586621173423,4.939369969166402,12.960679045298605,11.287409055462621,6.109303821105883,16.0305315272693,3.645097544230001,1.9729070015842816,5.176817001637073,65.13857491689666,27.343444362744503,114.50629188272052,64.9596271325064,20.792238527502228,121.34127231636097,CIP
MSM,cip+cro,0.1,0.125,0,303.3500374763924,301.6670144039752,305.709132019063,304.9791918928761,303.1524463202708,307.3722118258116,361.42412144273123,323.872067310565,413.31994504457134,397.11348510220444,356.4850803257684,450.8445752109417,167.1,167.1,167.1,133.49,133.49,133.49,0.4776887596155018,0.18825420824579447,0.7837804802534397,0.10529845099891125,0.08403078302888313,0.12658078154212243,0.7764283717293644,0.39271885521885586,1.2062500000000005,0.07774472092572161,0,0.2878200750319269,0.09615925180483698,0,0.355992828065132,0.00779645412601669,0,0.057537871984469746,54.71321796289498,20.133887981235524,102.4397774959256,58.80780916192677,21.492366254096773,110.64468661733557,167.1,167.1,167.1,133.49,133.49,133.49,0,0,0,1.0432238646406629,0.9837030107954964,1.0855520041632378,0,0,0,9.079094987230333,4.968282380167453,13.119810312281277,11.229559649088293,6.145064394642337,16.22735445478919,3.626415955915614,1.9844553363825894,5.240377980620423,63.535684357506895,29.232586850889593,110.63683601469386,63.1935610033468,23.19495201582923,116.96175090978085,CIP+CRO
MSM,cip+cro+nda,0.1,0.125,0,303.2928045015347,301.5828039711103,305.77773029067026,304.8734267794205,302.9627206421132,307.58541234767017,360.02456806043335,321.9388261727346,415.1996088419155,394.9464430542754,352.6277067800207,454.27195249097525,167.1,167.1,167.1,133.49,133.49,133.49,0.48665488785180977,0.19006430284752662,0.7877816852850924,0.10461251065438527,0.08249161010754932,0.12498545621555418,0.7620790638770637,0.38587691668811763,1.1879146995023613,0.08417060122276383,0,0.3957322481359458,0.10410715918933168,0,0.4894649622854161,0.0244111413927492,0,0.11363959561485125,53.408951810695775,18.362911705448326,104.05810547720634,57.38518638731846,19.248101302910246,112.8758759935087,167.1,167.1,167.1,133.49,133.49,133.49,0,0,0,1.04326407685335,0.9859527856693423,1.0863393457131651,0,0,0,9.007510585460572,4.830600344887798,12.773909346517021,11.141019843000961,5.97477114074915,15.799523758757235,3.59782336853354,1.9294617130882736,5.102216546779444,61.82095696027363,25.308658352710065,112.14741181622125,61.4801518583007,20.13981573601825,119.49473034831988,CIP+CRO+NDA
MSM,cip,0.1,0.15,0,303.5008792167709,301.67017360320835,306.0065905962126,305.20862305244447,303.1736917235095,307.7591404118408,364.65208073257696,324.605619548184,418.8132757212364,402.3401910242398,357.24249258281316,458.844723940098,167.1,167.1,167.1,133.49,133.49,133.49,0.5051860727231196,0.19310852283217197,0.78653722287122,0.12219347918405518,0.10111971663507749,0.14437843790541344,0,0,0,1.3026483764245367,0.43489799539122104,2.37248536975932,1.611192268108412,0.5379074662599677,2.9344296996312074,0.4963631591333949,0.16776190547289724,0.912073881054567,55.14737959188547,18.073185826840014,105.2171571719132,58.714288801868655,18.457947759070716,112.71277687332837,167.1,167.1,167.1,133.49,133.49,133.49,0,0,0,1.0448359766723732,0.9843623309547317,1.086746913975056,0,0,0,10.580586805049261,5.662078229744835,15.383206508442505,13.086693201995343,7.003191982037004,19.026856236636483,4.2261490673627025,2.2615746244387434,6.144434617527756,64.2442732702701,27.42412109152526,112.58884581400866,63.258169098044775,19.812230806234602,120.6568861180493,CIP
MSM,cip+cro,0.1,0.15,0,303.338554070722,301.51737046295085,305.77572318431487,305.24404502372056,303.2170852999034,307.7049421488016,361.07026449678665,320.7213466424939,413.3715662586358,403.24381947195485,358.4589702037288,459.02066858319404,167.1,167.1,167.1,133.49,133.49,133.49,0.47989981469667914,0.1902053480079092,0.786575245690971,0.10194304233664343,0.08167174608324831,0.12496745696732532,0.8984833886077372,0.5033416444827739,1.317415546557529,0.08040203430693092,0,0.38641801817345084,0.09944597357199345,0,0.47794457384403144,0.009141462546142471,0,0.05794594741897581,54.18177835585735,17.313539134574974,102.95207504587414,58.31111308501481,17.467336919526396,110.77665503102929,167.1,167.1,167.1,133.49,133.49,133.49,0,0,0,1.0426375444314473,0.9815880635439302,1.0848610363678164,0,0,0,10.796411153226973,6.196375087156599,15.429615204565641,13.353637472872123,7.66404181773811,19.084257246548106,4.312354670565175,2.474986054943523,6.162971403005923,64.48400917064274,27.830078811668518,111.66719949251589,63.353034304946846,19.711950699937134,117.37396386726925,CIP+CRO
MSM,cip+cro+nda,0.1,0.15,0,303.35712677735717,301.6659244947398,305.76317512637235,305.26308996677426,303.18068335464466,307.8693382118697,361.4598552362836,323.9797565778263,413.51711442420014,403.6229877252304,358.34058727568123,459.42738840178345,167.1,167.1,167.1,133.49,133.49,133.49,0.49084242464721817,0.19527312598011085,0.7778908667794608,0.10240152837215301,0.08245344733656179,0.12428223640107237,0.8954092683129966,0.47668230427764197,1.3444796868673232,0.08341704258495786,0,0.2945585432852387,0.10317511346404404,0,0.3643273626526089,0.02784483204549866,0,0.11587677964907955,54.63812718974844,20.30054763965299,102.03575768143136,58.64609815423034,21.36050314704291,111.13930735376199,167.1,167.1,167.1,133.49,133.49,133.49,0,0,0,1.0440824491981127,0.9837468723242319,1.0864710591603497,0,0,0,10.812774720254247,5.90779962215811,15.404591595115258,13.37387689676438,7.3071146788523595,19.053306571910014,4.318890685514558,2.3597218494001067,6.152976352099079,64.8967882324095,29.258274588779546,112.65979883853505,63.74612311516785,23.623858124410123,121.0362197709179,CIP+CRO+NDA
MSM,cip,0.3,0,0,303.2969301167756,301.5129155459832,305.8524419485291,303.2890433472422,301.5317893635593,305.81972041798554,360.2225049545883,320.8167254815996,416.55060171746607,359.9214583372972,320.8816360517427,417.54372870006364,167.1,167.1,167.1,133.49,133.49,133.49,0.38126859730347323,0.1470260450031748,0.6117567134698783,0.32564400632680224,0.28840458138834524,0.3620868230975126,0,0,0,0.21517536493164824,0,0.6638926605598313,0.26614157015790946,0,0.8211415612276624,0.0019080097066155111,0,0.005886889704596685,53.89695880662124,18.306036688641058,105.27414161471182,58.09371047433458,19.185945358322275,114.92262531991098,167.1,167.1,167.1,133.49,133.49,133.49,0,0,0,1.0432135173943522,0.9797661630149057,1.0845266714882673,0,0,0,0,0,0,0,0,0,0,0,0,53.80325123795586,17.945999472106323,104.57446539974637,57.976903486907,18.973577869973727,115.58496149811378,CIP
MSM,cip+cro,0.3,0,0,303.3417872028993,301.57159395358815,305.7513474636911,303.31214559424046,301.5303541129898,305.8815429642894,361.04776526437854,322.3370664125232,415.1740957948301,360.3997772572942,321.21542721207743,416.1683817776016,167.1,167.1,167.1,133.49,133.49,133.49,0.3771479200767445,0.15045462727444042,0.6144834200900895,0.31749312241643796,0.28378072137194227,0.3534140366851219,0.289693403769237,0.05549389567147672,0.5526249260063119,0.20772783496296837,0,0.5846197384948455,0.2569300262607159,0,0.7230921402073605,0.0018419707366104422,0,0.005183958377770259,54.378413526234155,18.17718731045625,103.88968549344044,58.54213376095372,19.591791870314346,112.90244346657101,167.1,167.1,167.1,133.49,133.49,133.49,0,0,0,1.0440673428447527,0.9809755492544923,1.0862364919104932,0,0,0,0,0,0,0,0,0,0,0,0,54.23246266320379,18.077427835623002,103.56893716618517,58.449644429739564,19.244213021974936,114.39482561717031,CIP+CRO
MSM,cip+cro+nda,0.3,0,0,303.32910315793555,301.52819918132633,305.6281167366466,303.2997245731433,301.52365740153977,305.63478026500735,360.9439669233131,321.27256797930204,411.12956098026564,360.3226047152079,320.83600547776257,410.4911116682502,167.1,167.1,167.1,133.49,133.49,133.49,0.3793108898405929,0.15164921002793685,0.61035428821381,0.3188424548239018,0.2843256306205617,0.35606635273972614,0.28448252379955996,0.05592841163310902,0.5624614003294685,0.22653241947917155,0,0.6459334852226284,0.28018864441572255,0,0.7989285949594126,0.008646267007475155,0,0.0586124918662687,54.365510544219966,18.036361210283044,101.07981386555277,58.40275018616289,19.044251690335123,108.29987509331815,167.1,167.1,167.1,133.49,133.49,133.49,0,0,0,1.0436176294938342,0.9800557885119943,1.08785182544662,0,0,0,0,0,0,0,0,0,0,0,0,54.205619406159805,17.90444034266504,101.7459857653361,58.37642332571212,18.908785207896226,108.53433143422104,CIP+CRO+NDA
MSM,cip,0.3,0.025,0,303.4199191889565,301.6226681918047,306.00474872967135,303.6353330200057,301.84907687840723,306.19496752401744,362.9423326915663,323.4409263176545,419.6268425055871,367.66437147720904,328.16918751940824,423.3458275872748,167.1,167.1,167.1,133.49,133.49,133.49,0.3784766616512373,0.15256141037968926,0.6151859844464931,0.32451616262644745,0.2862054404752321,0.36048175426260154,0,0,0,0.7564494606022001,0.13680874316940034,1.5056511394996073,0.9356212652583374,0.1692131147540978,1.862278047042054,0.22408343049701804,0.05296051455338592,0.45899406530136666,54.91484333983484,18.897840534546848,107.09304967447416,58.894069045581226,19.57871365566949,116.07848242526372,167.1,167.1,167.1,133.49,133.49,133.49,0,0,0,1.0435593379766768,0.983232702373596,1.0855802327220676,0,0,0,1.8110426538955946,0.6999758750530706,3.1367064409794256,2.240004266677224,0.865771407049583,3.879663350829558,0.7233754009808254,0.2795877436703429,1.2528784314504813,56.05499233940258,20.308871176197783,107.45192507193431,59.3963404309269,19.635681883836313,115.70403796317665,CIP
MSM,cip+cro,0.3,0.025,0,303.39050963385444,301.5098143940592,305.9201434007768,303.66163315156115,301.77745008059856,306.1265685181886,362.26462500638604,321.2216961239882,418.7869940657976,368.22748820473225,326.87350014199654,424.56691511478584,167.1,167.1,167.1,133.49,133.49,133.49,0.38257518381738775,0.1519970701942877,0.6146816631224541,0.3102041670514247,0.2751930751118658,0.3440142878221524,0.6470767972555845,0.3310894403609626,1.0237114937625047,0.219511474096393,0,0.5762357613186757,0.2715047254700795,0,0.71272234322552,0.005715060996977983,0,0.057948095275845955,55.19717909543953,17.350022434409357,105.71122630388342,59.28472699453121,18.251047597103966,115.16738511037728,167.1,167.1,167.1,133.49,133.49,133.49,0,0,0,1.043589367700982,0.9860129823628333,1.085598571591168,0,0,0,1.8012227539187144,0.7971778103669297,3.092962616167757,2.2278584357663727,0.9859964880900444,3.825558410778494,0.7194530891191541,0.31841260998838844,1.2354060617381961,56.62007661983844,18.586352528095595,106.64659769602038,59.98473098913066,19.090522480259693,116.15682460848348,CIP+CRO
MSM,cip+cro+nda,0.3,0.025,0,303.35909164549867,301.58621772594734,305.98397559503655,303.6398984258261,301.80835142572187,306.24580027326925,361.5736243285223,322.5288089946902,418.24362943663846,367.632805780768,327.27542870991687,425.7791294397811,167.1,167.1,167.1,133.49,133.49,133.49,0.3754214004182322,0.14848374760716693,0.6139437883091023,0.310045258111772,0.27319588583944027,0.34520401274926443,0.6306472231001724,0.3166826161562837,1.0135420792833414,0.21780230505160592,0,0.6723786141147362,0.26939072448586154,0,0.8316374886034871,0.019351138843007057,0,0.11063832332411294,54.481287100281385,18.55044354291531,106.58949984181125,58.6124683575775,19.285294834447722,114.69738113597595,167.1,167.1,167.1,133.49,133.49,133.49,0,0,0,1.0420146215666732,0.9741212528348021,1.0849835816763276,0,0,0,1.7763461585611442,0.6465455676430601,3.0505272034395166,2.1970895968207538,0.7996856545628274,3.7730717918880075,0.7095167592910784,0.2582463523098967,1.2184563042976166,56.03226890789971,19.496951113165974,109.20148359652495,59.43032870490269,19.323240471611868,116.39074242826084,CIP+CRO+NDA
MSM,cip,0.3,0.05,0,303.5409202804139,301.7473241566223,305.966144609209,303.9785280219383,302.1320959226043,306.58683009795436,365.5169010360863,326.294024206754,421.24412235950325,375.1033120642569,333.9536457437719,430.58823711934036,167.1,167.1,167.1,133.49,133.49,133.49,0.37698760470678644,0.1435743685242954,0.6101411240492166,0.3236068851187719,0.28859355332629366,0.3605241164999009,0,0,0,1.3237656210252076,0.411720184884926,2.418944899425287,1.6373113205251066,0.5092397845161599,2.99189358346395,0.44960675871526484,0.11445701011669351,0.8297143737334223,55.739955254862075,19.648271076477428,105.65834558366542,59.45476004048636,19.737627556094825,115.88952711733626,167.1,167.1,167.1,133.49,133.49,133.49,0,0,0,1.0433144946555153,0.9836304582134721,1.0871420507601846,0,0,0,3.5606985364965325,1.693386035493952,5.6535479717087025,4.404081757515243,2.0944796283394247,6.992641256268246,1.422231401380625,0.6763804263835909,2.2581674275877557,58.136009387013544,21.312697720926593,108.08018309196557,60.577067479629626,20.3935573236619,116.7814532805206,CIP
MSM,cip+cro,0.3,0.05,0,303.34545371794195,301.67710905031566,305.9267618604568,303.92819384530344,302.2526498577805,306.5651292518508,361.24656229411426,324.42684643811276,418.11897054703104,374.09502102293186,337.0773075331917,431.33059615083437,167.1,167.1,167.1,133.49,133.49,133.49,0.3818289176163917,0.15078732491251723,0.6136381880221954,0.3018705336262972,0.2642842779503104,0.3363300592555625,1.0044642706228608,0.5958829902491872,1.4884834316174929,0.2329090516965451,0,0.7025682426218549,0.28807563887343096,0,0.8689778000091184,0.010105891667134157,0,0.05915805409730126,53.88966999467977,19.903804512974734,105.88527091880913,57.75213777674884,20.69745921204264,114.9941054777884,167.1,167.1,167.1,133.49,133.49,133.49,0,0,0,1.0433544898700207,0.9810660586241652,1.086405858507203,0,0,0,3.628680547729041,1.7921666255992055,5.567635166406915,4.4881659147218995,2.2166572826451865,6.88637923641782,1.4493851045410773,0.7158358466205472,2.2238517200858414,57.069459336027805,23.98355517389886,109.00807400190126,59.37379103871764,21.509621224257025,116.78833264903022,CIP+CRO
MSM,cip+cro+nda,0.3,0.05,0,303.3736337395017,301.58115612322405,305.90703185921416,303.9493030325429,302.03346140762733,306.67218734339474,361.9693744714426,322.1491606102601,415.4633474662425,374.5700761851007,333.9476441776279,431.45767147109484,167.1,167.1,167.1,133.49,133.49,133.49,0.37320621434357043,0.1496249145580763,0.6104529234990816,0.3021975424615836,0.26444633620689645,0.3351910989217949,0.9784077112810999,0.553082066200558,1.4478335556723096,0.21778493574698843,0,0.6811035120674288,0.2693692411064566,0,0.8424289564898553,0.03216905026312876,0,0.11764031653042022,54.66801004924564,17.540418190475897,107.51545422795637,58.52941159397599,18.321704470059395,112.87649161408265,167.1,167.1,167.1,133.49,133.49,133.49,0,0,0,1.04507928207382,0.9858326841144248,1.0865222190949364,0,0,0,3.5481940947463726,1.5971485413303097,5.551302119628338,4.3886155271575396,1.9754474249414609,6.866177561767497,1.4172368168822385,0.6379407818063242,2.217327895681553,57.77918259447855,21.558836850449,111.30853713454759,60.06750240188441,18.91002164923127,117.80314820242765,CIP+CRO+NDA
MSM,cip,0.3,0.075,0,303.65803609051017,301.8489487767836,306.18647242980927,304.32456673727353,302.4592390066976,307.04635028493686,368.2326622997024,328.2869077137732,424.76018687399255,382.85049397371563,342.0672845001561,440.75998687687905,167.1,167.1,167.1,133.49,133.49,133.49,0.3815977358777165,0.15571031832839052,0.6131768030110476,0.32471609034559523,0.28672902273086864,0.36227785714285715,0,0,0,1.8809821595137106,0.7103424470192158,3.191185697767341,2.3265095682817365,0.8785933940883934,3.947046505714311,0.6706346850553094,0.23242632610608885,1.1678640741601292,56.79043795919841,20.21538264507249,107.95930026523789,60.23417379629473,20.34163927410296,117.80940838323522,167.1,167.1,167.1,133.49,133.49,133.49,0,0,0,1.0434091923505746,0.9848455351550617,1.0869281153015549,0,0,0,5.4171608943577,2.8050894065550755,8.21837006833491,6.7002637903291475,3.4694998627330405,10.16496435277434,2.1637485598169435,1.1204223544316454,3.2826210530176123,60.34475758312371,24.458919007381777,111.99052769254152,61.90358582906503,20.85828947167091,120.882122381156,CIP
MSM,cip+cro,0.3,0.075,0,303.3379412292379,301.64506572257625,305.8199792295071,304.20201934211957,302.28146980082374,306.7049253523332,361.02593802201125,323.11351111726964,414.09240812962287,380.1347095563403,338.58970172938297,435.10911049582296,167.1,167.1,167.1,133.49,133.49,133.49,0.36944340493698,0.15249093481428344,0.6119679364267996,0.2943251499174981,0.25914872745585416,0.32962937579438306,1.3722661852442575,0.8522003371769774,1.9416446004727796,0.2233097030034047,0,0.6435542143093645,0.27620259878588566,0,0.7959857724997547,0.015200981355239203,0,0.062312977399352876,53.38577079255761,18.812557339480666,101.90612477175367,57.090983428280715,19.701758221780608,109.71185242430141,167.1,167.1,167.1,133.49,133.49,133.49,0,0,0,1.0435840983099562,0.9793041936387966,1.0868534026744492,0,0,0,5.29197257497957,2.610565130894703,8.120223642060257,6.545423500432072,3.2289007766131004,10.043571069661198,2.1137452368507628,1.042724529036073,3.2434189335597763,58.10555679808444,23.010700120130096,105.90442008382705,59.54834141183678,20.836512635654234,114.9960346621627,CIP+CRO
MSM,cip+cro+nda,0.3,0.075,0,303.38103135498534,301.68289171942433,305.5406755267262,304.26040058449234,302.4780344079167,306.69551954688046,362.0672222751124,324.4382492994274,409.19299877554977,381.44639422452354,341.9513870009363,432.25411434526274,167.1,167.1,167.1,133.49,133.49,133.49,0.36613049972604844,0.14663164625422137,0.6132132838330858,0.29529667979453783,0.2620015514388159,0.32993866969411034,1.3332136835600814,0.8036570360190475,1.876838619728131,0.23215753766261846,0,0.6833156125468289,0.28714612203469586,0,0.8451650127067047,0.04461554883328394,0,0.1657507489057906,54.35284914982021,19.86195766023696,98.17348705773055,58.13328802175409,20.78271654815332,105.49382607025261,167.1,167.1,167.1,133.49,133.49,133.49,0,0,0,1.0429996966811088,0.986512140388769,1.0870645557998058,0,0,0,5.367543034012305,2.8262259458383117,8.094132980757914,6.638893497013304,3.4956427799500376,10.011300602418503,2.143929954470485,1.1288648130045977,3.23299767565023,59.092415970332986,24.441934163541372,103.29580250427028,60.613645735096405,21.30661707191213,110.2560882149404,CIP+CRO+NDA
MSM,cip,0.3,0.1,0,303.75429805995736,301.95733511700763,306.0834260342544,304.62727416076325,302.7643800138476,307.0122888170217,370.238196434458,330.24327291507177,421.1185847833008,389.5062614593505,347.95727730093506,442.5807921604631,167.1,167.1,167.1,133.49,133.49,133.49,0.3787197286532291,0.146788141391019,0.6130051460374466,0.3245510171201212,0.29118529895366224,0.3604352327826101,0,0,0,2.505688614849947,1.2074595422734986,3.9633934203230026,3.0991833219141824,1.493457109204395,4.902158517883132,0.9232990889481529,0.43126640476437283,1.4471367708333311,56.96899729170972,21.628535735486633,102.15968619873382,60.01498104615393,20.53735722534041,109.93101155832376,167.1,167.1,167.1,133.49,133.49,133.49,0,0,0,1.043786906935422,0.9798396740186315,1.086408109500817,0,0,0,7.2112360424676964,3.7338533259165647,10.55668340697044,8.919281646071843,4.618249803895688,13.05712807078796,2.8803467177135706,1.4913937234049242,4.2166014566905465,61.65524022516775,25.80600167466627,107.00231054223553,62.21061425076852,21.173172552596952,113.03556133227987,CIP
MSM,cip+cro,0.3,0.1,0,303.4112848820207,301.6251227250837,305.758310446465,304.58767793496156,302.63958192039337,306.9664700771973,362.53221313486335,323.2808555311803,413.3176763579357,388.5666038831196,345.9623638681237,439.83359624921616,167.1,167.1,167.1,133.49,133.49,133.49,0.3838507990799186,0.14844068649679923,0.6120549747041628,0.2877690022885168,0.25498419388830357,0.3233956268461837,1.70427544570186,1.1223519609185952,2.340702216504479,0.24837721337747798,0,0.6885588558855854,0.30720757267322996,0,0.8516501650164972,0.019891664179400633,0,0.1106480526130197,54.494589121384706,18.23771960978366,101.4578115497531,58.094505563185855,18.61716297828545,109.0607063159866,167.1,167.1,167.1,133.49,133.49,133.49,0,0,0,1.044044259998494,0.9811218235705995,1.085772394136808,0,0,0,7.193718233078354,3.898049252387705,10.500891972316932,8.897614587214584,4.821337000696479,12.98812193700137,2.8733496697069634,1.5569776531345678,4.194316972486391,60.82017655182108,24.508006122041728,107.08971872773752,61.44197459128156,19.155288637210496,114.3748376618362,CIP+CRO
MSM,cip+cro+nda,0.3,0.1,0,303.4636951819487,301.664587625692,305.89397728049914,304.6236219239462,302.67424101119593,307.17085799380703,363.78722522150997,324.13326580879897,415.9305891930658,389.4949310796221,346.3918277723848,445.1426525114831,167.1,167.1,167.1,133.49,133.49,133.49,0.3837439883931253,0.15329105393156328,0.6139867196515504,0.28523585120404604,0.2504148429722604,0.32069841606592947,1.6803030002804797,1.1233423093879225,2.255239827815927,0.24524649605331234,0,0.6833718661418818,0.30333531701497346,0,0.8452345904677063,0.05142093876918183,0,0.17000141689019732,55.49725613969475,19.340239639097767,104.15977645631854,59.343141026456095,19.58308620794713,112.59580276662389,167.1,167.1,167.1,133.49,133.49,133.49,0,0,0,1.0412303217869507,0.9827542939190106,1.08587840669575,0,0,0,7.041442594414526,3.592164213612634,10.158704465417122,8.70927110475476,4.443000361029256,12.564884265701652,2.812526998887412,1.4347995740584085,4.057638786314554,61.834061070758075,24.868211302300082,110.95808983828638,62.76157266581085,21.304043679489233,119.05781595631802,CIP+CRO+NDA
MSM,cip,0.3,0.125,0,303.8691514254696,301.97380972761096,306.53197057674777,304.9622653459612,302.9478730173778,307.72344800310475,372.6989675283778,331.6543809483179,430.9236335877507,396.74463102980366,352.7922267509352,458.20563967266173,167.1,167.1,167.1,133.49,133.49,133.49,0.3824554333544342,0.15224709160905592,0.6096049605718463,0.3240474078495048,0.2884439409660898,0.35901514253922784,0,0,0,2.9844177742390112,1.3955018398373182,4.797342717496233,3.6913037544769627,1.7260389028759593,5.933636147547066,1.1172550322632098,0.5236682320743976,1.7956254723749472,57.77776845425112,20.598599303582976,111.52048954874573,60.836494458217295,19.90519470428492,120.111770809251,167.1,167.1,167.1,133.49,133.49,133.49,0,0,0,1.0427918343420541,0.9829236096126144,1.0858792431992559,0,0,0,8.882168786123652,4.64137538493549,13.081954528065818,10.985989720047332,5.740726560549318,16.18053219028944,3.5477587418611805,1.8538805659592152,5.225257440511998,63.57479717269914,25.92085598654862,114.37639354614156,63.65154101175614,20.801150337409474,124.52361158937099,CIP
MSM,cip+cro,0.3,0.125,0,303.42536259551844,301.6395980217886,305.7418619964156,304.90314097924255,302.8795272990024,307.34903553924676,362.84286253025346,323.4081684686417,412.661807796061,395.47664310527546,352.0560332907034,448.48780358554575,167.1,167.1,167.1,133.49,133.49,133.49,0.38174998009687433,0.1533075528577843,0.6139770711391939,0.27857550300464695,0.24326423449062975,0.3136794804216868,2.055205458706493,1.447661469933185,2.707051300484537,0.2458753176799786,0,0.6825704279428367,0.30411308065498566,0,0.8442433244798652,0.025912182693945456,0,0.11489875461371277,54.451988397960285,18.10515704992904,100.60174236619648,57.96485226290565,18.4811098685292,107.86037241970624,167.1,167.1,167.1,133.49,133.49,133.49,0,0,0,1.0439488412172548,0.9888531085264323,1.0873501311460323,0,0,0,8.923693315212724,5.289204986872824,12.821326260171789,11.03734970438078,6.542000384386638,15.858171791519394,3.564344669760634,2.1126397934465713,5.121156039372019,62.44559265334689,25.524760800617198,108.69949545334764,62.1658127937972,20.55406492021567,114.52820932462184,CIP+CRO
MSM,cip+cro+nda,0.3,0.125,0,303.4096092794039,301.6862060420976,305.73515266065874,304.87483932630244,302.8550691760183,307.31969326009886,362.61193210744113,324.6466127594837,413.51549679917827,395.0956294666447,351.38337069599805,452.00432636188833,167.1,167.1,167.1,133.49,133.49,133.49,0.3768988681026311,0.15003034999241704,0.6195444487157681,0.2786830369849727,0.24557197932182614,0.3120399288724973,2.0107495309914194,1.3936458628053634,2.665653714602262,0.237940797372385,0,0.6909346954450823,0.29429919841161845,0,0.8545887433756569,0.06359265081939484,0,0.2163179159655138,54.21832819298956,19.223104439837968,100.36461373274712,57.73701924564574,19.80704617635987,108.41172696557703,167.1,167.1,167.1,133.49,133.49,133.49,0,0,0,1.042919625750341,0.9856357357413537,1.0854474817599247,0,0,0,8.818226189095505,4.538552966523025,12.835692022489425,10.90690174834364,5.61354973483593,15.875940212829827,3.522218481025525,1.8128107391448485,5.126894081518382,62.26299973429963,27.512742045044657,110.03871921049432,62.00954632349655,21.33488461699556,117.91948709768687,CIP+CRO+NDA
MSM,cip,0.3,0.15,0,303.9554560475865,302.1189282360913,306.45673961551637,305.2938866504333,303.2685921074279,308.0721068421312,374.71752076761095,333.6673528159329,429.7571444264674,404.20702770611064,359.6965014037177,465.14220192969486,167.1,167.1,167.1,133.49,133.49,133.49,0.3747373378044432,0.14700026271294447,0.6173944982481624,0.32429523275895256,0.2878180378249227,0.36298448903338504,0,0,0,3.6313411601999035,1.846942247189563,5.582837657400812,4.491456716997532,2.284406998980352,6.905182573057742,1.377039903587984,0.6985740652239356,2.1490883773027676,57.945515960408954,21.629971306445874,107.24970869641143,60.54796757507917,19.732031261755846,115.1664869085912,167.1,167.1,167.1,133.49,133.49,133.49,0,0,0,1.0430374356845762,0.9814448519700639,1.0865268160802295,0,0,0,10.888018285864977,5.901105785733152,15.355115178784983,13.466942572299684,7.298835347540046,18.992111224886404,4.34894483378534,2.357048164935751,6.133214243004068,65.20846815656215,28.569063696828216,115.81943906987533,63.90336592179675,20.885876602492935,121.79314864821067,CIP
MSM,cip+cro,0.3,0.15,0,303.4962175292592,301.74449433952026,305.9322218766067,305.281546934246,303.25186610282054,307.9134418288774,364.52672068140953,325.49905439010746,415.8123427319494,403.6562905168669,359.35713316140317,459.8675936228495,167.1,167.1,167.1,133.49,133.49,133.49,0.3805803620592292,0.1540256290907845,0.6190141073100092,0.27143811313903693,0.23875000000000016,0.30684046767492223,2.414853850076851,1.722064566303737,3.0786936748214027,0.24999229324981861,0,0.6946918824762591,0.3092051986249357,0,0.8592358536810994,0.02821382036683936,0,0.11682285714285716,55.659523683534744,19.786274053889088,103.26398190117358,59.14628016763728,20.46017727924963,111.02775740505611,167.1,167.1,167.1,133.49,133.49,133.49,0,0,0,1.043804406901479,0.9787808816675561,1.0870536288796646,0,0,0,10.686898112689851,6.071681460129392,15.361126593042231,13.218185291482424,7.509813392489484,18.99954649625122,4.268612443157793,2.4251803243846406,6.13561535111129,65.15044062677498,29.318471310713452,113.24716757897163,64.21104922391812,22.60870355054762,122.41569826931298,CIP+CRO
MSM,cip+cro+nda,0.3,0.15,0,303.4201960716734,301.7407684542554,305.71352414190693,305.1971382361689,303.1166514405113,307.7131793289819,362.9257258293119,325.70819035868425,413.56902863524556,402.0202815523343,356.37637621553085,457.08135828823526,167.1,167.1,167.1,133.49,133.49,133.49,0.38097941310548944,0.14767065387548556,0.6219463786222027,0.2708656518955626,0.23556297189819722,0.3052866946517071,2.3843680288150044,1.6864908484070709,3.114404836245735,0.25621441722856736,0,0.7194252873563208,0.31690108818900076,0,0.8898275862068973,0.07798657715388817,0,0.2272872324702009,54.217979253399065,19.794008693655325,100.68199104569902,57.53921781273199,20.12741036111871,109.50749136105372,167.1,167.1,167.1,133.49,133.49,133.49,0,0,0,1.0440305011835764,0.9798395755454683,1.0886874320434923,0,0,0,10.699560195172253,5.90837296327139,15.207663555177142,13.233846501186452,7.307823820924327,18.809734368494002,4.27366999327858,2.3599508560758045,6.074318403569719,63.66319892102524,28.007890002658996,110.09417362616875,62.5281935382843,22.253806473040438,117.1983878071094,CIP+CRO+NDA
MSM,cip,0.5,0,0,303.36687045837687,301.5821482294211,305.690348762856,303.325494664342,301.5175586510139,305.6579623338419,361.7264598785493,322.2148188787491,413.6884968724585,360.80641330482223,320.6405004277906,412.1577244300145,167.1,167.1,167.1,133.49,133.49,133.49,0.2707296979024436,0.10820119476489468,0.4427728567783352,0.5260709290158537,0.483064692678568,0.5703676231972311,0,0,0,0.35914463485874315,0,0.8685288112473672,0.4442112463267234,0,1.0742476102047416,0.003184618506895711,0,0.007701445761979362,54.770929122303876,17.94552525916784,101.83246765772124,59.03060408804861,18.631648124329466,111.1520811156139,167.1,167.1,167.1,133.49,133.49,133.49,0,0,0,1.041847626194399,0.9814368889275984,1.0843838419751506,0,0,0,0,0,0,0,0,0,0,0,0,54.55863098385558,17.57405345057893,101.37408278696277,58.86250435698811,18.68331607479924,110.1718849539192,CIP
MSM,cip+cro,0.5,0,0,303.37556475476754,301.6082858640363,305.8015684539849,303.3088522884447,301.5411379517654,305.66415123787317,361.99001701079277,323.03883552318115,414.24300260931125,360.40481447824277,321.3870890470835,413.89352935008776,167.1,167.1,167.1,133.49,133.49,133.49,0.27589322499977603,0.10653414057122834,0.4470367037032914,0.5161322488561633,0.46951776987295474,0.557368417868307,0.46890675833727946,0.21276030479119157,0.7955362329363953,0.3500986847640463,0,0.8614794663855726,0.4330226822337221,0,1.0655285651100699,0.0031044059760991496,0,0.0076389375913723375,54.69780909161828,18.76483793925564,101.88181393418974,58.71866774595791,19.90531792621075,110.71894033873309,167.1,167.1,167.1,133.49,133.49,133.49,0,0,0,1.0431789738457788,0.9852632831841555,1.08488033266675,0,0,0,0,0,0,0,0,0,0,0,0,54.282557738740245,18.25171804746365,101.43900675519308,58.45987052016378,19.450051734987955,112.01334983472755,CIP+CRO
MSM,cip+cro+nda,0.5,0,0,303.37530398225647,301.606998767375,305.7892769040856,303.3043486437101,301.5275833035672,305.70511106150184,361.93172970102245,322.8829483636643,415.7418097412419,360.29698083546765,321.16267074081344,413.4186798970093,167.1,167.1,167.1,133.49,133.49,133.49,0.27064892001815927,0.10766729656627415,0.44488934432129884,0.5171004175408762,0.47167557232782464,0.5599379308159695,0.46640331336208374,0.16233327483327437,0.8153063888361507,0.3586325090793003,0,0.881549295774647,0.44357781898664395,0,1.0903521126760625,0.013421108669000651,0,0.06201705482890589,54.65179940921751,18.974235067313256,103.14325434301956,58.6353796684885,19.58148811875629,112.8180176483483,167.1,167.1,167.1,133.49,133.49,133.49,0,0,0,1.0437584966059312,0.9851905408515536,1.0862793719933945,0,0,0,0,0,0,0,0,0,0,0,0,54.20005080022293,18.51091272616427,102.60627105441685,58.352325189408404,19.245933010398677,111.6473161741723,CIP+CRO+NDA
MSM,cip,0.5,0.025,0,303.578003074957,301.76659695477025,305.9939031192377,303.6874773478284,301.8749902225175,306.0229703902246,366.23317539533934,325.72812692849493,418.29906353095504,368.7321581354636,328.579408981603,419.4494322088091,167.1,167.1,167.1,133.49,133.49,133.49,0.26851754097689595,0.10331274704433228,0.43930941490353015,0.5262858106106992,0.48377734141826295,0.5680872518286312,0,0,0,1.2705630734321405,0.41725508879023077,2.2790775971369417,1.571507274800274,0.5160856798002246,2.8188974625715937,0.36972383969186384,0.1114511794231737,0.7227690929449903,56.3886703773702,19.954126432300672,104.3062663048504,60.29854341070151,20.339825009068573,112.02247409109687,167.1,167.1,167.1,133.49,133.49,133.49,0,0,0,1.0417402876525304,0.9802517966372375,1.0835751530037043,0,0,0,1.7810319640705012,0.6898519074829652,3.032232758159754,2.2028852771771508,0.8532494874228105,3.750444143999641,0.7113883863518538,0.2755439796624718,1.211149048633867,56.95913182797754,20.547078149109456,103.9740390319563,60.50953356226974,20.589540685343824,112.04013479391615,CIP
MSM,cip+cro,0.5,0.025,0,303.44277548645346,301.6804945605527,305.83164243966513,303.65709203666853,301.86494610166335,306.19337695546426,363.4573319194319,323.9437796115413,416.6466106325089,368.23416705721417,328.3269516585395,421.2832889205262,167.1,167.1,167.1,133.49,133.49,133.49,0.2752035234772263,0.11034342249927312,0.44387581666763193,0.5042276078994639,0.4612475853863383,0.5472172473794769,1.05210516930305,0.6103654012423263,1.5307880840565293,0.37234841954057013,0,0.8819787685084777,0.46054246522980113,0,1.0908833098591613,0.01022830496552116,0,0.06053512082162304,55.53173179895333,19.43332897614991,104.52441678536393,59.347412629655665,19.5869169893912,112.1440012003932,167.1,167.1,167.1,133.49,133.49,133.49,0,0,0,1.0446491640468967,0.9819602681757928,1.0854720238715732,0,0,0,1.765773321494062,0.7006826416622889,3.0925241675617663,2.1840124889513155,0.8666455776367805,3.825016111707833,0.7052937056614723,0.2798700438018417,1.2352309344790533,56.727914035801945,20.023030367987882,105.77020551167315,59.997614387623145,20.39712714826364,113.89144805173238,CIP+CRO
MSM,cip+cro+nda,0.5,0.025,0,303.38388951350987,301.61909513532163,305.73226803269,303.6070834040848,301.82315415818175,306.0188417056455,361.9678736574002,323.68302176924004,412.8616973407182,367.0069996371287,327.90191925356703,419.00046076795024,167.1,167.1,167.1,133.49,133.49,133.49,0.27672205403971073,0.10695523809783763,0.4426769225892564,0.5051942724342243,0.46108890498222577,0.5470527609741882,1.0179703076159454,0.5833628097907894,1.473773923444973,0.36260932832990145,0,0.9302617936034648,0.4484965833625075,0,1.1506026002845933,0.032048195016219846,0,0.11793417012705162,54.24166064368974,19.09370336752744,101.78954041718875,57.902797317756814,19.989309455281955,109.09834520862591,167.1,167.1,167.1,133.49,133.49,133.49,0,0,0,1.0443219782729456,0.9803427878879876,1.0888765610747315,0,0,0,1.8392317563979548,0.7922367821452364,3.2380289368752107,2.274870209642877,0.979885133244508,4.004984983994159,0.7346348284062766,0.31643904063957196,1.2933491519712454,55.44871626672213,20.133435212068328,103.07240525471632,58.640629116772814,20.02729943191622,110.9498923692047,CIP+CRO+NDA
MSM,cip,0.5,0.05,0,303.6669836235033,301.8186728239959,306.1980275709679,303.94249925119215,302.0956056146277,306.41913593438454,368.26436582051963,327.70487737181736,423.31634696164383,374.423056176497,334.1238228370998,432.15640959047613,167.1,167.1,167.1,133.49,133.49,133.49,0.2726520737056339,0.10504866752502766,0.4472240542711258,0.526887561071117,0.47965805336887124,0.5685984028639333,0,0,0,2.1607550464996104,0.9564343470125438,3.6096413462166046,2.6725491600058686,1.1829743565102424,4.464617108441597,0.727629675402163,0.282732727144631,1.281452449670926,56.015566392184574,19.471703449977184,106.13987140630923,59.2374523801815,19.05141104565404,113.77414550802328,167.1,167.1,167.1,133.49,133.49,133.49,0,0,0,1.042640481371856,0.9790112078925748,1.0864009286852867,0,0,0,3.570180723240366,1.7857899253757954,5.576803835786648,4.415809884800335,2.2087702040736166,6.897719586953565,1.4260188221921895,0.7132888342290298,2.227513914278094,57.5062256452129,21.05973202772045,108.45968614969416,59.91239114085125,19.418680672672984,116.68311482545498,CIP
MSM,cip+cro,0.5,0.05,0,303.50668043817194,301.7060010186347,305.95568426757114,304.01299402780194,302.1536341919194,306.5512175267474,364.76489839566506,325.02761876240356,419.7008946297319,375.9275794471826,335.3158688189129,432.4640693229113,167.1,167.1,167.1,133.49,133.49,133.49,0.27568111306077825,0.10619887123064818,0.44422492968245747,0.48953446171172554,0.4456005402511104,0.5337049006599693,1.6323554194595224,1.1048205937708702,2.2258747270445327,0.3731371316621187,0,0.8594828809779012,0.4615179908551354,0,1.0630590706327565,0.017313338111470043,0,0.11111165640941623,56.158681773562435,19.399048307514658,104.86524259847818,59.935144108519125,20.73145288340148,114.75914044617119,167.1,167.1,167.1,133.49,133.49,133.49,0,0,0,1.0433013259806734,0.9842198483166852,1.0873735117426637,0,0,0,3.564338221577771,1.680221521502756,5.62501172857776,4.408583534485431,2.0781969817404664,6.95734594931856,1.4236851819690728,0.671122192643694,2.246769343576359,58.91004458758999,22.099481699950093,108.3708139479248,61.4351317095881,21.377667818446923,117.49634915675941,CIP+CRO
MSM,cip+cro+nda,0.5,0.05,0,303.47045363246673,301.78556590825394,305.80895292525804,303.97913688385574,302.2096743161547,306.51370679695,364.0109611373981,327.22548233858777,413.6486986893822,375.12294133753636,336.05005733390954,426.44708331997737,167.1,167.1,167.1,133.49,133.49,133.49,0.2778108945544955,0.1049156522990391,0.4434230938185469,0.4904461045593271,0.4444773838873497,0.532115578074394,1.5926360652552303,1.0280001887240864,2.171794044990495,0.3811605805222756,0,0.9453410194174733,0.47144186517226366,0,1.1692534752868564,0.048247882130454736,0,0.16999114599462276,55.4297087364721,21.101633723888252,101.67967070910889,59.15109128042634,22.159815542871453,109.08207850679743,167.1,167.1,167.1,133.49,133.49,133.49,0,0,0,1.043041074142009,0.9823035790290925,1.0876496156030027,0,0,0,3.5373915904089133,1.6101489587411733,5.677418981392997,4.3752543532753805,1.991527107220757,7.022166327600868,1.4129220284426078,0.6431334712977975,2.2677021015309915,58.17003620329165,24.384495374893184,104.89466979152381,60.701533733294916,22.8219663484334,113.87168771212134,CIP+CRO+NDA
MSM,cip,0.5,0.075,0,303.80704037064874,301.99559315629443,306.19716047271845,304.23330350497247,302.35639441551564,306.7073963036638,371.355555266915,331.6920344004134,424.72655130255697,380.8740174969521,340.43248281203137,434.7075710497913,167.1,167.1,167.1,133.49,133.49,133.49,0.27277014627079293,0.1070162090298763,0.4450184086727159,0.5266453698279036,0.48271131821541985,0.571417256486762,0,0,0,3.054577415626063,1.362740176809716,4.874516646185702,3.7780813329715874,1.6855173476230112,6.029089409881243,1.094419023294536,0.48740124491074033,1.7738798002273313,56.492244576132414,20.355798744503417,103.04300993559274,59.164624592210075,20.004695443072162,112.29772992071031,167.1,167.1,167.1,133.49,133.49,133.49,0,0,0,1.0443994203657783,0.9838564531994203,1.0873054076406818,0,0,0,5.322098284645541,2.7381098674345656,8.134998442274872,6.582684753248675,3.3866556221033273,10.061845413144416,2.125778193259922,1.0936690635223554,3.2493203555978902,58.79295822093914,23.384679210588434,105.91098863260771,60.2725822187066,20.744193634767793,113.92409778419278,CIP
MSM,cip+cro,0.5,0.075,0,303.474105345501,301.68986895938923,305.82479271957453,304.2870381282153,302.4204531761248,306.71500264411844,364.0674184023213,325.18007637090477,416.1781314158546,381.8858531526849,340.94684237385087,437.7206918388318,167.1,167.1,167.1,133.49,133.49,133.49,0.2727142881674364,0.10458798467674951,0.4452587778352995,0.47817398137847605,0.4358703643803271,0.5229297598660154,2.2027042136667587,1.552096872849604,2.8784129048209937,0.3862100521908371,0,0.9516045321064288,0.47768734926272044,0,1.1770005568464479,0.022701536875623197,0,0.11158779721463312,55.04652401391875,19.79660741922448,102.99065466411655,58.44006457835755,19.620547882792163,110.11492635488362,167.1,167.1,167.1,133.49,133.49,133.49,0,0,0,1.0447728794447724,0.9871450714581131,1.086856210463182,0,0,0,5.394200496182717,2.809719215295922,8.097970029176345,6.6718650169673275,3.4752262829866463,10.016046489993368,2.1545776067194105,1.1222716149927823,3.2345302880557183,59.50531959943934,23.13734142450824,107.96201020277216,60.89381513950591,20.831727216990252,115.21088798079958,CIP+CRO
MSM,cip+cro+nda,0.5,0.075,0,303.37948316659725,301.67840519855474,305.82367363716816,304.1792842937408,302.3749250245976,306.76475448546336,361.91453640633875,324.18624350092097,414.7458367058799,379.4880534162818,339.86685990495897,436.3605126971827,167.1,167.1,167.1,133.49,133.49,133.49,0.2735173638716867,0.10797171065472788,0.446056253285257,0.47829834934401705,0.43423782795309657,0.5161456550558627,2.159318695702004,1.4643107542689116,2.862306695271298,0.3827323285486668,0,0.939337395116839,0.4733858957436501,0,1.1618278389993628,0.06988737280496028,0,0.21979234972677614,53.042081087159154,18.25525973630249,102.99784035136831,56.312158143213985,18.79286016752613,109.90303799952899,167.1,167.1,167.1,133.49,133.49,133.49,0,0,0,1.043075956855706,0.9845794321248389,1.0856769767758119,0,0,0,5.388476424153622,2.7846405219891994,8.102312206072172,6.6647851474013855,3.4442074773892637,10.02141715023291,2.1522912702323143,1.1122545622260738,3.2362646613165755,57.36269033667183,22.08637165993469,107.28025539434685,58.659634177446904,20.167683028398375,115.35222285811875,CIP+CRO+NDA
MSM,cip,0.5,0.1,0,304.02216084852944,302.1201987744135,306.67250391450153,304.61149333233317,302.6367211637668,307.2936363700083,376.14406512538994,334.6717374202973,432.01372801491766,389.15988759621956,346.06444888704254,445.4570360991969,167.1,167.1,167.1,133.49,133.49,133.49,0.27156004301737274,0.1049175805187846,0.4441581206746638,0.5278401317366727,0.48053721816723055,0.5693780714567707,0,0,0,4.008338085559735,1.8576146752917293,6.113273784825228,4.957748728129204,2.2976072869101993,7.561257230424115,1.470427619950438,0.6607247014885156,2.251349628191357,58.28855757505361,21.598384011552824,109.14830913151958,60.539255078691546,19.90788416082586,116.9671670692896,167.1,167.1,167.1,133.49,133.49,133.49,0,0,0,1.0438118944670542,0.9816664557299026,1.0866921716552453,0,0,0,7.158363695608032,3.8988266222033467,10.397876384274635,8.853886012070552,4.822298497489561,12.860706187707647,2.8592281896501164,1.5572881539396641,4.153169988925803,61.38599275212431,24.36936183011422,112.91529823542571,61.97783296093729,20.134388636281397,120.40869849834095,CIP
MSM,cip+cro,0.5,0.1,0,303.4950978737078,301.80937684892183,305.9142578772448,304.59484149240853,302.6941450291555,307.1239416087304,364.54374866147504,327.16293207952066,417.9280472426057,388.86719593418456,347.10537147898776,444.9598672768475,167.1,167.1,167.1,133.49,133.49,133.49,0.2739884246945799,0.10560447169533749,0.4429302165645934,0.4651327494270626,0.42226786071256434,0.5099729724746284,2.762125060516358,2.051585773536521,3.5100232002784515,0.39412414074982627,0,0.9504939839035136,0.4874759603155106,0,1.1756269653920823,0.02992921413275802,0,0.1181118125924707,54.947559324130026,20.2595573011072,103.34087485695368,58.179000972390824,20.15214887339215,112.02659796678716,167.1,167.1,167.1,133.49,133.49,133.49,0,0,0,1.0443264938054744,0.9806329254923384,1.086730460839582,0,0,0,7.317124967421531,3.883274095023811,10.662620893283059,9.050251307763824,4.803062215470021,13.188157796029847,2.9226413833765497,1.5510760884421686,4.258915518965912,60.85502215421417,25.868952509823956,108.72137647850546,61.29908815002176,21.63576604797225,115.79201257511068,CIP+CRO
MSM,cip+cro+nda,0.5,0.1,0,303.5669211308737,301.7673980250872,306.0751740282181,304.67464340027067,302.75677009460134,307.29983260941907,366.001352890438,326.19412090862915,422.3566259813033,390.5044104101227,348.48661222154146,448.2769352545345,167.1,167.1,167.1,133.49,133.49,133.49,0.2701263375416137,0.10735426425252205,0.4429274434805898,0.4649820823724845,0.4232951006368242,0.5057810521028033,2.720913952011109,2.0148015213179544,3.4394730996805203,0.39801512435770336,0,0.9546360249424338,0.4922885581107465,0,1.1807500858111317,0.08419429422591451,0.0011666208657192126,0.22927437641723267,56.18746542281483,19.518378173041537,108.57942469703026,59.60234039949782,19.61023068186288,116.06695811945607,167.1,167.1,167.1,133.49,133.49,133.49,0,0,0,1.0429391358488538,0.9873085184494799,1.0864248146685969,0,0,0,7.2477507094318305,3.768595984504207,10.419783675179618,8.964445137732309,4.661221571183782,12.887802415945512,2.8949315822942285,1.5052708038441514,4.161920304832887,62.310474803960815,25.381147998809812,113.49455255215825,63.03936018866481,20.98781977131822,122.22333227689347,CIP+CRO+NDA
MSM,cip,0.5,0.125,0,304.15336278971927,302.2772720429591,306.8062771922133,304.9240448742953,302.85202089939804,307.5280768298667,379.1292938350873,337.64482263648307,436.51207815809835,395.8235353905138,350.1792180901372,452.90345760402755,167.1,167.1,167.1,133.49,133.49,133.49,0.2736367362479929,0.10624516115093673,0.44344291053365475,0.5276874352024519,0.4813110816121346,0.571632302958222,0,0,0,4.851530009320466,2.492247617051968,7.4716352820211505,6.000658182961238,3.0825587038516984,9.241358769095186,1.815751409224596,0.9226654362419996,2.7715225674476405,58.64190709445909,22.51022998038543,110.05741679240501,60.62220731535962,20.784595004031598,118.77136553621692,167.1,167.1,167.1,133.49,133.49,133.49,0,0,0,1.043221348934558,0.9855752264420785,1.084959952613224,0,0,0,8.917410776368877,4.892949676811886,13.140408513507769,11.029579090151728,6.051888468291936,16.252831523777026,3.5618352677619733,1.9543655842833894,5.248605413607513,62.71274119389728,26.043452359168818,112.55041942688706,62.557560201358626,20.778768018940518,122.29932806140597,CIP
MSM,cip+cro,0.5,0.125,0,303.5537732488928,301.80203389414555,305.9169178927266,304.934403241817,302.9452902212332,307.4838736796064,365.78113142042366,327.42106751827083,417.9325250615368,396.21837283657464,352.89427832187005,450.85678389531824,167.1,167.1,167.1,133.49,133.49,133.49,0.2721053546326057,0.1081584664362946,0.44261495692054553,0.4542024704704143,0.41528075147402377,0.4950859549096772,3.3579447478149045,2.555272861356934,4.226339355720336,0.40086687004432076,0,0.978078387752241,0.4958157652097956,0,1.2097449814321737,0.03825833244407845,0,0.16351715271935582,55.6025307858374,20.556203782584127,104.3526342002937,58.6355555992497,20.52826719815132,111.23067577631657,167.1,167.1,167.1,133.49,133.49,133.49,0,0,0,1.044781548857473,0.9855882317248571,1.08648878536922,0,0,0,8.951318874732054,4.667577761895039,13.097552833355438,11.071518624179294,5.773135204299483,16.199825093372905,3.5753790041268787,1.8643464458759547,5.2314877909232465,63.104186089606834,28.0419180710722,109.30289097521155,62.745150249218014,21.667012026066683,117.71594734492751,CIP+CRO
MSM,cip+cro+nda,0.5,0.125,0,303.56410321866156,301.7226258437838,306.0615247971103,304.93741690765796,302.8693811842049,307.47332689566963,365.98923175684354,325.99138183606885,420.74769604802503,396.2630762543483,351.04714711458877,452.6001665383014,167.1,167.1,167.1,133.49,133.49,133.49,0.26724198070754057,0.10627514610183725,0.43910788192171657,0.4519855477991824,0.41264341112787306,0.49293854766705075,3.302676458154124,2.529507488639446,4.099799308744803,0.40233733475669076,0,0.9422912847548439,0.4976345226104687,0,1.1654813837561313,0.1044815357152933,0.001190923367122804,0.2681016779319334,55.689223078871564,18.680479621494804,106.24472967752676,58.83510058571364,18.803712202459792,114.27259373994875,167.1,167.1,167.1,133.49,133.49,133.49,0,0,0,1.0434585341687148,0.9804762905787335,1.0855158880614817,0,0,0,8.94452704132852,4.772765471198087,13.013010318344364,11.063118084429581,5.903237561156732,16.0952579292959,3.5726661772361883,1.9063610285980537,5.197719411385354,63.08643354064862,26.569756898041383,113.08820108177095,62.92923857515634,19.912427492966057,120.72250365804928,CIP+CRO+NDA
MSM,cip,0.5,0.15,0,304.34008128036515,302.431563555808,307.0121409646564,305.25656680074934,303.1921662717214,308.02506651915536,383.21925861420175,341.54379434904246,438.0154808896894,403.4747384573477,358.53530581477,462.00293796032054,167.1,167.1,167.1,133.49,133.49,133.49,0.2668578304360674,0.10904502952350069,0.4401993389343139,0.5272420986178731,0.4821303122999748,0.5677887567714266,0,0,0,5.831607412703311,2.7602327103439177,8.538062329262106,7.212875664713641,3.4140184577612107,10.560378578364368,2.2089802108073378,1.048117321116928,3.2635543973206205,59.87065468371511,24.203041546004464,110.98796982151268,61.198078299213854,21.893861634007564,117.39828638989594,167.1,167.1,167.1,133.49,133.49,133.49,0,0,0,1.0430029242823349,0.9855531428571429,1.0860308505871954,0,0,0,10.788791049879617,5.858388310762653,15.095174111571897,13.344212480051613,7.245999857448334,18.67060079641056,4.30931101209443,2.3399857448324997,6.029387326878049,64.81518785796825,29.417544401903942,115.52671754676864,63.54245455197572,22.759414104936752,122.1437818996929,CIP
MSM,cip+cro,0.5,0.15,0,303.6009927979909,301.85509405753453,306.18124469979807,305.2514051415983,303.27550159185466,308.01051564686657,366.6967880440188,328.6186027097114,423.41264783917944,403.38468800116107,358.7250629551122,461.69253864997114,167.1,167.1,167.1,133.49,133.49,133.49,0.26902044240822554,0.1066411390693204,0.44211455046184805,0.43889224124535653,0.3958733053691275,0.4782855583460594,3.939001231986705,3.0913612387183322,4.829857299670691,0.41164462201306296,0,0.9629230769230746,0.5091463239038388,0,1.191,0.045183297710782534,0,0.16757905710199109,55.68552856883627,20.89338747164665,106.32024747867162,58.748085811145614,21.063794199043897,115.5044724355625,167.1,167.1,167.1,133.49,133.49,133.49,0,0,0,1.0417654801842282,0.9762592958039054,1.086982027667266,0,0,0,10.684797322371338,5.864890534242329,15.177592193048854,13.215586910231302,7.254042190579474,18.772540335914314,4.2677733353456375,2.342582894329097,6.062307154916453,64.79651101774414,29.6779373510374,114.03077826070836,63.78230039317157,23.037981961981313,121.774502040928,CIP+CRO
MSM,cip+cro+nda,0.5,0.15,0,303.59850547894587,301.8220713110851,306.07527290246765,305.24589112043026,303.2542629023585,308.01258261171375,366.7323544753386,327.8091701453023,420.187439827109,403.1191125808341,358.49301969067477,462.1069926851522,167.1,167.1,167.1,133.49,133.49,133.49,0.26844998820880195,0.10461313471648764,0.44312339439717596,0.4381162747317901,0.39249622483221486,0.4789358535475516,3.8514545103234594,2.9890290395846852,4.724994349283091,0.42100814865036,0,0.990152295037964,0.5207276853773388,0,1.2246787013958143,0.12125549760863828,0.001194833153928958,0.3159893363184035,55.81694797053247,20.583222420135534,105.16210933783762,58.835136821699635,20.104562016155462,111.88420899728628,167.1,167.1,167.1,133.49,133.49,133.49,0,0,0,1.0430997647363685,0.9772340473475591,1.0865546100806907,0,0,0,10.680054506202218,5.763949277490605,15.119984145246244,13.209720715731661,7.129192096452074,18.701287307944366,4.265878936811878,2.30226445018797,6.0392970703172395,64.7190835623624,28.144487694793707,113.2369218963713,63.71163311831425,21.933915002128618,122.15255700665728,CIP+CRO+NDA
MSM,cip,0.7,0,0,303.3775227741054,301.5888180039258,305.77621253145674,303.3084801710367,301.48754782367365,305.71441549010837,361.89375905085063,322.71663749558604,414.6952150205076,360.39939790247877,320.70906831186306,414.3314008735693,167.1,167.1,167.1,133.49,133.49,133.49,0.16479146850859347,0.06458740640763043,0.2717151452574956,0.7287430391166074,0.6746354822353744,0.772545356865643,0,0,0,0.4962200829253938,0,1.1030294920276098,0.6137542374128354,0,1.3642918697126876,0.004400098194976731,0,0.009780817511987741,54.592308412416664,18.18190635103442,103.33732201318709,58.65932458928752,18.730360639327987,111.73207235825168,167.1,167.1,167.1,133.49,133.49,133.49,0,0,0,1.04291126068175,0.9801119360147769,1.0852661866367475,0,0,0,0,0,0,0,0,0,0,0,0,54.24962356538534,17.919135497949537,104.16858160267405,58.45535087498474,18.745176460875392,112.32035324976684,CIP
MSM,cip+cro,0.7,0,0,303.41873464658437,301.7047711643681,306.0159153948828,303.3098139583138,301.5803100245356,305.9123196763307,362.78665683784874,325.55779084806704,418.19070197127365,360.3157068331273,322.89490671990825,416.137434362448,167.1,167.1,167.1,133.49,133.49,133.49,0.16540004315082316,0.0643315918760398,0.2715990709626568,0.7144089248946373,0.6603123865090649,0.7610869278425795,0.658343333152467,0.2919385809431735,1.0544426598057512,0.4990947498944852,0,1.1152827611949607,0.6173097949046426,0,1.3794474350200931,0.004425588531577558,0,0.009889470082492413,54.86042495652052,19.95898520019677,106.79305013276242,58.67829694152848,21.253473511871572,114.24120566506161,167.1,167.1,167.1,133.49,133.49,133.49,0,0,0,1.043919628332453,0.9803484198951912,1.0870025844896813,0,0,0,0,0,0,0,0,0,0,0,0,54.23568433954884,19.33116438888764,105.93619362743617,58.366816808614495,20.906743330759078,114.24447486452219,CIP+CRO
MSM,cip+cro+nda,0.7,0,0,303.45769576269316,301.7485363985806,306.01250157576993,303.3498110251646,301.6472068610848,305.8183277810682,363.6984783642439,326.18566254204563,418.1797299541048,361.3126717067827,324.32155606287114,416.4622612860065,167.1,167.1,167.1,133.49,133.49,133.49,0.1661989228074022,0.06437451714330007,0.27151472068103544,0.7143751829362696,0.6657457735907293,0.7596319764464925,0.6349736447728594,0.28087528467355477,1.031026098870248,0.4994330268399718,0,1.1164949234879864,0.617728195763164,0,1.3809467087685292,0.018149062965800083,0,0.10732700091094681,55.69244187025325,20.64470062651289,107.75029146644405,59.63833303917758,21.967719891552164,114.09860212251806,167.1,167.1,167.1,133.49,133.49,133.49,0,0,0,1.0433050985987937,0.9850804201248853,1.085236534851386,0,0,0,0,0,0,0,0,0,0,0,0,55.149178158861766,20.5817255308523,106.41196464028273,59.3697296880014,22.372620781812074,114.48183904394666,CIP+CRO+NDA
MSM,cip,0.7,0.025,0,303.6301214026505,301.87917301924824,306.1066876914851,303.6590900241292,301.9086934088393,306.1833331724834,367.5124493025441,329.04527260718976,424.48344256154536,368.13405405776564,329.63178757284646,424.6100647945513,167.1,167.1,167.1,133.49,133.49,133.49,0.16878716248503883,0.06564962864041896,0.27581519546278416,0.7295533443596235,0.6797394533219077,0.773904344385761,0,0,0,1.7467435973188012,0.6636452502561612,3.065661101768092,2.1604754048000476,0.8208355495858877,3.791790289077757,0.5057711453772085,0.1640799541393087,0.9049386045260879,56.43122950801991,21.39761127488233,107.20084773996378,59.88392262851325,21.326260698400603,115.46652234383019,167.1,167.1,167.1,133.49,133.49,133.49,0,0,0,1.0444365196382235,0.9821651670582293,1.0860265644767837,0,0,0,1.785174196284567,0.654651357166503,3.0078435698726813,2.20800863405288,0.809711372664084,3.7202781588383678,0.7130428967425175,0.261484005898108,1.2014074012912166,56.61069794005052,22.041051582882993,107.15982565780337,59.93600831364322,21.97843604911256,116.66382322921943,CIP
MSM,cip+cro,0.7,0.025,0,303.45904330093003,301.66271056837144,305.9002804449572,303.63390969338536,301.8617458760474,306.2424660776959,363.82906808685397,323.9684106217213,421.01539597683984,367.5958307599543,328.2602493751289,425.84171185550764,167.1,167.1,167.1,133.49,133.49,133.49,0.16481652774940592,0.06314014906377086,0.2739316894245628,0.6977976926173756,0.6458035735978944,0.7472795385657739,1.4350832694682498,0.8996868702448992,2.022585788035227,0.5327206754877452,0.12809125628317833,1.1723718408558812,0.6589003210238665,0.15843081331142453,1.4500585726131647,0.015126211376448631,0.0011358147825077953,0.06492921373761021,55.11767030298364,19.011095776980994,105.91668703388139,58.634970068152136,18.943971251355443,115.10072614684587,167.1,167.1,167.1,133.49,133.49,133.49,0,0,0,1.0448975619774374,0.9851192506906078,1.0856192009638361,0,0,0,1.819148431502207,0.7087735192461557,3.1399959141573373,2.2500299700390376,0.8766528517725088,3.883731965082123,0.7266130498091576,0.28310174119114656,1.2541923287095909,56.067970482983384,19.604069589616582,106.18679277760674,59.27470794834266,19.34462213113605,116.69208101205372,CIP+CRO
MSM,cip+cro+nda,0.7,0.025,0,303.4426054950519,301.5901937348434,305.7437573210794,303.61569988356126,301.74164158312425,306.0043368321385,363.4322253632324,322.7158388630758,414.03563039043723,367.19776937665796,326.5733479348997,419.6822213798074,167.1,167.1,167.1,133.49,133.49,133.49,0.1692189261165461,0.06559054007661033,0.27236564312984074,0.6956360067489834,0.6433636397345824,0.7417661097852029,1.4191815106777421,0.9205903153966526,1.980198019801981,0.4989497443076508,0,1.1128978076062648,0.6171304434506597,0,1.3764975838926212,0.043208237756437055,0.001194833153928962,0.1570463921766385,54.632868546825385,17.475087387066242,103.1258433627338,58.31067667083963,17.907951949932436,110.03452644084027,167.1,167.1,167.1,133.49,133.49,133.49,0,0,0,1.0424365612017952,0.9824733371559632,1.0861137969766463,0,0,0,1.7805902794379136,0.7008762566669403,2.977496238494458,2.202338975598116,0.8668850520829406,3.6827427912294013,0.711211966543343,0.27994737844182227,1.1892859236677018,55.61732971497833,18.988589653557984,104.44516324945025,58.985627829399604,17.948392584954238,112.02210321821775,CIP+CRO+NDA
MSM,cip,0.7,0.05,0,303.8109021789372,302.0673184819278,306.2481831369696,303.9416699132829,302.20147092602826,306.3638846499598,371.5917396168102,332.8070447014677,426.03513381591273,374.39178348184294,337.0221321409724,428.0182230435797,167.1,167.1,167.1,133.49,133.49,133.49,0.1684404519370203,0.06195715403269895,0.2731588057671019,0.7305029087506324,0.6806721416382255,0.7767711945031713,0,0,0,3.0239257211090225,1.3876136149729772,4.797749815753104,3.740169511098498,1.7162822815646737,5.934139670658677,1.0208068057027364,0.4679072137188208,1.6313192654529594,56.77129481937741,22.515776048435058,106.94330464699557,59.4569114614993,21.951392105775625,112.48358690367097,167.1,167.1,167.1,133.49,133.49,133.49,0,0,0,1.044805874614178,0.9803797887183576,1.0869572018478295,0,0,0,3.6213812225110336,1.7823974402949905,5.785936458274394,4.4791376791930295,2.204574178629755,7.156387137199437,1.4464695728195534,0.711933791458295,2.311046676096182,57.48402456627669,23.212684527604534,105.91670589027599,59.69662958855283,21.51499595477145,113.3263879170059,CIP
MSM,cip+cro,0.7,0.05,0,303.5238275729915,301.709718479424,305.90589044963576,303.9692887841517,302.12404330188025,306.4884324153316,365.1310053655674,325.1584049732942,417.5098734583774,375.0593872862293,334.4882795638362,428.5428375554032,167.1,167.1,167.1,133.49,133.49,133.49,0.16738909214874223,0.06433290213003301,0.27326608730970164,0.6791857730904755,0.6292697823721437,0.7262037183559915,2.240773700556773,1.6279442392507744,2.911561334652475,0.5174549739597414,0,1.1116311984699536,0.6400188018708002,0,1.3749309670802332,0.02345509906479282,0,0.11554196842610852,55.53562626856766,19.254012960239866,105.47471970920523,58.96176874610141,18.11228403603506,111.28939039400113,167.1,167.1,167.1,133.49,133.49,133.49,0,0,0,1.0428830680602514,0.9800819890106021,1.087017168690793,0,0,0,3.6238740627739903,1.6970701820464578,5.812843521255138,4.482220970916256,2.0990363978770787,7.189667378142954,1.4474652751134327,0.6778519659875579,2.3217940251059,57.927785096747066,20.709034705443184,107.13599714690322,60.38776046450741,19.538228993954647,114.20521248544077,CIP+CRO
MSM,cip+cro+nda,0.7,0.05,0,303.5663569034888,301.72357447127456,306.00666897164234,304.01254223110084,302.11700021182844,306.5666693977029,366.10911446395386,325.5366259392405,420.16905884779425,375.8467207551868,333.41849011762463,430.52112384966574,167.1,167.1,167.1,133.49,133.49,133.49,0.1673899675268369,0.06540459977394962,0.2731866654370556,0.6794944812315616,0.6289888554216869,0.7251249282953371,2.205060239220978,1.5384411452810176,2.91808040018392,0.519091696974664,0,1.1604508042682784,0.6420431973365335,0,1.435313932136585,0.06830598233954431,0.0011610575346598193,0.222006693152802,56.41409508239923,18.940710844631738,107.22404814460441,59.910616407246245,19.394616184011394,113.75726619350309,167.1,167.1,167.1,133.49,133.49,133.49,0,0,0,1.0430207249772916,0.9850439644870981,1.0852324689967507,0,0,0,3.570136818516434,1.676517857142856,5.576353753094896,4.415755580850771,2.0736160714285754,6.897162898160116,1.4260012855553739,0.6696428571428572,2.227334140076251,58.80457849037587,22.10035741870737,108.60848138430171,61.321453789611994,19.62701595492798,117.19422821935336,CIP+CRO+NDA
MSM,cip,0.7,0.075,0,304.0213142238461,302.1458306158713,306.6279599214956,304.24143037353986,302.3562826701245,306.8605628552893,376.1701672688525,335.13381245328316,431.0106313164748,380.87044692730063,339.61364175238657,438.1351868713335,167.1,167.1,167.1,133.49,133.49,133.49,0.16717944053818898,0.06484250347168888,0.27397277958781796,0.7296500698869379,0.6743061327797375,0.774165570227194,0,0,0,4.295844596437733,2.1420909316520236,6.436345351314888,5.313353721572569,2.6494642830139203,7.960851180253085,1.5331036428215306,0.7598112064423876,2.3162294414435647,57.43183909982479,21.322018685082956,107.21348197262239,59.499584618961215,19.587935466514303,115.6732868946242,167.1,167.1,167.1,133.49,133.49,133.49,0,0,0,1.04281782427804,0.9779516126669078,1.0852065277914529,0,0,0,5.379920260312497,2.6236432712519506,7.954961079559018,6.65420237980655,3.2450765912121726,9.8391645945687909,2.148873725959617,1.0479482630020558,3.1774089629170006,58.521892184514,22.487465254563826,108.47376224146637,59.94754323469361,19.66708780029422,115.65603122481386,CIP
MSM,cip+cro,0.7,0.075,0,303.5249279402357,301.7768700146706,305.9655993719772,304.24264273274673,302.3552875918639,306.710502493016,365.1709493150566,326.56099503983927,419.8756957439444,380.9699603956331,339.5265124698348,435.81403677533467,167.1,167.1,167.1,133.49,133.49,133.49,0.16881162924816706,0.06493561865170866,0.27500033154091086,0.6616351093921918,0.6177298009545809,0.7045301551796701,3.06933778512743,2.315865393740389,3.910833484519567,0.5475770914433634,0,1.2504106548279705,0.6772756116646109,0,1.5465815760266388,0.03630440627447535,0,0.12410167247068078,54.81477376025494,19.451506155135352,103.89587379443208,57.85261443638504,19.289047754460096,113.42667369020643,167.1,167.1,167.1,133.49,133.49,133.49,0,0,0,1.0429465620072953,0.9832205185793195,1.086761217675654,0,0,0,5.357917476331326,2.74450479313103,8.144435102373876,6.626988040105282,3.394565243013894,10.07351723039262,2.1400852677469744,1.0962233556203211,3.253089591937164,58.73027864375508,22.916016213730636,107.07763337137844,60.15605937717626,20.164106242569172,115.05643496524414,CIP+CRO
MSM,cip+cro+nda,0.7,0.075,0,303.5593385199094,301.747262002028,306.07556653528104,304.28508240132425,302.3082874382873,306.8470654594265,365.99430915142057,326.01208691649134,420.94823332722393,381.9660088306594,339.41777413379174,437.4490035385039,167.1,167.1,167.1,133.49,133.49,133.49,0.1636485796305537,0.06330017064719708,0.27413625977398687,0.6624970444021895,0.6156374267539876,0.7077051893205288,2.966787355282395,2.209236613512903,3.753127695521074,0.5573507038957516,0.12997282993486153,1.246539245219662,0.6893641914377636,0.16075805447207595,1.5417931885074216,0.09566303432556057,0.002341343031347354,0.2666679684960271,55.62740565951225,18.949384357678742,106.56183436066881,58.697023928990326,19.036067221705043,113.59215981017114,167.1,167.1,167.1,133.49,133.49,133.49,0,0,0,1.0446891168053987,0.99045,1.0862068930868167,0,0,0,5.393342991209305,2.9252116413134726,8.048457258418926,6.670804404289318,3.618074120662781,9.954806177672166,2.1542350979426845,1.1684021574187098,3.2147536580999008,59.61564740158652,21.840743809921587,110.88412216441387,61.060933400929166,19.667719923039648,118.1614885832504,CIP+CRO+NDA
MSM,cip,0.7,0.1,0,304.36080103113284,302.4425608501699,306.86869145730236,304.66487642455667,302.7576165038306,307.28542544181715,383.6739969300226,341.80483427563826,440.5122342224741,390.503508271185,348.42406838366514,447.67343484967506,167.1,167.1,167.1,133.49,133.49,133.49,0.16350234576761588,0.06287747097567521,0.271684458930271,0.7296327213297312,0.6788807958743843,0.7732240513093734,0,0,0,5.518064532404274,2.8507627618097073,8.173177824517639,6.825067355425418,3.525991359729974,10.109067922751763,2.0267548307212637,1.0437267590760657,3.025898033803294,60.970413463116486,24.257355314502146,110.04972709430251,62.83005857860508,21.472132189010058,118.76694904282333,167.1,167.1,167.1,133.49,133.49,133.49,0,0,0,1.0438599100733181,0.9837218237704919,1.0884012557218854,0,0,0,7.137017421790723,3.857623762705791,10.523539415631808,8.827483682823596,4.771336373060694,13.016133629351925,2.8507019578969177,1.5408307088615552,4.20336292364268,62.60365298915393,25.921302725644864,112.90972705452108,63.50118963199479,21.64013212199937,120.13915230612442,CIP
MSM,cip+cro,0.7,0.1,0,303.5732446236961,301.8540015679267,305.82946505222606,304.57809052931333,302.75907196083153,306.9761170648368,366.09213157665107,328.80088556345584,415.8289987555573,388.36795106419174,348.94998657059494,439.52274795035555,167.1,167.1,167.1,133.49,133.49,133.49,0.16124759909482628,0.06274467712825993,0.2716679128513065,0.6449305970224611,0.5968077425783732,0.6873268529667536,3.839939465899428,2.988334265917428,4.833333333333334,0.5608225385566167,0.12821925192473677,1.2233238827078035,0.6936583611177581,0.1585891258628117,1.513079060230453,0.04452000594457585,0.0011369497494524443,0.16961283185840656,55.00679465793566,20.306623467139502,101.61396854178649,57.71821539240781,20.240225428182207,107.11056781028519,167.1,167.1,167.1,133.49,133.49,133.49,0,0,0,1.0439021145168583,0.9832966022370946,1.0850033013140075,0,0,0,7.2740288541947065,3.8890403059929697,10.603923085528873,8.996947495566117,4.810194204959972,13.115556888739757,2.9054277257527987,1.5533792562681616,4.235470157185207,60.508871083093155,26.01011253242563,107.23697671037282,60.88148113032349,21.30185947835864,113.65948884416377,CIP+CRO
MSM,cip+cro+nda,0.7,0.1,0,303.6450884903273,301.82118688699313,305.8777224353938,304.6533517870442,302.6531041536149,307.0283484058209,367.7810189987421,327.40994890234333,416.47478102255,390.04003525578594,346.5358864908897,442.65655900864044,167.1,167.1,167.1,133.49,133.49,133.49,0.1645046765404389,0.06506516880606122,0.27182660041522794,0.644649196808768,0.5953607437080966,0.6900740314254921,3.7707155874245815,2.8942449410083126,4.757103461860434,0.5738257121837874,0.13259543014962505,1.2353968225853105,0.7097414524478021,0.1640018409495624,1.5280115836466137,0.11970794659270438,0.0023310878699305602,0.32134120796448157,56.44958104287902,19.85369566437839,101.75753594642285,59.34409578875918,18.90105344784035,109.19090490870178,167.1,167.1,167.1,133.49,133.49,133.49,0,0,0,1.0444644588603689,0.9802810918026834,1.0874718095864648,0,0,0,7.243357063693083,3.9438170500641707,10.409989424894945,8.959010817795175,4.877945309645598,12.875688310085357,2.8931766510996493,1.5752584478607494,4.158008238095122,62.01596758626739,25.213700917864216,107.01129910145883,62.49752562693223,20.997531787568256,112.49681481680862,CIP+CRO+NDA
MSM,cip,0.7,0.125,0,304.5064956285804,302.5741808359052,307.01394697853453,304.90919167642573,302.98595964088065,307.29555515430354,386.73460451026057,345.2638144003479,438.0703612125204,395.90726722691113,353.31485227719077,448.6474470401446,167.1,167.1,167.1,133.49,133.49,133.49,0.16829187324393272,0.06423171523514877,0.27243813632140496,0.7297176790628059,0.6802291827634165,0.77462135914679,0,0,0,6.816963029388561,3.6053867975922613,10.037459268459829,8.431621551687417,4.459354832011567,12.414921061955862,2.5493793883166327,1.344524304556447,3.7495633970184277,60.455551728568246,24.535927550409987,107.1721468462027,61.23428876844706,21.017445761380706,113.87090294074186,167.1,167.1,167.1,133.49,133.49,133.49,0,0,0,1.0443895508622052,0.9855010879232577,1.0873256123857167,0,0,0,8.97909510658559,4.81936426769354,12.732753987242251,11.10587390439884,5.960873698410204,15.748620385402772,3.5864735207643346,1.9249737448847772,5.08577807446966,62.77479411978456,26.152669033214387,108.64991721842487,62.31252796572633,21.0863119077706,116.51579158641407,CIP
MSM,cip+cro,0.7,0.125,0,303.66019770428187,301.89050629352903,306.02414065050255,304.9397173675258,302.8923395171962,307.4980254217937,368.0967379809194,329.0146041354989,419.28983700798943,396.3144615698246,351.12851690132584,451.54233534380097,167.1,167.1,167.1,133.49,133.49,133.49,0.16410547950655974,0.06311883201200073,0.26993524738568964,0.626488138110169,0.5854656230333545,0.6708949532408901,4.619430536045488,3.666397849462368,5.646999516800478,0.5659515288499983,0.12608522727272853,1.2688237345396267,0.7000021985288808,0.15594963842974863,1.5693559579706877,0.0527425447496669,0.0011180268595041433,0.17093645484949868,56.07771270344327,20.008739909088025,105.27158575996744,58.72628590649252,19.7401253236093,110.53686391345998,167.1,167.1,167.1,133.49,133.49,133.49,0,0,0,1.043699581396738,0.9852802499736932,1.0857390278348855,0,0,0,8.956898358972868,4.554892402053114,12.949655172413784,11.078419659049123,5.633759311470555,16.016896551724145,3.5776075886614747,1.8193371153751063,5.172413793103447,63.13272107993928,26.80926207350836,110.03108723770193,62.695543515531966,20.912254423817263,116.71519793920953,CIP+CRO
MSM,cip+cro+nda,0.7,0.125,0,303.5907864463548,301.87224382390116,305.9816711158317,304.8438327083229,302.95039568468394,307.31202003366155,366.49423232309545,328.8570028435208,417.15931074126553,394.282244452627,353.2521778776308,447.7989810585241,167.1,167.1,167.1,133.49,133.49,133.49,0.16244737501514012,0.06310489138336148,0.2703030181249379,0.6271695023494798,0.5799940152339499,0.6704769375695168,4.541449755964134,3.6254018554239,5.555555555555556,0.5380106326581272,0,1.214427780548858,0.6654432517531385,0,1.502075836893917,0.1410626458880988,0.0024314114879787434,0.33806426952308927,54.74134384166196,20.198243928384155,102.75949890754693,57.1593103840227,19.74187847659244,107.62824751649283,167.1,167.1,167.1,133.49,133.49,133.49,0,0,0,1.0446105060134152,0.9900156279665846,1.0865983915783186,0,0,0,8.867735299349807,4.586128087438424,12.80305442650335,10.968137533138924,5.672393447660101,15.835572111004282,3.541993648885527,1.831813423645324,5.1138578153472265,61.53714963942351,26.823432941934485,110.1847391929215,61.24121235535541,21.161307774348035,115.96519450374319,CIP+CRO+NDA
MSM,cip,0.7,0.15,0,304.75961734750183,302.79450849408045,307.34474854886105,305.2862127538227,303.1948019789088,308.0122122756326,392.4533813338784,349.53322238549447,449.8322248056726,403.8182355730646,357.621913186633,463.41170834599114,167.1,167.1,167.1,133.49,133.49,133.49,0.16394567490126058,0.06454570836173815,0.27409620754551683,0.7297001931910744,0.676829268292683,0.777045,0,0,0,8.017043409328492,4.283525074132824,11.766726638997177,9.91595167811416,5.298116210480769,14.553780839718272,3.037899905551721,1.6368154726254243,4.488807899736859,62.37340486177098,26.654417511023738,115.29431322862669,62.716588439602035,21.367989247378834,123.05360944759228,167.1,167.1,167.1,133.49,133.49,133.49,0,0,0,1.0438928822285387,0.988908129063558,1.0860434405492223,0,0,0,10.740998454888937,5.992573319861135,15.3902303087508,13.285099782476864,7.411967783304838,19.035543686722217,4.290221463048784,2.393582569045029,6.147240097759545,65.19101429197075,28.83862379790248,117.23325488249981,64.017519862703125,21.545695813819034,125.05125214539203,CIP
MSM,cip+cro,0.7,0.15,0,303.68847979266906,301.91557015155337,306.06340340675524,305.25050937950937,303.0535638067842,307.764438710932,368.797594392918,330.1523877165566,420.8086156382288,403.2417611688487,356.2707048404707,458.88212226263124,167.1,167.1,167.1,133.49,133.49,133.49,0.16336792449467652,0.06408502780921901,0.27329186761969215,0.6093307987477664,0.5619717342192692,0.6548945070495902,5.43508366485597,4.4182211015710005,6.464729917871923,0.5958383321625812,0.1334435211599539,1.2619944114715487,0.7369679578904974,0.16505080988333332,1.5609090487948531,0.06842364196858662,0.0011846318036286042,0.22247297326267465,56.003679577890814,20.41233831675129,103.14459995943284,58.261395950118235,19.7884434564731,108.42780984893612,167.1,167.1,167.1,133.49,133.49,133.49,0,0,0,1.0437814451779712,0.9812098239546314,1.086807477768362,0,0,0,10.83347618959395,5.66712400906002,15.368202909617809,13.399481693839522,7.009432899207256,19.008298901550734,4.3271593663500365,2.2635900339750834,6.138441807644114,64.4916161515607,27.5636098327075,111.87524211652777,63.193515107201186,21.33864055858754,118.8380404056723,CIP+CRO
MSM,cip+cro+nda,0.7,0.15,0,303.72452726592064,301.9830137383377,306.12372982270045,305.2808631530356,303.31551912415284,307.9167438417879,369.45410817337046,331.4354216147624,421.83362379290077,403.94461964114157,360.03421035337675,461.8684329180667,167.1,167.1,167.1,133.49,133.49,133.49,0.16697847139726163,0.06596073085708205,0.2741301354832375,0.6080653884829259,0.5602917951686498,0.6507414803640322,5.318340040492856,4.270070890562697,6.464136132103944,0.5798657099832872,0.1330111150927994,1.2299344978165896,0.7172120776219236,0.16451598458075006,1.5212554585152889,0.17125876357525552,0.003704115684093448,0.3862812954995195,56.59398228453924,21.680859719103818,103.60378179403006,59.01825995934096,20.710069613381744,112.11590166662438,167.1,167.1,167.1,133.49,133.49,133.49,0,0,0,1.0436425499257538,0.9863667177411977,1.0868781522628137,0,0,0,10.868746578531491,6.2635815155918895,15.482337935243473,13.443106189119916,7.747166688441378,19.149467826439917,4.341247235393629,2.5018299710784015,6.184030170651649,65.03681959244857,28.935241271918706,113.06178636371757,63.86851540429348,22.124300209245945,120.50640396521287,CIP+CRO+NDA
MSW,cip,0.1,0,0,306.95330795114916,302.57068442814887,313.7460565910611,306.97649107938327,302.42339555557913,313.47332326151894,560.9481966341192,380.35184465300915,840.131599356103,562.208223192428,376.9431652983112,855.4290828762323,167.1,167.1,167.1,133.49,133.49,133.49,0.4755590327043958,0.19090292148121746,0.7793308755729765,0.12173221576660956,0.09081303000934553,0.1530257912710693,0,0,0,0.0858262029422226,0,0.5027562119706193,0.10615490494922777,0,0.6218385069452891,7.610407833988423e-4,0,0.004458055562289406,254.93741305170477,76.86271587931361,534.817499526625,259.3136630769041,78.7943573240633,538.8554825227626,167.1,167.1,167.1,133.49,133.49,133.49,0,0,0,1.0430669990113355,0.9765962569883189,1.0898202121821843,0,0,0,0,0,0,0,0,0,0,0,0,256.0440594164983,71.42196914385335,548.0671953681353,260.26399383366515,75.12884269484164,553.418689228576,CIP
MSW,cip+cro,0.1,0,0,307.0979519700022,302.72447552237855,313.72709064828643,307.07202209816734,302.64511219307707,313.9528724970958,567.2090786761976,387.7134983400967,846.4951607543252,566.886118347653,385.4920659344655,840.0501863895876,167.1,167.1,167.1,133.49,133.49,133.49,0.4896374585486297,0.1895396544035674,0.784496970508776,0.11973629912880915,0.08923163519203774,0.1531928614988481,0.11186333156283872,0,0.3847465886939563,0.08050135454514612,0,0.5069050483351232,0.09956881869487909,0,0.626970032223417,7.138241216257565e-4,0,0.004494844253490864,261.1466268853097,83.31093352101473,540.9317263753402,265.44275689169854,86.0205503448752,545.2812122320336,167.1,167.1,167.1,133.49,133.49,133.49,0,0,0,1.0442248187198493,0.9799155110995598,1.0873469387755104,0,0,0,0,0,0,0,0,0,0,0,0,260.742511651626,78.92736021976924,536.7187699238627,264.93729522848713,83.63680087104042,538.0644956350069,CIP+CRO
MSW,cip+cro+nda,0.1,0,0,307.0456162435968,302.6624588406176,313.5533786342443,307.14966229217583,302.5751035799341,313.9473851160771,565.9107840083526,384.3406138508934,831.8088344685877,568.7337945751133,380.391128895011,848.161191438986,167.1,167.1,167.1,133.49,133.49,133.49,0.4890497977304506,0.19477451054912928,0.787117272530624,0.1201371727707466,0.09101224193548377,0.1507744415486132,0.10295100230128615,0,0.3246929317970528,0.08368162688860475,0,0.5109648971244948,0.1035023669209353,0,0.6319914924251888,0.0033206928919831936,0,0.010959182122223613,259.91618958997225,79.19805017189503,523.2187733113212,264.1428187706891,82.92778282898696,530.1839841591913,167.1,167.1,167.1,133.49,133.49,133.49,0,0,0,1.04500541212539,0.979903580598224,1.0887060868589384,0,0,0,0,0,0,0,0,0,0,0,0,262.6316731045112,75.1151415050855,543.8204939939076,266.78729223798683,78.33894397991077,546.1657480541215,CIP+CRO+NDA
MSW,cip,0.1,0.025,0,307.04636214715765,302.5070876890872,314.2728378750424,307.2530167920402,302.7630593709702,314.5320283545101,566.127610556107,379.42219104746545,859.9113280444079,574.2520897546847,388.6668999207839,870.0126231387381,167.1,167.1,167.1,133.49,133.49,133.49,0.4898645111959138,0.19162539933385417,0.7880490849392973,0.12283151616209918,0.0917205698129622,0.15417710348162475,0,0,0,0.3275131815480727,0,1.0177235772357707,0.405087601047197,0,1.2587804878048787,0.09846443458006704,0,0.3254688035163822,259.74086841718764,74.63436230865703,556.959691633945,263.61184902397747,78.08099551150934,556.0627239987342,167.1,167.1,167.1,133.49,133.49,133.49,0,0,0,1.0447146141281112,0.9774531152013045,1.089619423684967,0,0,0,2.0734938028003778,0.7276160837834202,3.8558451529900926,2.564619312091249,0.8999584458554671,4.769136483763024,0.8282049060554313,0.29062792929518366,1.5401202879813427,262.3785976083833,76.79618819911383,556.7332087484309,264.86137454357606,78.60543356305818,559.4855454032247,CIP
MSW,cip+cro,0.1,0.025,0,306.9466297192035,302.6977894865514,313.6924734348716,307.12365670252854,302.7673777013954,313.95804878136425,560.6482010382521,387.3917153076674,824.7917231473282,567.917379788115,387.0502359533673,837.2549907584156,167.1,167.1,167.1,133.49,133.49,133.49,0.4821780369914845,0.19534790104348107,0.7873245175508256,0.11635625929153902,0.08701621850118434,0.1480072691552064,0.2393007679497425,0,0.5871129273627275,0.08626648776998343,0,0.5099241822187106,0.10669947516717156,0,0.630704274907519,0.002479390882287518,0,0.004983947988995097,254.45527884323704,80.11273139237105,520.2483661387496,258.70777942340345,85.66974355929008,523.1038045095912,167.1,167.1,167.1,133.49,133.49,133.49,0,0,0,1.0434474572264145,0.9793979895755771,1.0893637337420405,0,0,0,2.073290605925676,0.735202389705879,3.895845629782349,2.5643679862236173,0.9093416360294144,4.8186114304138155,0.828123744178653,0.2936580882352932,1.556097471553903,255.78251879824344,76.74650603208241,525.4512124318823,258.6553444100737,79.152925529779,527.0691422702686,CIP+CRO
MSW,cip+cro+nda,0.1,0.025,0,306.9128930598933,302.4992859663869,313.3214699849393,307.15118229761003,302.8447692753177,314.0996461312139,559.4610386719382,381.1778872814088,823.6216659571631,569.4650155187976,393.2930021548856,844.0976508874895,167.1,167.1,167.1,133.49,133.49,133.49,0.49266029636569303,0.19028509437219837,0.7938059956584633,0.11620992060333916,0.0843578329718005,0.147856560636183,0.23911928486755607,0,0.5533148553246496,0.08759007302628363,0,0.5162596230603402,0.10833656340197718,0,0.6385403214445812,0.007261427494257688,0,0.10452150447929758,253.1804199206331,74.65836143654758,517.3367360425474,257.46203172853575,77.96233630191531,522.182468644908,167.1,167.1,167.1,133.49,133.49,133.49,0,0,0,1.0408827393542681,0.9800722205003035,1.084630831643002,0,0,0,2.082226478337326,0.7524355510225207,3.903945523648649,2.575420399752103,0.9306566253779905,4.828629856418923,0.8316929534819164,0.3005414407343525,1.559332770270271,257.15542711362116,79.30934987764797,536.1012212222869,260.1102401548878,85.27379303730167,539.0859614775732,CIP+CRO+NDA
MSW,cip,0.1,0.05,0,307.1832501891159,302.70274543899234,313.5996894833318,307.4585612069479,302.97218448777147,314.15093151530345,570.7537451023936,387.30064132497245,838.4300137909617,582.7651773548388,399.51484879750376,848.5692813395733,167.1,167.1,167.1,133.49,133.49,133.49,0.48386249144307814,0.19080881509227207,0.7908106139007686,0.1226517274031553,0.09213438735177863,0.15598025259284035,0,0,0,0.5868777846135671,0,1.496175298804778,0.7258850246981835,0,1.8505577689243053,0.20172938760422016,0,0.525359254569479,263.41528553818205,80.5985844174783,531.0316620675288,267.3470716746464,83.49476864662859,534.7095044253484,167.1,167.1,167.1,133.49,133.49,133.49,0,0,0,1.0447026823513816,0.9851167231561823,1.0871651549508694,0,0,0,4.097227083512673,1.6905992129492118,6.732930821228548,5.067691878417217,2.0910327220077174,8.327685565192644,1.636534224122333,0.6752673002672991,2.6892997368703253,264.7522472296051,82.88045253314755,530.8763919793639,266.17938698965344,81.50786953050714,531.1440628783847,CIP
MSW,cip+cro,0.1,0.05,0,307.0961864190013,302.55685324060875,313.8403151078614,307.4463958898564,302.9903353660149,314.13090801307845,566.5817205640009,379.88310781410644,827.6788891757451,581.2141320207844,400.2350996194009,854.4122351752692,167.1,167.1,167.1,133.49,133.49,133.49,0.4862341466964198,0.194790360280622,0.7864711531367224,0.1136183973564039,0.08385376426162565,0.1440169916073365,0.3719287814730671,0,0.7938496039698444,0.0940390527919649,0,0.5027816022153122,0.11631304157037807,0,0.6218699110959979,0.004657028836693983,0,0.10183299389002005,260.24208439777226,72.40349439607411,524.083777052013,264.4364481154952,77.7773804431231,525.7937721291678,167.1,167.1,167.1,133.49,133.49,133.49,0,0,0,1.0436821820048519,0.98325033645288,1.0874115454332827,0,0,0,4.047741009954976,1.5712150618879892,6.793347418553986,5.006484586765688,1.9433713694848962,8.402412372701024,1.6167682576909153,0.6275823062342272,2.713431625880326,263.2935158453329,85.2989960484898,532.4836697097164,264.89854929664415,83.47442501356011,538.7019073698375,CIP+CRO
MSW,cip+cro+nda,0.1,0.05,0,306.9003970235291,302.71934805748396,313.98842149294904,307.2908371744369,302.89598408204836,314.15548678431355,559.3945148928776,390.04468185724437,848.4799181412887,574.382373034483,396.5188440449613,842.7476204669051,167.1,167.1,167.1,133.49,133.49,133.49,0.4863240733069217,0.1862073641313292,0.7777997062867769,0.11321130220884089,0.0837251952279612,0.14499163571663398,0.3733958573086676,0.09560229445506692,0.7762213563249314,0.09385363836581401,0,0.5172727272727263,0.1160837100829124,0,0.6397933884297525,0.013527381293756845,0,0.10828829759366101,253.02899257640408,82.53676817907557,544.6587366197471,257.23484994779136,88.5466520475136,546.2441611237454,167.1,167.1,167.1,133.49,133.49,133.49,0,0,0,1.0430259280270915,0.9813271031257015,1.0880310526203483,0,0,0,4.112853455657932,1.7880136627064627,6.687006517352033,5.087019496241553,2.2115206534337877,8.270883680153501,1.642775785132582,0.7141770501303988,2.6709564296820716,256.3215579626792,77.95718584113823,521.7864005213227,257.7148141631162,81.171781621006,522.103996772277,CIP+CRO+NDA
MSW,cip,0.1,0.075,0,307.2567113555694,302.58398619757855,314.577023203387,307.8000065520271,303.21365432231295,314.62220856358323,573.5341115603222,380.99498936742344,861.0984659930164,596.3007725301305,411.17744332703734,871.9156264097454,167.1,167.1,167.1,133.49,133.49,133.49,0.4993927221552722,0.19203129287075624,0.7828732305670533,0.12290321051966667,0.09269821428571426,0.15620722662199205,0,0,0,0.823319709984767,0,1.8688615382141052,1.0183303299004753,0,2.311518069673183,0.2960574471873367,0,0.6833768596953297,265.54466271627325,75.30301273354672,554.2005655975469,269.2687641098848,76.99665772472957,555.2357357261085,167.1,167.1,167.1,133.49,133.49,133.49,0,0,0,1.0440748451149207,0.9795353227807334,1.0877664366060216,0,0,0,6.162101591679822,2.954892703862659,9.42302023343808,7.621650339030092,3.6547854077253232,11.654946658757138,2.461296369899274,1.1802575107296145,3.763788238312062,272.37424962915105,84.63568791342253,547.8252432984999,272.4824422184463,85.07421416423422,547.0496529297557,CIP
MSW,cip+cro,0.1,0.075,0,306.8433877958548,302.66105199615214,313.285520485242,307.3933260375758,302.94742135275425,314.25820363223204,556.0264076171466,386.79859283539986,820.6488759015958,579.1311273037461,398.05629440673425,849.7040637744223,167.1,167.1,167.1,133.49,133.49,133.49,0.47866740726440776,0.19326135614448822,0.7853156165036371,0.1107770478423874,0.08290027318883529,0.1417595654256442,0.5101091221682267,0.1028701173851452,1.016311907009091,0.0914955106887518,0,0.5205532923319975,0.11316703882360964,0,0.6438509845962841,0.007385987293310824,0,0.10331650149171871,249.63871010690207,81.00267626788848,515.7501626379169,253.71049226599578,84.81565310852304,519.3150627840927,167.1,167.1,167.1,133.49,133.49,133.49,0,0,0,1.0449022656323432,0.9814028184366242,1.0887027449766904,0,0,0,6.115458789732655,2.9173176341122264,9.334353035640282,7.563959773240989,3.6083103474164835,11.545277843970172,2.4426660767425523,1.165249094948163,3.7283723580605033,255.33961292861105,77.13869368640658,523.5905232554866,255.47965903922733,76.19616038199538,523.3669049403283,CIP+CRO
MSW,cip+cro+nda,0.1,0.075,0,306.99827358741027,302.485622583761,313.6786272670859,307.5404592806835,303.0673629047272,314.353093705011,563.0719009146243,377.2238364215016,831.1516919760552,585.0964254809718,402.55744258693187,856.8728311619672,167.1,167.1,167.1,133.49,133.49,133.49,0.4787719698122623,0.18863464717113196,0.785210650822291,0.11005850855862401,0.08178517801857584,0.1405449505076023,0.49758251855138647,0.10060362173038229,0.9729001015056683,0.09064176122409838,0,0.5078554189547994,0.11211107118011777,0,0.6281455066046588,0.016576044906557445,0,0.10783695681955183,256.60305783879437,69.80118876878488,525.555007698152,260.78647210285953,74.94730807368845,529.2973908337331,167.1,167.1,167.1,133.49,133.49,133.49,0,0,0,1.0432247901405307,0.9813479562493582,1.0868542293315284,0,0,0,6.136941928919852,2.6525579370476535,9.648762677484783,7.590531385641961,3.280839953611507,11.93415821501014,2.4512469759226123,1.0594974984213357,3.8539553752535465,261.1482248122774,83.05742129183825,535.4283924939344,261.20045028175,83.19072954109716,535.0630356872399,CIP+CRO+NDA
MSW,cip,0.1,0.1,0,307.1524264684741,302.6804395571862,314.43005589114796,307.84427533721015,303.4198643492945,314.71246364837384,569.0605798200338,387.2645492553302,846.0951652129252,597.891501909138,418.7967918479846,871.7548335896666,167.1,167.1,167.1,133.49,133.49,133.49,0.49521547221389073,0.18854625800222957,0.7935507407384934,0.121630686013627,0.09230290456431536,0.1541666666666666,0,0,0,1.0318124304013314,0,2.2994600660756084,1.2762064115596592,0,2.844107701154238,0.38118701913492126,0,0.8566401966833935,260.31605635192,77.61307145199281,539.8714298814834,264.0501805472985,82.05178274456578,540.5850835337933,167.1,167.1,167.1,133.49,133.49,133.49,0,0,0,1.0437067519391219,0.9791227547010948,1.0864311763817578,0,0,0,8.2935417557677,4.221510100299963,12.254080851063826,10.257941125143896,5.221412436726663,15.156569245647958,3.312646491359522,1.686175946756656,4.894584139264991,267.6777322348073,84.68008161076814,539.1147668498942,266.41207133514973,85.25416750159656,540.1115674813187,CIP
MSW,cip+cro,0.1,0.1,0,306.8204776743489,302.6030912423299,313.3477230804625,307.61509290857447,303.28227419712215,314.3154658138741,555.5919745955478,384.2142067053697,833.1272375944352,588.7349157161254,412.0384545999204,861.5704332919205,167.1,167.1,167.1,133.49,133.49,133.49,0.4852532494910262,0.19083709099692,0.7835861017950241,0.10742173363053915,0.08115991985992316,0.1381621822383625,0.6347625231236942,0.19801001839314467,1.1906544054747652,0.08712430898462711,0,0.5151705867379356,0.10776047899097152,0,0.6371933371515821,0.006774413996804199,0,0.10438959303290503,249.10444560664095,78.12952555884716,526.8408489327986,253.1375425533527,81.43827881265504,531.5420195693744,167.1,167.1,167.1,133.49,133.49,133.49,0,0,0,1.0444849020386342,0.983508413593836,1.0865909316806504,0,0,0,8.220120481328081,4.144853103065193,12.06562670862823,10.167129366704161,5.126598545674896,14.92347805797181,3.283320211426778,1.655557238802203,4.819310875790154,258.80963612695285,81.57327266223527,529.0715872019292,257.43520689964953,79.61336783153715,532.54830852015,CIP+CRO
MSW,cip+cro+nda,0.1,0.1,0,307.0264050367231,302.52493135740724,313.57094932839794,307.8188905597162,303.3202853448559,314.5301164083374,564.500243688313,381.2614288885862,828.8179969177652,596.2769428129029,413.80058584294517,862.816826968695,167.1,167.1,167.1,133.49,133.49,133.49,0.4886789448466231,0.19287435723783583,0.7871622219729303,0.10853844184649007,0.08100591715976325,0.13616538461538466,0.6307195471536646,0.19916381903217145,1.1411977005532499,0.0914967723268758,0,0.5183705703461239,0.11316859929198098,0,0.641151265431305,0.022162480060654265,0,0.1121124596171458,257.9575291651156,74.82981227687031,523.8926793628325,262.0031904922837,78.05153127366444,526.6366061462772,167.1,167.1,167.1,133.49,133.49,133.49,0,0,0,1.0445491073856938,0.980765977443609,1.0904634706688405,0,0,0,8.292894831636488,4.24307347440779,12.313679979072202,10.257140971259608,5.248083288405167,15.230284958937114,3.312388093799524,1.6947888937561082,4.918389510733422,266.20214734128075,86.74406609788325,528.0949866354835,265.05194772996816,85.34177035523629,534.1221394856462,CIP+CRO+NDA
MSW,cip,0.1,0.125,0,307.42468420590427,302.624967127526,314.2645293460786,308.19303925806895,303.5297703450133,314.6302223103538,580.6782753511916,386.1825895966034,860.0124790356471,611.7827017137345,421.2895625914463,870.9330252316685,167.1,167.1,167.1,133.49,133.49,133.49,0.48387663853975726,0.19397150182452683,0.7872795611645899,0.12171412087473686,0.09109053037346419,0.1545064613316071,0,0,0,1.283922609908178,0.25541767330414084,2.581567524701542,1.5880311366998179,0.31591562835660447,3.1930348286430763,0.4827590177395173,0.09999999999999926,1.0022718938113233,271.1599255175178,75.8029846311193,549.6886259460883,274.75980580780544,77.89140639869922,553.3830297410202,167.1,167.1,167.1,133.49,133.49,133.49,0,0,0,1.0432805985303835,0.9812544201520913,1.087701141620052,0,0,0,10.192049681581818,4.995840747973203,14.834318528657967,12.606127593859346,6.179150207770335,18.347959241029827,4.070957693554009,1.9954628327101753,5.925195130475302,275.89117965359304,89.67415387653537,531.5442122527828,273.4618992632595,86.26254724101737,529.7516028303129,CIP
MSW,cip+cro,0.1,0.125,0,306.9893500586581,302.57609269991343,313.95956108557374,307.93899748323435,303.4319406022337,314.8905828978489,562.8074047523437,382.4659181061438,845.4440924673149,602.8634427041447,416.195919603027,888.4384940183617,167.1,167.1,167.1,133.49,133.49,133.49,0.4902640785605596,0.19052853407591275,0.7829182247218353,0.10501063088063314,0.07708128492873985,0.13707824053936501,0.7695324952959787,0.2895752895752899,1.3320756051699605,0.10100052085957997,0,0.5194460839709821,0.12492339546803627,0,0.6424815240551728,0.01110110894130812,0,0.10549903487578133,256.14308860986165,76.54601279088828,537.1755049275534,260.1247267197553,79.94567612842698,541.8956828258724,167.1,167.1,167.1,133.49,133.49,133.49,0,0,0,1.0423319563097246,0.9800925054555374,1.0881402828270648,0,0,0,10.261387743873376,4.973307244840361,14.94686567164178,12.691888994918637,6.151279443350632,18.487164179104465,4.098653037175818,1.986462392091531,5.970149253731344,267.00329713254723,82.55228275075012,542.0177269820131,264.2058983468762,75.44161222489609,550.171487340779,CIP+CRO
MSW,cip+cro+nda,0.1,0.125,0,307.1904873203007,302.57744460431934,314.0997246877017,308.11160051661017,303.4716140576726,314.7503200721485,569.7556158989855,382.9215090852908,858.1927445964163,608.6775597164718,418.86588076650065,884.2187022005062,167.1,167.1,167.1,133.49,133.49,133.49,0.48786343818712447,0.1952153318165569,0.7883800502002525,0.10521275771427842,0.07981522543023757,0.13593134566326526,0.7655272757809926,0.30301502932551233,1.3412550481515981,0.08961140889454049,0,0.5078296146044583,0.1108366707073152,0,0.6281135902636892,0.022091445240340724,0,0.10991990058398189,263.06648498750303,74.56459611939202,549.5156282254928,267.10191075944886,80.57277464617762,555.8518234736498,167.1,167.1,167.1,133.49,133.49,133.49,0,0,0,1.0441195741112217,0.9787196425530771,1.088880606551235,0,0,0,10.422723452407798,5.377811579657514,15.273029914529916,12.89143850564227,6.651594239322362,18.890583333333332,4.163094524847339,2.148031466551173,6.10042735042735,272.52193675189585,83.68619345103565,551.1514003845282,269.9386149660966,81.04779328392274,548.204970173278,CIP+CRO+NDA
MSW,cip,0.1,0.15,0,307.0182294053546,302.5293273048266,314.08041766964544,308.13881169913543,303.5941532598125,315.1084960196815,563.6784981462653,378.82026851584544,856.3560832934415,609.8812837753011,422.41738508590726,897.8666538301818,167.1,167.1,167.1,133.49,133.49,133.49,0.4868252874394225,0.18864193623780962,0.791918666942249,0.12225727968320549,0.09197709904967181,0.15533191332088386,0,0,0,1.5228739135347322,0.26847174085170983,2.974199809729514,1.883580188788805,0.33206166828623174,3.6786655738969407,0.5795692765272201,0.10386770560370921,1.1390771537954016,253.710799724078,68.79607768107424,547.1420018121057,256.83134488921183,70.44791839711843,549.9439970359515,167.1,167.1,167.1,133.49,133.49,133.49,0,0,0,1.0448685066135297,0.9848566524935778,1.0907152146985961,0,0,0,12.351129986621343,6.473381123280159,17.41701699928725,15.276605334946337,8.006659205284123,21.542392890235213,4.933347973566601,2.585629143345647,6.956789023521024,268.1355326079309,79.72247037245312,550.9045276070926,263.6509317537459,72.66959951043842,547.27975563658,CIP
MSW,cip+cro,0.1,0.15,0,307.02122904281,302.5664531487084,313.3922685224524,308.17489097396304,303.73162977560014,314.68497728487563,563.8804019430812,380.5955791090279,828.7676760783115,610.8012789006615,433.7382768260367,875.7927873883388,167.1,167.1,167.1,133.49,133.49,133.49,0.4824053097528024,0.18694296054253928,0.7864325058874432,0.10284554385060792,0.07536650125484831,0.13376640945698043,0.9246912458923547,0.399201596806387,1.578065498857577,0.10081209712334752,0,0.5249189804700437,0.12469034188854378,0,0.6492507249255202,0.011027392445923937,0,0.10571409455842931,256.91326557241484,73.57485522398727,523.5858771989062,261.0011434183319,77.91356811627404,526.6599121268252,167.1,167.1,167.1,133.49,133.49,133.49,0,0,0,1.0429622274677905,0.9819996609935762,1.0872653050909138,0,0,0,12.534832126286787,6.637796706864561,17.99223050565536,15.50381896559341,8.21001808694553,22.2538508483034,5.006723169151137,2.6513008095800323,7.18654357950765,268.420568661784,89.9430279552696,528.2011519211079,264.2815978152248,82.18690244777207,526.5191639414714,CIP+CRO
MSW,cip+cro+nda,0.1,0.15,0,307.1773159390618,302.776706978508,313.6287911186517,308.33223350857304,303.76962896456325,315.0118736884157,570.3138205219947,393.27168532654406,830.9797053144875,617.2102806915815,432.3411464709479,892.9753313061593,167.1,167.1,167.1,133.49,133.49,133.49,0.48560450195351135,0.18574652336298883,0.789026701505331,0.10137480424322559,0.07428804218707578,0.12826483398237346,0.8983220901806974,0.37857744107744185,1.528562388419985,0.08504811050448333,0,0.512009868751886,0.10519251437457396,0,0.6332839749069712,0.028500135429636274,0,0.195855548833769,263.6005634960436,83.41996455688897,523.721294267994,267.5021997250293,90.22191111966075,528.1425936954823,167.1,167.1,167.1,133.49,133.49,133.49,0,0,0,1.0436442103943975,0.9883784973741399,1.0883205476376085,0,0,0,12.434549357754316,6.430262501199738,17.849709261271045,15.379783328495773,7.953327552809992,22.077572175448136,4.966667741553888,2.568406495126907,7.129617055947855,275.24110579079183,93.76127566570531,550.60558369030025,271.1261080271253,88.66585849262242,544.5005231749582,CIP+CRO+NDA
MSW,cip,0.3,0,0,306.8225119285283,302.4511259373996,313.2977295437364,306.90463893570785,302.54212556504564,312.678166881996,556.4172303905926,376.9936948555026,826.6798792750541,559.5138234148532,381.4596282768996,806.6701302087904,167.1,167.1,167.1,133.49,133.49,133.49,0.37478910015979755,0.15237883033052158,0.6191995817402517,0.3231560386544681,0.2754240121115734,0.36927268145161296,0,0,0,0.2437451530225566,0,0.7943384873696842,0.3014783674906729,0,0.9824846461051965,0.002161344622583782,0,0.007043583008310825,249.88533434021568,70.70409011182987,521.9988272300415,254.16961815476066,75.28133364245649,523.7828571537933,167.1,167.1,167.1,133.49,133.49,133.49,0,0,0,1.0425718418856167,0.9759831830528939,1.0879837328767126,0,0,0,0,0,0,0,0,0,0,0,0,253.26440724111873,75.31283874521763,500.04297372553316,257.5709039142681,79.60342741597896,504.7166558388018,CIP
MSW,cip+cro,0.3,0,0,307.0164221983609,302.4204143438065,313.9963526775015,306.9198752565471,302.5605835912549,313.2084940965649,564.0880765533908,376.82767674568754,852.2546426399056,560.548913602966,381.7801339437932,824.815812421837,167.1,167.1,167.1,133.49,133.49,133.49,0.38643183450884033,0.1471749415712942,0.6187274893937991,0.3174823456815674,0.26768603411513864,0.3669614507815447,0.3051503344810927,0,0.6931728531418868,0.25818211041856476,0,0.7990638683482321,0.31933484706907167,0,0.9883292757337945,0.0022893604614523636,0,0.007085484053894673,257.2149474965876,72.25282902085488,543.1220018829146,261.3573332299727,73.10254692798748,550.0183952367431,167.1,167.1,167.1,133.49,133.49,133.49,0,0,0,1.042492665031342,0.9746215084505618,1.0878,0,0,0,0,0,0,0,0,0,0,0,0,254.28126471970708,75.51802379660298,517.8875048876473,258.60032196059194,79.84135693771083,522.9095476618292,CIP+CRO
MSW,cip+cro+nda,0.3,0,0,307.05568937786353,302.51935216811023,314.19745061154407,306.9808657731502,302.5099691062673,313.8340145767464,566.1471731892121,383.1721659007237,863.0693763993008,561.9058041196105,382.78917275201286,833.8447368720522,167.1,167.1,167.1,133.49,133.49,133.49,0.38115138569485113,0.1474915935448138,0.6226586432189736,0.31841418690665724,0.2732148330058939,0.3707729388045223,0.2929950353596388,0,0.677294226664675,0.2484997091551813,0,0.812945496894411,0.3073590826689306,0,1.0054988918689987,0.00750683050389932,0,0.1052715582862117,259.5206518173365,74.66463328046257,558.3718282119719,263.5033407815413,79.98638283840081,560.4479570555287,167.1,167.1,167.1,133.49,133.49,133.49,0,0,0,1.0439914585389571,0.9821753496503498,1.0864830508474577,0,0,0,0,0,0,0,0,0,0,0,0,255.85306233105732,76.3045748764153,528.2099356850506,259.96080888514797,80.72476479893704,532.0412823201885,CIP+CRO+NDA
MSW,cip,0.3,0.025,0,307.06427972410404,302.75108296259054,313.35266395494835,307.25146548274836,302.7039920723761,314.2744313922687,566.1164004238924,388.36877270109983,810.8933881567675,573.2503952157803,388.6068419754074,863.0444259267297,167.1,167.1,167.1,133.49,133.49,133.49,0.3758076078491478,0.14709079305386485,0.6172135240873285,0.3238958596599355,0.27468199786347897,0.3684838381857034,0,0,0,0.8763276669038955,0,1.9599576776535126,1.0838936944138857,0,2.4241911426033904,0.2551344465938762,0,0.6193165644899068,257.892646172159,79.11260825490905,504.6437816896946,261.6477963086121,82.6788692817206,507.2160340017284,167.1,167.1,167.1,133.49,133.49,133.49,0,0,0,1.0437710039189203,0.9795163209158182,1.0894578323313293,0,0,0,2.134589305544749,0.5840553164453199,3.816504988309691,2.640185829825,0.7223940297589764,4.720478250039847,0.8526079667457855,0.2332861944581082,1.5244068494606493,260.95474061740157,76.43418051301609,554.9801605421663,263.70764285187346,80.0041119173477,554.2290323876932,CIP
MSW,cip+cro,0.3,0.025,0,307.02224189991153,302.42953382693685,313.49517492809383,307.1810677362788,302.6616653851049,313.72060045443396,564.4131777069463,374.5336768354695,826.1177405952805,570.7756578019661,384.3072056366772,837.3921060467061,167.1,167.1,167.1,133.49,133.49,133.49,0.37923128679671403,0.14595288330301648,0.6221863026508747,0.31116543537975094,0.26569919393897456,0.3591430392156863,0.6566807939576766,0.20701799321252445,1.1858883869753447,0.26305882794002056,0,0.8129454968944088,0.3253666586511694,0,1.0054988918689984,0.0063065931862885906,0,0.10142503174524606,257.20324458496265,70.78964356369899,519.9022750758068,261.2772865304648,72.25541995958709,522.496617991038,167.1,167.1,167.1,133.49,133.49,133.49,0,0,0,1.0441666854823441,0.9836505793947983,1.0876742359443003,0,0,0,2.089706013701704,0.688007997146899,3.793525303643726,2.5846715298085545,0.8509688304701585,4.692055622009573,0.8346804656102028,0.2748074760931853,1.5152281928597715,258.5402677289496,72.4740316683978,527.6597345382227,261.4106406519337,74.16176430183097,527.792850225867,CIP+CRO
MSW,cip+cro+nda,0.3,0.025,0,307.1282546426331,302.64894358339546,313.84002562671816,307.26708459110057,302.6972941214568,314.0440101233273,568.6239877448138,384.8744708558077,836.5016482682482,574.3779815142419,389.80424103478117,849.3606919563855,167.1,167.1,167.1,133.49,133.49,133.49,0.38751875903454236,0.1498736312429043,0.615296629233647,0.3113075340216433,0.265529815876285,0.3552978197555173,0.6263846167111344,0.20448854388381188,1.143690860671992,0.24980502832597218,0,0.8146646633028396,0.3089735783328829,0,1.0076252581816456,0.019858129961070795,0,0.11062809182518658,261.68674514594693,77.91039991904574,528.5073613142539,265.49869100301066,81.73547476100329,533.0260637177852,167.1,167.1,167.1,133.49,133.49,133.49,0,0,0,1.04406139086981,0.9785352443609024,1.0884902185846892,0,0,0,2.021411875084434,0.6944570450630144,3.674559686888454,2.5002013150608957,0.8589453929310308,4.544911937377693,0.8074020910227008,0.2773833859494383,1.4677103718199604,262.57527578363465,76.58567175058312,536.1686993595644,265.2579407072676,78.94156598469662,540.0277705874341,CIP+CRO+NDA
MSW,cip,0.3,0.05,0,307.38916536998346,302.6352845884366,314.57992749146956,307.6004875447372,302.8709658198395,314.41451211877444,579.2378995670675,384.1922124792151,864.4816414734821,587.9691686153213,394.4108611805374,870.1357286369326,167.1,167.1,167.1,133.49,133.49,133.49,0.3799318495395059,0.1485622573421099,0.6169210270317178,0.3235855276816785,0.27748658123791103,0.36848376056876014,0,0,0,1.5000559050069315,0.2668941183142035,2.9259976739417417,1.855357531332667,0.33011037177335145,3.6190463321329247,0.5094401488789724,0.10141987829614614,1.0598400583196632,269.1951143580872,74.7619948755328,554.5432317868363,272.4800220534069,78.89755814405551,554.8216648217176,167.1,167.1,167.1,133.49,133.49,133.49,0,0,0,1.0426466680205206,0.9734319396920446,1.0870186335403729,0,0,0,4.085400697805691,1.7309001095382508,6.796530901227069,5.053064307726915,2.140879245564853,8.406349891651917,1.631810472042535,0.6913644789655913,2.7147031879002474,270.0397145495187,77.19179389969182,550.6526392442564,271.51929233930736,78.67982354214149,551.7048614413281,CIP
MSW,cip+cro,0.3,0.05,0,307.09515219734743,302.6296754682276,313.9420820977701,307.39966878035705,302.93354308525556,314.18181582790857,567.76499256704,384.656886094747,861.9351138443078,579.9912015456886,398.9540834397159,850.977683900185,167.1,167.1,167.1,133.49,133.49,133.49,0.388459988034835,0.14833297403081067,0.6223042896760671,0.3027928675451631,0.25295998934080177,0.3481894736842105,0.9848802018971505,0.39825013670806997,1.637599327081393,0.2678841629106185,0,0.8290524746527599,0.33133491726674463,0,1.0254209510344034,0.01363838917781375,0,0.10994219260435573,260.13385713906246,76.17538746322812,554.327944833807,264.13749777347664,81.16182229183588,557.9795343023645,167.1,167.1,167.1,133.49,133.49,133.49,0,0,0,1.042125723459924,0.9871008389043942,1.0880230470881735,0,0,0,4.106970752225349,1.6322570348945689,6.467412184294627,5.079743422008714,2.0188716784847953,7.999276469838131,1.6404260873243925,0.6519639858182497,2.583245000916532,261.832068902818,79.53323872548826,529.9829360511867,263.19718314193636,82.0870342467915,532.797436138604,CIP+CRO
MSW,cip+cro+nda,0.3,0.05,0,306.98486716011257,302.60665840651205,313.5552471082372,307.31290184464837,303.00241155409174,314.09321471640817,562.6755094217791,386.40065489505844,825.612946848728,576.0829812412616,397.711187036958,840.0998267708337,167.1,167.1,167.1,133.49,133.49,133.49,0.36689293334973544,0.14905498614082502,0.6125837274410061,0.30223153768516736,0.2568981003927496,0.34833454699066624,0.995810305587739,0.435275014668358,1.6228005079239436,0.27128161081310365,0,0.9762059167526617,0.3355370810208727,0,1.2074289989680078,0.03421729829822012,0,0.203283206144945,255.29806076884066,76.68676226364934,518.263774013603,259.0480644751724,82.07606955802244,522.9319981110295,167.1,167.1,167.1,133.49,133.49,133.49,0,0,0,1.0431735395342705,0.9802160423313769,1.086110084550153,0,0,0,4.103380622147042,1.68188099808062,6.870687771210529,5.075302937586088,2.0802495201535502,8.498071478003887,1.638992100234479,0.671785028790786,2.744323282956754,258.0706672189445,79.52097491837416,520.7367445765298,259.57839814962,79.89334466126957,523.8640748755275,CIP+CRO+NDA
MSW,cip,0.3,0.075,0,307.19104272662724,302.87157333144785,313.73803946767123,307.6118039715017,303.1721389409843,313.58014510723234,571.3699558712282,393.0679954714373,839.1467131820353,588.847403948598,404.7460725734128,840.6647877977285,167.1,167.1,167.1,133.49,133.49,133.49,0.3748253290328108,0.14455613184584168,0.6109626249172964,0.32369848057594536,0.27580192895339956,0.3729968723037101,0,0,0,2.148575425554841,0.7710898588716477,3.9538919208850123,2.6574846871597386,0.9537293724963839,4.890406503519956,0.7684257647874287,0.22704114180302393,1.4204010516083396,259.2658322436229,80.74766068432722,523.9257991427162,262.3239927299716,82.34843627466714,525.8228783161674,167.1,167.1,167.1,133.49,133.49,133.49,0,0,0,1.0410739554066433,0.9773263687926844,1.0872143270676535,0,0,0,6.300413432715135,2.9417964437367297,9.666458384342526,7.792722573792013,3.6385871815286657,11.956045307938602,2.5165415532493745,1.1750265392781318,3.861023479925916,264.31833435643574,84.58170181796218,512.3889697941167,264.48711424383066,83.66027641158169,521.3014204185172,CIP
MSW,cip+cro,0.3,0.075,0,307.2240967120052,302.7625479060289,314.08398639502707,307.8383502282259,303.15463197357474,314.5045905462275,572.1687169380324,389.1156738046986,850.0142555086679,597.3443819120057,406.48406937980224,866.3945079655095,167.1,167.1,167.1,133.49,133.49,133.49,0.37096251830724425,0.1483734432329498,0.6124452603440156,0.2949360357543787,0.250559624229875,0.3453414473684211,1.365196077144242,0.6809007970987138,2.1131045910350523,0.2720029348591662,0,1.0055632044306224,0.33642925710372845,0,1.243739822191999,0.01573826532820312,0,0.11063363161228956,264.4267007960303,79.5082582152145,539.6894334162789,268.06711351275453,84.7686607526949,546.6181176840637,167.1,167.1,167.1,133.49,133.49,133.49,0,0,0,1.0440801735527037,0.9827091376241204,1.0884925089445439,0,0,0,6.207229240107162,3.059476909581638,9.671105973092086,7.677466873668252,3.7841413157894723,11.961793719554626,2.479321473121569,1.2220310391362985,3.8628798422639745,273.3850426725186,83.99837478007872,541.31981220851,273.3724433667774,82.46902671000848,544.0053530480038,CIP+CRO
MSW,cip+cro+nda,0.3,0.075,0,307.0031485933028,302.449344366941,313.724711053502,307.50802716925745,302.94984150443,314.6084149981085,563.4046667295705,376.3471150582072,841.2959016680851,584.2088216223378,400.54960596523523,874.501331005348,167.1,167.1,167.1,133.49,133.49,133.49,0.37940590865455776,0.150689328551027,0.6165893613076108,0.2947564794754742,0.24994867143955415,0.34225516159032776,1.3355137536885902,0.7185394597623749,2.1158049040511733,0.26848201120985776,0,0.8112782224480873,0.3320743712703491,0,1.0034367085927254,0.043311758968195384,0,0.21255602176051816,255.6577688987391,67.35000854518519,533.7632110143602,259.29821692538053,70.83630816006557,535.9930044390991,167.1,167.1,167.1,133.49,133.49,133.49,0,0,0,1.0447860776007332,0.9861680682333956,1.0877588344018716,0,0,0,6.192352924896655,2.7983157859078562,9.668866263474245,7.659066970456535,3.461121849593495,11.959023514728527,2.4733795034736596,1.1177168021680204,3.861985246634542,260.2191528459334,76.98310074910337,548.9450101926892,260.32524841350653,71.83206176189383,544.9693051501714,CIP+CRO+NDA
MSW,cip,0.3,0.1,0,307.30116088581343,302.8406337948981,313.8659697120663,307.787035913964,303.323291637488,313.973107053365,575.8250271953171,391.83247304486133,852.870061899299,595.7530927009368,413.00619399928485,859.6182219174816,167.1,167.1,167.1,133.49,133.49,133.49,0.37880226523272337,0.14653075333479298,0.6097387510110314,0.32534382798660194,0.2780340912719957,0.3715012810051241,0,0,0,2.8134786517088965,0.9774088442270973,4.965720315762009,3.479876175460046,1.2089168505486547,6.141895482420767,1.0409559206950678,0.3092624411352933,1.8925247115331099,261.9549277700243,79.34166876588705,537.8746025980288,264.37135212582365,81.39244253542316,539.39907091216,167.1,167.1,167.1,133.49,133.49,133.49,0,0,0,1.0430847565213206,0.9736402478448276,1.0891015092024006,0,0,0,8.257096020698473,4.13744609110802,12.032925060686365,10.212862892512737,5.117437116841784,14.883030732913173,3.298089159889148,1.6525986943233804,4.8062490256775705,265.67124916785036,81.62200182883142,528.7559828374459,264.38887702114766,80.37589524594442,527.9394688744738,CIP
MSW,cip+cro,0.3,0.1,0,307.0246678886229,302.58556982886796,313.7346504179109,307.7009443486827,303.27817303385984,314.0766751809068,563.7467630392274,382.240104934095,837.1412207639175,591.8095228428198,411.81005211562604,856.0192124717602,167.1,167.1,167.1,133.49,133.49,133.49,0.3785023686732677,0.1490812538678854,0.6118604608234117,0.2867711142403259,0.24149628318128816,0.3330121710526316,1.7406473188515976,0.9880935675250057,2.5245178750544124,0.26942791563785695,0,0.9472312122571781,0.3332443216025675,0,1.171591377167108,0.023597259700622795,0,0.11254484117738461,255.61628427622128,75.62158534022333,525.6064439244952,259.1711505743618,78.09570558267696,531.5180682386314,167.1,167.1,167.1,133.49,133.49,133.49,0,0,0,1.0443470577461398,0.9796433779433118,1.0863372093023256,0,0,0,8.370089781834919,4.153656634770093,12.361230065577638,10.352620234234706,5.137487272419343,15.28909770772796,3.3432216735240927,1.6590735879414003,4.937382195869001,261.5881604883439,82.9366788505169,525.2870377771089,260.077121081842,78.18835566173357,528.4870745327928,CIP+CRO
MSW,cip+cro+nda,0.3,0.1,0,307.12087334994743,302.39259861273496,314.3206806283186,307.7969076779988,303.2992060177463,314.9163954348533,567.5439226944619,377.19859997834754,858.6237845612599,596.1786955806687,413.4770333005516,882.8388526981082,167.1,167.1,167.1,133.49,133.49,133.49,0.38072063328829925,0.15064726245907828,0.6195488266577349,0.2876155616933064,0.24211506167968103,0.3330341188524592,1.6733825004237564,0.9141340978519128,2.5193993810952744,0.2847060401668036,0,1.0034972676276257,0.3521412062552023,0,1.2411845498225371,0.05727931222647882,0,0.2212672632245791,259.42152609038084,70.45014168442698,553.0461493064672,262.95171458490603,72.54535934408807,555.3212195494749,167.1,167.1,167.1,133.49,133.49,133.49,0,0,0,1.044660085695844,0.9810908759883479,1.0892833566436522,0,0,0,8.242693165648408,4.021391823156168,12.206831022984561,10.19504859272522,4.97389435995582,15.098127874170784,3.292336301984505,1.6062437382793457,4.875711384799705,266.3063747485034,82.71137473665927,552.709601226392,265.08810879902313,79.7748580221704,558.4504696038842,CIP+CRO+NDA
MSW,cip,0.3,0.125,0,307.244284205736,302.80828222474236,313.71127138140946,307.88934338567276,303.6586395247661,314.65157045474314,573.6493881402879,393.0371826540463,836.2851042291541,600.251069450755,421.91636832046106,869.5502125912799,167.1,167.1,167.1,133.49,133.49,133.49,0.3855140058867899,0.1503423224488069,0.6193201917031218,0.3249345530510238,0.2752229797183691,0.37398633315450647,0,0,0,3.4677336017821636,1.4722073842302839,5.749544765195693,4.289097248473658,1.8209128399135268,7.111375746886473,1.3026099298924785,0.5070531944200708,2.169643460294646,257.85668892605764,76.88881227036093,517.9897092137098,259.8285377715799,77.99229491236423,524.5570036205786,167.1,167.1,167.1,133.49,133.49,133.49,0,0,0,1.0431496291057312,0.9788085184903907,1.0893605680753176,0,0,0,10.325005958082155,5.295443421052632,14.562748376054552,12.770575750837674,6.549716447368441,18.01206527452091,4.12406373145956,2.1151315789473673,5.816723268914579,264.2793671860198,86.93625683735782,533.7698622687572,261.7975435916784,81.78734867396639,532.7127463933786,CIP
MSW,cip+cro,0.3,0.125,0,307.1514462596289,302.70783808232096,313.7393640273483,307.9708909126554,303.53438840922183,314.84169561855407,569.8548213782581,387.3743801135809,838.4916590684447,602.9192273494438,419.9444117768163,873.0487122704383,167.1,167.1,167.1,133.49,133.49,133.49,0.3789831347494233,0.14891767650960758,0.6088915363201988,0.2785210746332255,0.23528513369519685,0.3228327632094572,2.0807151187343194,1.2416060877124484,2.988243307760692,0.27161204798580735,0,0.8058798283261819,0.33594578518647206,0,0.9967596566523622,0.027842127171958834,0,0.19723865877712113,261.4360004934909,80.25295073274985,525.7630815027665,264.8557570700861,83.58494053360415,532.9424273988074,167.1,167.1,167.1,133.49,133.49,133.49,0,0,0,1.0453614346195874,0.9863948894775301,1.0891111251629058,0,0,0,10.397500730152235,5.054671802325581,14.89126930832463,12.860241556554326,6.251915922304446,18.418399321040923,4.15301994334248,2.018961416490485,5.947942685862207,266.85463886040253,84.19309865195473,536.8606427354308,264.0561837793054,79.94197502458555,534.6314041704301,CIP+CRO
MSW,cip+cro+nda,0.3,0.125,0,306.9012495705461,302.77350783571245,313.12929617896015,307.7914801834848,303.482312593777,314.33080137100507,559.3416015614266,391.0304648994437,814.8751904381011,596.2313132640335,422.4299401730244,859.3098320620747,167.1,167.1,167.1,133.49,133.49,133.49,0.37752283035011563,0.14807754645783336,0.6190042416529468,0.2787411827057828,0.23733846272811632,0.3223328525641026,2.0351121229834424,1.198191957942598,2.9298205745545074,0.2842790517565657,0,0.9594656395206639,0.35161308182991763,0,1.1867236376975947,0.06812202001951405,0,0.2857262581168833,250.71905181279712,83.05533746909249,508.7973282894793,254.30080114919463,86.39947167628718,509.1655400653918,167.1,167.1,167.1,133.49,133.49,133.49,0,0,0,1.044476030984091,0.9792757290421915,1.0878530169523428,0,0,0,10.2154344995258,5.247030173937844,15.228869048734767,12.635051314599615,6.489836090675784,18.83596257242055,4.0802981704448795,2.0957941260336477,6.082788404191871,260.3781088392827,85.87123155753603,520.7441214789585,257.9588723401212,81.32572999389711,525.5651747953132,CIP+CRO+NDA
MSW,cip,0.3,0.15,0,307.36706332952446,302.9746035885772,314.28890964978825,308.19313914357417,303.8524525121444,314.6525913214437,578.8198708487831,396.44962283498484,856.0724085092894,611.9782245931187,431.8996086428603,876.5805549387447,167.1,167.1,167.1,133.49,133.49,133.49,0.38158249000156963,0.1484956890758225,0.6201712579157985,0.32293957964602155,0.2780696052631579,0.37155037989869366,0,0,0,4.062659634122452,1.5838994695099529,6.7147552044057495,5.024936820188363,1.9590601922369861,8.305204891341601,1.5432629677752314,0.6121826779492264,2.5693551300761968,261.3171387673947,80.35619826323507,540.9123049632828,262.8242674318253,82.4124373372458,539.9509641747562,167.1,167.1,167.1,133.49,133.49,133.49,0,0,0,1.044775564676811,0.9854620406189557,1.087319679187177,0,0,0,12.542044406788673,6.832501043280744,17.884771795656157,15.512739539088436,8.450839882817998,22.120939583970628,5.009603933051874,2.729070555712071,7.143621902722545,269.5366499367428,92.0702529691005,528.7875950355525,265.51793434949093,85.32519903094656,527.4080967069274,CIP
MSW,cip+cro,0.3,0.15,0,307.2314662260437,302.55038474008956,313.5158097419745,308.28767763007625,303.73586218508285,314.979909431887,572.3383447726814,380.4459608364226,836.5010993037222,615.984211242836,430.22403024681074,891.2941280799982,167.1,167.1,167.1,133.49,133.49,133.49,0.38195031734566814,0.14610087856721984,0.6164054765691532,0.27109068248323737,0.2286567352941177,0.31126054990176394,2.42028772703249,1.536806673036306,3.361344537815125,0.28544709509909505,0,0.8163913043478239,0.3530577866607516,0,1.0097608695652196,0.031846618151001524,0,0.20537062806523398,263.4031118584289,69.88653571205884,526.9751490604657,266.80912241968446,74.66902868520944,531.8397369459173,167.1,167.1,167.1,133.49,133.49,133.49,0,0,0,1.0432052037614021,0.980082135523614,1.088283551290761,0,0,0,12.401344015145442,6.968770676969109,17.957299001175112,15.338713004193712,8.619386195199928,22.210645505287932,4.953404703285445,2.783500030743374,7.172591069330207,273.9379238566971,88.65495958976244,546.5519359856435,269.6780391125111,82.12969987067656,548.6869160518812,CIP+CRO
MSW,cip+cro+nda,0.3,0.15,0,307.0488545089029,302.5801091563029,313.6915430301906,308.091653160291,303.672993656459,314.45507034635534,565.4123917879768,382.9939362003404,850.6345739137134,607.8644357493014,428.2082768980255,869.415201056101,167.1,167.1,167.1,133.49,133.49,133.49,0.37980125475015714,0.14555861678594098,0.6212070666477831,0.2706275431361832,0.22337042092744672,0.3142538581369412,2.368627526916893,1.4561752340499328,3.326413497646376,0.28434553108661004,0,0.8253626373626385,0.3516953073824879,0,1.0208571428571422,0.08042651360834378,0,0.2957287815126055,256.5952358537662,75.89489182574664,540.3888099074939,259.92689105640363,78.16352830391754,544.9329288860282,167.1,167.1,167.1,133.49,133.49,133.49,0,0,0,1.043771938146344,0.9795257277974716,1.0869768653028533,0,0,0,12.378564458971937,6.601973184543636,17.35762126517273,15.3105379068751,8.165709443704197,21.468928746498598,4.944305982973293,2.6369920053297817,6.933064892623715,266.07066268309285,86.86607836152113,525.9040948461808,261.8313565440628,81.52872920043058,526.7320048749773,CIP+CRO+NDA
MSW,cip,0.5,0,0,307.01879449993453,302.52556544934697,313.8679333050055,306.9879476213508,302.62724029399607,314.22045275591415,564.0168348101288,381.852698975379,846.8949696802431,562.8900823195689,383.7849367129197,848.9475552620502,167.1,167.1,167.1,133.49,133.49,133.49,0.26638281099284883,0.11017692545958842,0.44775517460596487,0.5259011344139255,0.4695313888769039,0.5779386621900826,0,0,0,0.4122755404209102,0,1.1091774928446854,0.5099266809663648,0,1.3718960793828345,0.003655742529694922,0,0.009835333256571377,256.92370453528594,75.0468894373981,543.0110255873135,261.1009621695874,78.54581997094829,545.3613137062903,167.1,167.1,167.1,133.49,133.49,133.49,0,0,0,1.042968851519167,0.9829530080814128,1.0880935427890595,0,0,0,0,0,0,0,0,0,0,0,0,256.6165024470236,78.09431213851076,543.4195962802959,260.94112140772256,81.9682484262514,547.0279567043578,CIP
MSW,cip+cro,0.5,0,0,307.1933581324574,302.50570249420076,313.74248802330715,307.11468029671806,302.64390182289725,313.5708593682432,570.7995916820075,382.2491420684031,842.6666763688115,568.3029779579945,384.0149387408532,838.005461583028,167.1,167.1,167.1,133.49,133.49,133.49,0.26601754846494763,0.10436271674964746,0.44681760001070847,0.5175605535356183,0.46126020161290326,0.5722519121188643,0.46161397906977397,0.10224427194190616,0.9091369157158647,0.4163798916568623,0,1.1725289105660675,0.5150031844162964,0,1.4502528456857668,0.003692136760977129,0,0.010397084923536793,263.35118967911376,75.54061936782914,535.4497602612029,267.29243265458746,77.93207020680134,540.2047905246609,167.1,167.1,167.1,133.49,133.49,133.49,0,0,0,1.043068099444562,0.9813533838572326,1.0888303616491075,0,0,0,0,0,0,0,0,0,0,0,0,262.06771477220167,79.96686676845235,533.1582893727336,266.3549465559453,81.9809637171339,536.1322543175326,CIP+CRO
MSW,cip+cro+nda,0.5,0,0,307.05411307529573,302.63044507620214,314.30730354860026,306.9820080258499,302.53259303859636,313.606494041162,565.7880572624497,383.2894807418313,864.2355956676577,562.8246575038851,378.12681888403404,830.623989997522,167.1,167.1,167.1,133.49,133.49,133.49,0.2757455234889588,0.10444679813061188,0.449767369444925,0.5154987032117391,0.456923076923077,0.5705097776995467,0.47445704599417765,0.10204081632653068,0.9356485922247926,0.4147397737991494,0,1.2543086172344673,0.5129745900089656,0,1.55140280561122,0.013968556137227231,0,0.1092468619246861,258.290180014812,74.10360490157758,555.4581325848462,262.20872274031746,78.7365047688803,560.1511620010564,167.1,167.1,167.1,133.49,133.49,133.49,0,0,0,1.0434140891363968,0.9813991067139884,1.0883355308482214,0,0,0,0,0,0,0,0,0,0,0,0,256.64736345718717,73.50694742878672,523.4163789822495,260.8775703449436,76.23527827739856,528.648820314082,CIP+CRO+NDA
MSW,cip,0.5,0.025,0,307.19850909105196,302.72214985275036,313.4442145890838,307.2716618671079,302.7193793194233,313.8503685461087,570.6176907863222,386.0214060810116,835.3329644745955,574.2851320936322,385.74174301844965,849.2048620621825,167.1,167.1,167.1,133.49,133.49,133.49,0.27469783717179286,0.10616636582150056,0.44575382041014844,0.5282973915979609,0.4700880468281527,0.5821562028808829,0,0,0,1.407023955355684,0.26243186582809286,2.862788947986888,1.7402901342684183,0.324591194968554,3.5408660554146922,0.4122217105084347,0.09536176462409075,0.895114583333334,260.78991125703897,79.98879899486789,524.168583510863,264.07800118788305,80.97755113338768,527.5209299282538,167.1,167.1,167.1,133.49,133.49,133.49,0,0,0,1.0452214824034205,0.985254442865234,1.0899554809393053,0,0,0,2.0620717304355205,0.7080584935897414,3.8817388123729937,2.550491819965902,0.875768465909092,4.8011632874238055,0.8236426467628696,0.28281614219114276,1.5504628584330555,262.2765270280591,74.90023499954717,538.6080875405044,265.01923738269534,77.15325804526576,539.2176962138236,CIP
MSW,cip+cro,0.5,0.025,0,306.96336712222444,302.6091815841522,313.56074422704864,307.0665746357881,302.6953905713989,313.5090393667348,561.8795372542243,385.042061789727,834.1677107868608,566.5566187765668,388.2836980387945,825.0740063649356,167.1,167.1,167.1,133.49,133.49,133.49,0.2713682512541405,0.10438923859305049,0.44877283488976444,0.5018815797613969,0.44528237886004757,0.553911217303823,1.0448326078414434,0.42812971103394754,1.738241308793452,0.4187946953603094,0,1.1748577624399563,0.5179899559245625,0,1.4531333069066867,0.011687560992862583,0,0.107314661707619,253.6088504931533,76.29517358569663,522.6387114909539,257.61944330433903,81.17181266486637,530.6248739966593,167.1,167.1,167.1,133.49,133.49,133.49,0,0,0,1.0411636220434295,0.9749049695740366,1.0864441679936305,0,0,0,2.051334921868035,0.7463803778507724,3.7415055202012764,2.5372119024830475,0.9231672304092939,4.627714488678401,0.8193540988448772,0.29812285423021884,1.494450199792806,254.17485982684903,74.41438055505304,515.0424904149183,257.33583476324,77.80106142732132,518.4228847696049,CIP+CRO
MSW,cip+cro+nda,0.5,0.025,0,307.158962274899,302.57404034952555,313.65946897511463,307.29260698710766,302.8336447064276,313.9207966589515,569.5644993127964,384.4289584540827,833.1445755491712,575.135819700435,392.57446081213794,840.7524628268139,167.1,167.1,167.1,133.49,133.49,133.49,0.268736850274523,0.10618068790073375,0.44714533130881273,0.5039787128371306,0.4492309343761971,0.5573364654960706,1.0328639040839651,0.4453116568389863,1.7242310270350816,0.4260531626584496,0,1.201517509763669,0.5269676559706644,0,1.4861076532729605,0.03203437279839505,0,0.2004645132605189,261.4943953032182,75.02433104258266,526.7928406009319,265.28529689617557,79.4916832319285,527.9321317147112,167.1,167.1,167.1,133.49,133.49,133.49,0,0,0,1.0426267457277314,0.9811641513289902,1.0874158980160111,0,0,0,2.0700466956215458,0.5394536730032425,4.104684544289276,2.5603557268180537,0.6672280890804602,5.0769157053228104,0.8268280458625762,0.2154711906867084,1.6395129191121895,262.8917521434938,80.83757821457557,526.7307928352341,265.874081040388,83.94745202814502,531.2777610857653,CIP+CRO+NDA
MSW,cip,0.5,0.05,0,307.18039002906437,302.6575961443242,314.11000766533215,307.3051760304115,302.91000404515,313.98931244225514,570.7160288507447,383.8111878734266,857.1764176371694,576.2350027311123,395.729995827538,853.9996783078846,167.1,167.1,167.1,133.49,133.49,133.49,0.27224352003693897,0.10539911340700782,0.4479939228076565,0.5264672704232445,0.47408440813071195,0.5791541385495858,0,0,0,2.497233893232217,0.7585524096385521,4.511170568657832,3.0887260240385377,0.9382223165388817,5.579681571699084,0.841584587100418,0.21016800882515158,1.5200608225108219,257.6905836908676,71.32234149829733,546.0583747141259,260.33785901168596,73.2489759922208,551.3038330818389,167.1,167.1,167.1,133.49,133.49,133.49,0,0,0,1.0437147762282295,0.9800815702307617,1.0891440501043843,0,0,0,4.170103635923096,1.7696922155688617,6.633158322295802,5.1578298925545045,2.1888596080566174,8.204281059602652,1.665642928552123,0.7068590092542185,2.6494481236203073,258.00585183964375,78.5021742472338,534.2315658001273,259.3922032350401,78.35479317815937,534.7347240843399,CIP
MSW,cip+cro,0.5,0.05,0,307.1518868540212,302.57339671988166,314.02787921712826,307.42988347707364,303.09334946235526,314.0070388509564,569.2824451316542,383.4678869490374,842.7267529873357,581.4003559278293,402.91277809257735,852.6955948301858,167.1,167.1,167.1,133.49,133.49,133.49,0.2806548667912369,0.10502056299112279,0.446929524488039,0.49001039037289984,0.43606741613649513,0.5448289390853548,1.6396410670324537,0.9237461193351763,2.4369245529619414,0.4286170946849267,0,1.2670682982811992,0.5301388781759644,0,1.5671847309704316,0.018734947977583384,0,0.11353694512806531,260.6469363597341,74.01639681801727,537.044037919215,264.21358834518287,77.57028065263573,538.9997317482553,167.1,167.1,167.1,133.49,133.49,133.49,0,0,0,1.0433816648099044,0.9803683470726441,1.0899044015086536,0,0,0,4.1506724226328515,1.7317106291324345,6.819143968871593,5.133796223008823,2.1418817439573083,8.434319066147864,1.6578816195210302,0.69168822061529,2.7237354085603114,263.21411234857135,87.06091012912202,535.1115040000656,264.7543461942154,86.43919333321178,536.502592675872,CIP+CRO
MSW,cip+cro+nda,0.5,0.05,0,307.0647239359476,302.4816325989433,314.2505207353505,307.3575830897857,302.9347790876207,314.22402772652913,565.0330524978733,378.9650500500412,858.4154788543441,577.6187259020576,394.0201760006636,852.223362638291,167.1,167.1,167.1,133.49,133.49,133.49,0.26926827739178877,0.10407344323555676,0.44046390864114326,0.4882605987666407,0.43165115694164996,0.5431447784810127,1.5908243523758625,0.8536843435457795,2.3663771159475644,0.4496275859681805,0,1.2959264258653125,0.5561258917994361,0,1.6028781635782572,0.05858845179271113,0,0.21520177083333325,256.1266211219252,70.88601302320977,549.8232240554291,259.94601405982655,73.85435359011156,551.6848417654656,167.1,167.1,167.1,133.49,133.49,133.49,0,0,0,1.0402193153984745,0.9749635428398162,1.0847633124975276,0,0,0,4.2200683504405845,1.8559965510961873,6.856048155889774,5.219629195548136,2.2956058955601764,8.47996433916291,1.6856000760666974,0.7413311036492192,2.738475857121654,259.04617415166797,78.36933955347712,537.0456427666591,260.83379989599246,79.80780076934275,537.4287233955762,CIP+CRO+NDA
MSW,cip,0.5,0.075,0,307.3269135228993,302.9431133797654,314.4507644078831,307.5677295938893,303.17137976967814,314.65150826414356,576.7498907779445,398.07352244411925,855.1918126544685,585.9967671408816,405.619148768939,871.5014024078714,167.1,167.1,167.1,133.49,133.49,133.49,0.2693721128706366,0.10402970058792826,0.4477348839255799,0.526458140900657,0.4661376728709578,0.5833476887031407,0,0,0,3.5826688355039833,1.4115614510746863,5.925076278659608,4.431255917886896,1.7459023763372248,7.328483465608473,1.2814554660467523,0.5009785487504523,2.1835189898401595,260.6127887247392,83.65939631949772,544.2365786335574,262.5897150678725,85.8417900278855,542.0933168194251,167.1,167.1,167.1,133.49,133.49,133.49,0,0,0,1.0422913408558725,0.9745697456171879,1.0873122343174355,0,0,0,6.1879062139571115,2.9675095835033676,9.415279386144704,7.65356701635229,3.6703907078912485,11.645372322709575,2.4716033767203673,1.1852970057131202,3.760696351711415,261.87045489781576,78.74320891908174,544.3391482962531,262.0208041390933,78.45199194937882,548.396023775544,CIP
MSW,cip+cro,0.5,0.075,0,307.27575522004327,302.7604765156076,314.23440426838494,307.74987147812817,303.1636850709424,314.5435910401374,574.0825891317235,388.1324489961015,854.96594766136,594.0550187189809,407.3345967590021,867.7919652190961,167.1,167.1,167.1,133.49,133.49,133.49,0.27373534739903377,0.10663039848007064,0.44710360592388204,0.4777785450865629,0.4244750957346726,0.5319220461361489,2.1764937554800396,1.2921984223690128,3.048935721027271,0.4363593074338952,0,1.2594196124326644,0.5397149030994569,0,1.5577243856282887,0.0288451490116393,0,0.19296064949201785,264.98257549322494,79.49181303892223,547.0610786386694,268.29186130090807,82.74490795719484,549.8068888422777,167.1,167.1,167.1,133.49,133.49,133.49,0,0,0,1.0434742644083828,0.974077978933509,1.0877696310589928,0,0,0,6.164569121780044,2.7915660026395694,9.472182571909887,7.624702325652693,3.452773319928792,11.71575353577894,2.4622819626857497,1.1150207711453837,3.7834248969123987,270.1739491875719,85.23896957707564,543.6056960792413,270.2713638300424,80.74347239340015,545.9255344497435,CIP+CRO
MSW,cip+cro+nda,0.5,0.075,0,307.05167883542583,302.5713096256907,314.073835886932,307.536690315082,303.12946204678894,314.3743234079091,565.054432381976,380.5123654805411,845.7359642520926,585.2637066368816,405.4090013408106,868.8332148702226,167.1,167.1,167.1,133.49,133.49,133.49,0.27391086779145846,0.10680707989489939,0.4515546191162785,0.4771163737895656,0.42215513392857146,0.5302299915576193,2.1298554762091446,1.2623797687236575,3.0756044157751194,0.43972774673299897,0,1.2107558355711618,0.5438811873036449,0,1.4975341589829263,0.0662279322276662,0,0.22026431718061612,255.7198610122603,70.58639181301639,533.6845246346888,259.2623054589169,74.37149513460203,539.9391588023668,167.1,167.1,167.1,133.49,133.49,133.49,0,0,0,1.041931423699171,0.9826492467737461,1.0871157518152375,0,0,0,6.209079663114556,2.9093620714456945,9.802368671539922,7.679755585876552,3.598470438743711,12.124147159406657,2.480060578013483,1.1620714456964756,3.9153094230467813,260.99841689471566,81.41642846683094,544.5497664206272,260.9514761655149,76.55970942192323,546.5497436977454,CIP+CRO+NDA
MSW,cip,0.5,0.1,0,307.51445745699857,302.86966809892374,314.10826126125977,307.90305673193717,303.3363853518915,314.39515370009093,584.0635742439806,394.8831429628812,863.4976346561631,600.020310695189,414.4019767169114,866.7972248508336,167.1,167.1,167.1,133.49,133.49,133.49,0.26898906136705236,0.10757916474425137,0.446484664696056,0.5275553514998459,0.47281735740873276,0.5821582428720612,0,0,0,4.629991960650737,1.950937913311634,7.675596243291592,5.7266468706466975,2.413034966592429,9.493629704016918,1.705853549000293,0.7143185857018335,2.8308864433811833,264.81008650928106,77.05303282646906,541.09642656174,266.23128671608185,77.89581701087712,546.671055459138,167.1,167.1,167.1,133.49,133.49,133.49,0,0,0,1.0424883799570128,0.9822379658385094,1.08799619989532,0,0,0,8.298337584920867,4.323171156836079,12.309276755584115,10.263872889225897,5.347152821640264,15.224838792675266,3.314562064595329,1.7267818968030308,4.916630753947957,269.82602873151245,84.54626325741437,536.3994645239425,268.59351376630144,80.15200885546795,536.2451264920745,CIP
MSW,cip+cro,0.5,0.1,0,306.9332358129212,302.73265558044153,313.51604830468585,307.62291393150036,303.3300950631315,313.68453459664295,560.5679644397828,388.07737295319237,819.4746809898089,588.6468160258861,414.5261663495507,835.9865400774667,167.1,167.1,167.1,133.49,133.49,133.49,0.26483961734918804,0.10530462050115151,0.442613671579549,0.4650163713174394,0.4113468954248366,0.518891990483743,2.7681805274568307,1.851761781236492,3.8302574903024666,0.4587160746792007,0,1.2673934965487483,0.5673670701596154,0,1.5675869553494435,0.03489497484243657,0,0.20421524901185803,250.72600477416998,76.51722665636795,511.0587484254131,254.0014765188349,82.04372246486093,514.8564891804934,167.1,167.1,167.1,133.49,133.49,133.49,0,0,0,1.0435218060666014,0.9781023115345162,1.0861126077361871,0,0,0,8.406993165826838,4.04561285140562,12.407709251101325,10.398264514019568,5.003852354874039,15.346585903083707,3.3579618013368098,1.615918218327858,4.955947136563876,258.1626782996926,82.82793924099008,506.39668020913666,256.96432727403396,79.77600768332076,508.8605417204221,CIP+CRO
MSW,cip+cro+nda,0.5,0.1,0,307.15814563234505,302.6308203566181,314.0583222539831,307.7731207679245,303.2995808975671,314.5817734849548,569.1173546157432,386.5796795163515,849.2977716222283,594.7763277886277,410.35200283163636,869.03102765593,167.1,167.1,167.1,133.49,133.49,133.49,0.2749747554611317,0.10478865619823723,0.44614229366100233,0.46624440266617545,0.4137817081205733,0.518854721776351,2.7162248309802077,1.7240506770906063,3.854545266382415,0.4603963149731367,0,1.3097602656417233,0.5694452903602076,0,1.6199886717471517,0.09972871850513437,0,0.31813445496586706,259.5033625747933,77.0714235894081,542.2117623770152,262.44957133957723,79.39760786478325,543.5174019119197,167.1,167.1,167.1,133.49,133.49,133.49,0,0,0,1.0442001521693276,0.9798258270641402,1.0864988096278176,0,0,0,8.299133547524708,3.673493567056669,12.47123735632184,10.264857382674952,4.543593297550603,15.425161206896558,3.3148799918216594,1.4672845370892584,4.98132183908046,264.79302456146996,80.07688757614207,540.608441792667,263.34613438210573,79.544895028689,541.5227144694323,CIP+CRO+NDA
MSW,cip,0.5,0.125,0,307.54156369941387,303.16262283984605,314.625996203152,308.0015683839661,303.49039258423556,315.0129709042628,585.10673427003,407.20193325211625,867.2216028933556,604.3378411777765,423.0412228995143,897.6986498874638,167.1,167.1,167.1,133.49,133.49,133.49,0.2709880262352317,0.10274301450263715,0.4507664840104834,0.5260218230027509,0.4710383584468272,0.5818581506171998,0,0,0,5.63273456617453,2.4436498560902127,8.851696565090984,6.966898009912145,3.0224501295610158,10.948299881554853,2.113076314837909,0.8874656700721155,3.322320422535208,263.0502787962174,84.76290297757834,545.5519463595803,263.55250002798044,84.43946958345924,544.0412004612306,167.1,167.1,167.1,133.49,133.49,133.49,0,0,0,1.0429476437380856,0.9766969991768315,1.0901805300677583,0,0,0,10.360836731493693,5.055152016129035,15.158438914163659,12.814893362655123,6.252509879032265,18.74885043201757,4.138375431975432,2.01915322580645,6.054656859787371,268.22760961464866,88.13902975101882,562.0195052281358,265.4317025937638,81.90214277789754,557.619542979284,CIP
MSW,cip+cro,0.5,0.125,0,307.1318574749765,302.7225368518333,314.05995425626594,308.02996353938175,303.5338080464482,315.3168534636723,569.1873805339408,389.20580002911487,852.176990373181,605.2766182082405,422.11153583582853,902.540638700871,167.1,167.1,167.1,133.49,133.49,133.49,0.26830127698833184,0.10518636854003548,0.443734964302239,0.45323140872508766,0.39642034676941323,0.5117721557317954,3.3476545310360883,2.3154763107384584,4.574876842060555,0.4737015644789093,0,1.2853481022036877,0.5859020069361681,0,1.589794269565402,0.04564336403398465,0,0.21608185483871,258.7992910144865,79.03331410297423,543.8426312241874,261.80490060824553,81.97254935069616,546.0152694897781,167.1,167.1,167.1,133.49,133.49,133.49,0,0,0,1.0449647851653534,0.9817460054518766,1.0872166013315911,0,0,0,10.292480605090985,5.385208580838918,15.234888438133865,12.73034647776192,6.660743286238145,18.843407707910757,4.111072297927378,2.1509860124776017,6.085192697768757,269.4614153530512,87.96365209068918,561.6836769658868,266.83618286062,86.6289262166172,565.2665415069644,CIP+CRO
MSW,cip+cro+nda,0.5,0.125,0,307.2335574540851,302.77225885589223,313.7677656766871,308.1188499458764,303.75316546284733,314.503766437705,572.9922533975987,387.8468926530196,843.192217900583,609.1862676343686,430.6068964116373,873.3171995385735,167.1,167.1,167.1,133.49,133.49,133.49,0.2730949110502672,0.10532177357380473,0.4475202935911371,0.4526271059679244,0.39796410157964024,0.5107387591529785,3.291507347210486,2.257850122039713,4.457586005978618,0.4542560667643463,0,1.2469374302788847,0.5618506695728052,0,1.542285687250994,0.10667191567593433,0,0.3241849757894012,262.53021889092844,78.71186089998348,532.935099557994,265.6293553942825,80.91508175216951,535.5202851965269,167.1,167.1,167.1,133.49,133.49,133.49,0,0,0,1.0422097686220186,0.9791452640054177,1.0876659959758552,0,0,0,10.303516009280031,5.232757325176773,14.979123752495017,12.743995715903715,6.472182590326888,18.527062874251502,4.115480112350228,2.0900931958686555,5.983033932135731,273.09840799389616,92.23300176872081,536.5578930699148,270.2870685577643,86.70870970536275,531.2899588597247,CIP+CRO+NDA
MSW,cip,0.5,0.15,0,307.8827470239826,303.18287796584536,315.1692074261953,308.414092669268,303.7485411352782,315.32243684762057,599.5237141910384,407.3715388374691,884.525040790748,621.0340770599076,431.18558790342104,901.2748104493546,167.1,167.1,167.1,133.49,133.49,133.49,0.2729419834875487,0.10543542923593809,0.4497268993326225,0.5267880806854505,0.47178806748572116,0.5800232813949892,0,0,0,6.765929605835718,3.2157648441186115,10.39097258979206,8.368500406387156,3.977447442202302,12.852167167898275,2.5696338638803753,1.2244160905741606,3.9471728428772046,274.3549644035056,82.24466496132706,564.6169310791156,274.0166446835201,83.9011590207834,561.7029981422041,167.1,167.1,167.1,133.49,133.49,133.49,0,0,0,1.0431073048467308,0.9767880645161291,1.090335611551135,0,0,0,12.487517592834397,6.452385658875166,17.812221488294313,15.445297562698112,7.980690777789119,22.031205088932804,4.987824569753314,2.57724303358171,7.114643508665244,278.85736906922665,92.93032090492015,557.575878980931,274.75507181107645,85.47228315104864,553.0236314723368,CIP
MSW,cip+cro,0.5,0.15,0,307.1422370098859,302.6675151281271,313.8683954312935,308.1581498287654,303.6921012697533,314.951869783023,568.4296198055413,386.6027162435037,840.6905163125059,611.252640685693,429.1461463746146,881.5279630139449,167.1,167.1,167.1,133.49,133.49,133.49,0.27324378402238175,0.10750828133437804,0.4481579008497541,0.4396010679728676,0.3874727684502961,0.49212496795127764,3.916594709061338,2.788969237832876,5.1388287913459525,0.4530700397201848,0,1.2722192451939804,0.5603837214401362,0,1.5735557256221793,0.05065785722903625,0,0.21653412911749928,257.49460986549025,73.7940609283965,530.3169899933255,260.38547938607417,77.68310309424321,532.2425058991429,167.1,167.1,167.1,133.49,133.49,133.49,0,0,0,1.0419831966480482,0.9755738123015386,1.0889251598934044,0,0,0,12.316586838527245,6.069249779735669,17.65749650060266,15.233880333992438,7.506805746896282,21.839832107272,4.919550582571994,2.4242090508610286,7.052842507030939,269.3747056769877,83.63304894242407,536.3524593204697,265.26903511258126,74.86597824653023,533.1743278088065,CIP+CRO
MSW,cip+cro+nda,0.5,0.15,0,307.11742365071893,302.5150032626823,314.2942830406509,308.0732323664093,303.7044173879808,315.33798669155885,567.6080550748578,380.5811818169041,850.467720343698,606.7848032382117,428.3023520745011,900.3440781505037,167.1,167.1,167.1,133.49,133.49,133.49,0.2748116572253969,0.1037221778751675,0.4494994640719353,0.4393284669645666,0.38709652194211025,0.4915771739130435,3.855801913859154,2.7542139550511484,5.141156605138702,0.4915394483429854,0,1.2852817176633582,0.6079649527635762,0,1.589712161254347,0.13673503647077798,0,0.42449201605432396,256.61829855905023,71.87281841216458,540.3767746132786,259.40116997748316,72.39193832085925,543.5236466164978,167.1,167.1,167.1,133.49,133.49,133.49,0,0,0,1.0430126329223306,0.9796722763835861,1.0892103025398405,0,0,0,12.32430037684931,6.163549284560657,17.813940993788815,15.243420892695148,7.623440930887735,22.03333187464709,4.922631561291464,2.4618746143795596,7.115330321852061,265.08315002260235,89.48056970644332,558.1820370721786,260.86548439349565,80.06985874593953,552.9530682190295,CIP+CRO+NDA
MSW,cip,0.7,0,0,307.24311523674794,302.5310762769256,314.2304517048147,307.1980713334626,302.57430997752726,314.595876713043,572.8779639412918,379.29118494331675,861.6931296970561,571.7912753335735,381.5907813936336,869.2779256801978,167.1,167.1,167.1,133.49,133.49,133.49,0.16585998931597273,0.06577133706627604,0.275004333473853,0.7288257500926721,0.6664260826771656,0.7842423598826926,0,0,0,0.5805985626552475,0,1.57154517066725,0.7181185129885924,0,1.9437796674741268,0.005148301681956581,0,0.013935254349262297,265.4412688546828,72.07768448128942,556.2509335890663,269.3493960783382,76.02492463337278,557.6063217431825,167.1,167.1,167.1,133.49,133.49,133.49,0,0,0,1.0424017190806394,0.9779733218168254,1.0880240012538374,0,0,0,0,0,0,0,0,0,0,0,0,265.62538413097377,74.47686509377098,562.4081690889852,269.8432909573099,79.79456162569925,567.3302496325648,CIP
MSW,cip+cro,0.7,0,0,307.0555451601266,302.5474576023567,313.6335336071601,306.9341728094409,302.40323970689934,313.05236304319305,564.7451671086263,380.05607467382623,837.8209624843495,560.6272447991626,377.39222824855017,818.6402841752451,167.1,167.1,167.1,133.49,133.49,133.49,0.16652858644330784,0.06534188983697381,0.2763549743557372,0.7155267014039933,0.6551157788437264,0.769635806451613,0.6511684367629754,0.2040403205816734,1.2222789115646253,0.5971199424365258,0,1.5583382519129374,0.7385531289938275,0,1.927444572165527,0.005294800576006899,0,0.013818145547398656,256.7300920429509,74.69433250528634,526.9432018233306,260.3108891623939,75.417068101857,532.953049059081,167.1,167.1,167.1,133.49,133.49,133.49,0,0,0,1.043061031347322,0.9801057767923458,1.0870719781473408,0,0,0,0,0,0,0,0,0,0,0,0,254.55138734904077,69.00652191752265,514.1080506450598,258.67719646029923,75.27679092222034,516.6146893901852,CIP+CRO
MSW,cip+cro+nda,0.7,0,0,307.0553411638823,302.6003263626123,313.6180665911986,307.05948047128845,302.6255112870608,313.39950673787644,565.2741097830975,382.47788817665366,844.746953240448,565.0811441307017,384.2329077265291,819.6962652846948,167.1,167.1,167.1,133.49,133.49,133.49,0.16502327942689674,0.06401398152612756,0.2788069925726014,0.7132280927649118,0.6533537389115918,0.7679816556835051,0.6620388073382591,0.2032520325203253,1.2026978902617593,0.5825194026970165,0,1.5234888438133871,0.7204943211341994,0,1.8843407707910713,0.020944901066250084,0,0.11401915110340083,256.9885419989015,73.68384020699577,538.5885373115557,260.8525032937117,78.30459711195911,540.118466503679,167.1,167.1,167.1,133.49,133.49,133.49,0,0,0,1.0433415446849224,0.9858440856605801,1.0857750088401699,0,0,0,0,0,0,0,0,0,0,0,0,258.8047887031809,77.72092674563038,513.9282249868717,263.13762600377214,82.19303882445035,517.5725373899578,CIP+CRO+NDA
MSW,cip,0.7,0.025,0,306.95332276069405,302.7615084242667,313.31964839425115,307.04105967387864,302.7546453762736,313.42511116619926,561.8968079073561,390.8038760631995,821.2716992312972,564.9199277563555,389.89060307394607,832.5791650077076,167.1,167.1,167.1,133.49,133.49,133.49,0.16720181821792024,0.06446484950793122,0.2809873035688362,0.7285975013222042,0.6685403904910212,0.7821604775034465,0,0,0,2.0316510939006576,0.5247817216981143,3.8012048948436035,2.512865784219834,0.6490809551886816,4.701554192911284,0.5927752672681923,0.10963230838289677,1.1874672723706683,250.22948162013446,78.6000560709246,507.70968312762983,253.16540582849834,80.47358147454108,511.78353562135004,167.1,167.1,167.1,133.49,133.49,133.49,0,0,0,1.0430437705224396,0.9791190891560799,1.0885226330722262,0,0,0,2.0654797812407275,0.7301382538910502,3.8878045411702145,2.554707098014874,0.9030780144587914,4.808665738212045,0.8250039068703977,0.2916353466572331,1.5528856611160824,252.85030532571875,78.71846367890485,521.027624745765,255.61413167030594,81.65496505665433,524.4351665209716,CIP
MSW,cip+cro,0.7,0.025,0,307.2955760696859,302.747180180136,313.76552535081197,307.3634927009568,302.8759336780962,313.7628828281331,575.3955447116444,389.9687314484076,836.7944633091093,578.7025448323382,395.36402221461225,846.7564530789674,167.1,167.1,167.1,133.49,133.49,133.49,0.16764514384249482,0.0643463574181021,0.27551576324015326,0.6972693546657385,0.6384268382352942,0.7523096234309624,1.4712995402216518,0.7750870812416771,2.258197265365723,0.6080404765933393,0,1.502310819277106,0.752060289111254,0,1.858146542168681,0.015539195613209265,0,0.11258330537483843,266.50227485741135,81.60824379393465,531.3014486085708,269.9022597152844,85.26062488089916,533.3179723167729,167.1,167.1,167.1,133.49,133.49,133.49,0,0,0,1.043891864336367,0.9822015273607885,1.090449226956964,0,0,0,2.0881961576814296,0.5347601754385951,3.859299930814383,2.5828040509172054,0.661422894736844,4.773409556542506,0.8340773916286265,0.21359649122806987,1.541500212020442,266.60083595873664,81.40691195310379,535.0839088793025,269.40834803112665,87.65371063908309,539.0641327744988,CIP+CRO
MSW,cip+cro+nda,0.7,0.025,0,307.12520527699996,302.63849263883145,314.2449800523341,307.251555713491,302.94890322143544,313.9283033943061,568.6986188304893,384.68265678134816,856.9053128431395,573.3166377955903,396.57007771625143,845.1021623903889,167.1,167.1,167.1,133.49,133.49,133.49,0.1642988332301298,0.0637794606491025,0.27341076903285433,0.6962815154197453,0.6399250922887613,0.7520079976898355,1.4442630951500137,0.724600251527128,2.2003797468354467,0.6022629351314733,0,1.5360296062556582,0.7449142854002718,0,1.8998519247209011,0.04242594957875149,0,0.20719336293260426,259.7691271100824,77.07600051550459,549.2090592897358,263.1772681371378,78.42897852771871,550.8335242530492,167.1,167.1,167.1,133.49,133.49,133.49,0,0,0,1.0430692931636425,0.9784922946094725,1.086658239760176,0,0,0,2.0325986502956046,0.5248089442102926,3.8245012433875436,2.5140377778021135,0.6491146255957816,4.730368489484685,0.8118703667900641,0.20962172240385368,1.5276007522717456,261.30730863360844,86.14247870851109,533.8276936304649,264.16305633720236,87.1379393569107,539.5332988903705,CIP+CRO+NDA
MSW,cip,0.7,0.05,0,307.3184763442829,302.92159877484573,314.0522793865703,307.4011808851574,302.9811500671787,314.53788411550534,575.9918769209414,395.96054114435026,857.2985604835533,579.6751150734627,400.34112820402333,869.3378631120124,167.1,167.1,167.1,133.49,133.49,133.49,0.166565196260811,0.06453830889997123,0.274294511853972,0.7286759288253276,0.6646273820415333,0.7863572310451487,0,0,0,3.5206409687733755,1.5811380053073882,5.75030046402695,4.354536197437144,1.9556446505970846,7.112310439729127,1.192529827791844,0.4981463611993269,2.023167509904526,260.13580687419125,80.02033620900656,544.5822172646775,261.990838003249,81.64152079167523,545.3142367703574,167.1,167.1,167.1,133.49,133.49,133.49,0,0,0,1.0449176926349775,0.979811854638225,1.089818181818182,0,0,0,4.19222592446894,1.844468445276373,6.752799091622745,5.185192042542946,2.2813472550099076,8.352259812717278,1.6744791198549847,0.7367264919621215,2.6972356173600995,261.5901740445951,84.32118194035944,551.0131327554021,262.96919155681746,84.99208519262285,555.1192732602526,CIP
MSW,cip+cro,0.7,0.05,0,307.1255622426325,302.7862063172598,313.80455319502113,307.351594473042,302.98214793424603,313.56030021202963,568.6950776543631,391.3099854530637,847.1701910349244,577.9179147419184,398.670117712833,831.2456043864914,167.1,167.1,167.1,133.49,133.49,133.49,0.16729723567571647,0.06439020692569081,0.27066755605611387,0.6801485515202865,0.6227794896513734,0.7354355178531826,2.2456550504108117,1.3457556935817812,3.2444298892181034,0.6033245533159896,0,1.5360296062556582,0.7462273573247699,0,1.8998519247209118,0.025408486783279633,0,0.11787810383747171,259.00486867988093,80.35779657225238,539.5127446346394,262.1796908846083,83.07898053128142,541.9488294764125,167.1,167.1,167.1,133.49,133.49,133.49,0,0,0,1.0441229050962046,0.9825838478254048,1.0876668683978874,0,0,0,4.151148272305252,1.7629953656364437,6.780098184853798,5.1343847819222095,2.1805765494607128,8.386024939774037,1.6580716856947002,0.7041841211201666,2.7081395529852235,259.7695549579989,81.72139856932772,515.2175130471898,261.18859734586954,82.70967814274876,517.927857412933,CIP+CRO
MSW,cip+cro+nda,0.7,0.05,0,307.2245974511688,302.7291085854393,314.2430077492006,307.5200228650727,302.7555174910838,314.34440763116135,571.6989485453686,388.2915559735304,863.4788019608046,584.4615631108675,392.88785981447717,853.5674045746514,167.1,167.1,167.1,133.49,133.49,133.49,0.16759310830798818,0.06481246758243905,0.274716924020268,0.6783546390680988,0.6174630242825607,0.7323734646314066,2.173840137076509,1.2937947437138755,3.1377819548872186,0.6341998529057034,0,1.574756941410132,0.7844157471272575,0,1.9477521747765665,0.07620254639581053,0,0.3046627789046661,261.8128753092891,78.41605898166009,551.2897693597412,265.13652625130715,79.56695398134671,557.9931378660415,167.1,167.1,167.1,133.49,133.49,133.49,0,0,0,1.0436401894205798,0.9795272087029491,1.0880262540931198,0,0,0,4.099750799831242,1.9323664736164765,6.510672370967743,5.0708133594653395,2.390064715689714,8.052783217741931,1.6375422590794224,0.7718351468351472,2.6005241935483867,266.3693572013972,74.0106611579733,538.0170210362044,267.8088216642585,73.25627204346544,541.3096723580998,CIP+CRO+NDA
MSW,cip,0.7,0.075,0,307.51083324875526,303.02656649472965,314.3447026175461,307.64815007021735,303.1586011188024,313.8386511193087,584.1775103417227,400.8969003429366,863.0339545625039,589.3418104457959,406.3042412276471,853.6297208923323,167.1,167.1,167.1,133.49,133.49,133.49,0.1648276486631953,0.0640229028506812,0.27455021011809777,0.7279765228884582,0.669283081764192,0.782005655318672,0,0,0,4.938170787315779,2.2131822459909496,7.970625318646997,6.107820602333457,2.73739420951253,9.85853904845914,1.7711808507822382,0.7848745703680832,2.8735651615790503,264.07256862235363,80.94918725660327,541.3630240139983,265.2149282948125,81.30494749315996,544.9389200644318,167.1,167.1,167.1,133.49,133.49,133.49,0,0,0,1.0416433867418806,0.9781176858464536,1.0848273269967612,0,0,0,6.233201789972193,2.973130289339617,9.499487430231397,7.709591253725793,3.677342728059213,11.749525793439272,2.4896955543905546,1.187542055176391,3.79433113525779,265.04891107281577,82.41350716142594,528.4704987116436,265.12041761211367,79.72547241789341,530.7118129192463,CIP
MSW,cip+cro,0.7,0.075,0,307.156290761614,302.55552655295907,313.96339220828315,307.72947646926065,303.13386064292456,314.5477863613455,569.6214270262166,382.4044078606481,840.4096770757359,592.7174510051417,402.7101116998765,866.0241424868531,167.1,167.1,167.1,133.49,133.49,133.49,0.16582595730280122,0.06492326985367865,0.27612123567917185,0.6599394093637224,0.6011456561120725,0.7159316283102144,3.0185188613363296,2.043594624192622,4.142195978295559,0.6062683314272657,0,1.467096943933821,0.7498683955494774,0,1.8145919462316182,0.03649393471449516,0,0.20222927927063333,259.0339367530745,72.709646441706,526.961796074679,262.1565076196025,75.6188842389679,531.9436757377432,167.1,167.1,167.1,133.49,133.49,133.49,0,0,0,1.0423449341563484,0.9768902439024392,1.087210880861585,0,0,0,6.147668240936894,2.850596362937826,9.55244026584348,7.603798320372738,3.5257855478004756,11.815020980672216,2.4555313312577463,1.1385989626688855,3.815481812527355,268.6538780334027,80.73023471722058,541.1719865294597,268.9185718426613,81.09169346064398,544.8335285742278,CIP+CRO
MSW,cip+cro+nda,0.7,0.075,0,307.2607896210012,302.74561399738576,314.8791653017683,307.686218847391,303.24772713684234,314.82183131875996,573.7928013568263,387.184627222722,874.7396464582263,591.3524094796277,409.9100713064292,887.2923512425667,167.1,167.1,167.1,133.49,133.49,133.49,0.16568161867394274,0.06493836318506381,0.27289341818490237,0.6623785807478293,0.5994469252586457,0.7187714938253774,2.9830603347017792,2,4.068681668537578,0.620140593629091,0,1.5299295975092666,0.7670264268380907,0,1.8923070744716348,0.10196759824507855,0,0.32049703349282344,263.34810461936434,75.66083020721656,566.5805179032141,266.140215211591,78.66825590333605,566.43175945121925,167.1,167.1,167.1,133.49,133.49,133.49,0,0,0,1.0445735167630417,0.9769724736048265,1.0893262289804575,0,0,0,6.163543832411992,2.7758490061774523,9.530543391430651,7.623434187349009,3.43333361260949,11.787937636165584,2.4618724366560123,1.1087430125329343,3.8067356572258544,267.55100862369125,88.42089409074532,567.6675913021336,267.55612290639027,89.19662457434534,568.3585032453125,CIP+CRO+NDA
MSW,cip,0.7,0.1,0,307.7881307384212,303.37757372517547,314.3154749648439,307.93644961145185,303.42338988696304,314.7108719443126,595.1829056978038,415.60123141253814,864.0078958370716,601.8762448141849,413.8459027526384,873.8827530296403,167.1,167.1,167.1,133.49,133.49,133.49,0.17007757661685152,0.06668464675175456,0.28283266344851576,0.7292244474083058,0.6681778292234234,0.7876043383299808,0,0,0,6.385735178722948,2.8384097517357465,9.876797706350432,7.898253536680572,3.5107124289922167,12.216205375253534,2.3409825023999074,1.0400510913834806,3.65581993736952,270.9725236920224,91.22399941907601,544.8684477476695,270.8085927870774,89.03213978441809,544.5773652542471,167.1,167.1,167.1,133.49,133.49,133.49,0,0,0,1.0457158971877796,0.988263771971359,1.0894833863079854,0,0,0,8.271932981467632,3.9271829523420823,12.37555260867861,10.23121411983251,4.8573712774494675,15.306812672964591,3.3040154103960826,1.5686143762350553,4.943102975187177,271.88151331038364,81.03680509584102,549.1477431767443,270.31727893133444,82.05874143220636,555.6008776498539,CIP
MSW,cip+cro,0.7,0.1,0,307.21142637217395,302.82835580817436,313.9186659883504,307.8888782802815,303.35434879482926,314.96836346280725,572.0039405934282,391.63643033016257,857.1928051018768,599.6540823941947,415.3183254370245,888.2390816872656,167.1,167.1,167.1,133.49,133.49,133.49,0.16690022570562202,0.06498964156943124,0.2718755230703,0.6440625261006296,0.5840731180504436,0.6959405822881718,3.8697541431274294,2.7776297085998602,5.0831753065094505,0.638508314265169,0,1.6053928571428553,0.7897447060047622,0,1.9856444805194784,0.05065102944910915,0,0.21750095495168495,260.5702911735794,78.873947945695,543.2514528811143,263.2911058993391,83.31356963274277,547.358197651671,167.1,167.1,167.1,133.49,133.49,133.49,0,0,0,1.0438607261188224,0.9799002362948961,1.0878,0,0,0,8.319063130013182,3.8368823914082317,12.297063287062375,10.289507464610487,4.7456822228929365,15.209732455151542,3.3228403618841593,1.532546090193415,4.9117523913813566,269.5128695667322,85.68691202829876,561.1792212168921,268.20783786042057,81.84377968034543,563.5401054389534,CIP+CRO
MSW,cip+cro+nda,0.7,0.1,0,307.04517412624904,302.7793918594872,313.32591782836437,307.60221482403216,303.35031793166297,313.8645595457169,564.7044555612734,391.11675226787094,825.9934240796806,588.3096583195271,412.3016235444263,840.6069283014314,167.1,167.1,167.1,133.49,133.49,133.49,0.16786182320471116,0.0652793746228371,0.2762279329782987,0.6441899864313952,0.5881756761939138,0.6980208984375001,3.798397350978997,2.6475340483889727,5.051573521432449,0.646611386666425,0,1.564749999999997,0.7997670634091916,0,1.9353749999999987,0.1258920268246185,0,0.39419459064327655,253.35808809754994,78.66005536850953,513.9056128337816,255.94039087848626,82.54690220415466,516.0557986221203,167.1,167.1,167.1,133.49,133.49,133.49,0,0,0,1.0440951301164978,0.9854075745682892,1.0887939973435565,0,0,0,8.293164446579073,4.044944326241129,12.160111775157477,10.257474446907157,5.003025483558986,15.040342755612999,3.312495784701659,1.615651192778854,4.857050557260544,258.2430541077673,84.1237233318339,505.7376045089893,256.859474082375,81.30603873786139,508.12429030003506,CIP+CRO+NDA
MSW,cip,0.7,0.125,0,307.6084826510075,303.29885576621075,314.1079905326019,307.8848662544142,303.5635481145892,314.27511893954943,587.7376242137352,410.75786558847574,846.8870090739554,599.487754695214,424.2113157579975,855.2362335499322,167.1,167.1,167.1,133.49,133.49,133.49,0.16692961656557864,0.06333816164597136,0.2776658257134356,0.7286025062505098,0.667395106776888,0.7834209135316419,0,0,0,7.806673906718293,3.9780727232983653,11.628335074538226,9.65575428165197,4.92031474475384,14.382609998328432,2.927186933418546,1.4964918360557797,4.413475424154265,259.29442428003705,82.79685092625074,522.5165133784222,258.4610177986307,79.77543135969175,526.1908187176575,167.1,167.1,167.1,133.49,133.49,133.49,0,0,0,1.0422693664972038,0.9767761988304094,1.0883224214190177,0,0,0,10.25720951557856,5.248598030354395,15.189819245077661,12.686721115969233,6.491775307874819,18.78766347431997,4.096984149056782,2.096420366813544,6.067190943073039,263.5214583609033,87.24739030402876,516.2619161025688,260.9646497330157,85.89636456138535,512.8292495814181,CIP
MSW,cip+cro,0.7,0.125,0,307.1436664266853,302.80743227508634,313.6453652321862,307.9682711301147,303.51927682932205,314.80902437205555,568.8663038364106,394.1988745734008,835.7969862792155,602.7636425320189,419.53441978942726,868.5026879122498,167.1,167.1,167.1,133.49,133.49,133.49,0.1655006762899977,0.06554912713649985,0.27526309106950003,0.6276366682796365,0.5707240263157896,0.682547261101417,4.603092472367515,3.3195661572742217,5.9921506515676635,0.6442932816685739,0,1.6085683148120815,0.7968998945577995,0,1.9895720736727467,0.05714882363216928,0,0.21804898192713315,256.6796617251115,80.40690676757535,521.6179097403609,259.2600984511101,84.26959868488458,525.9381625279527,167.1,167.1,167.1,133.49,133.49,133.49,0,0,0,1.0446853774457967,0.9845803436225977,1.0891483681064331,0,0,0,10.425232392036396,5.360456299110144,15.165558025207554,12.894541710009547,6.630128205713557,18.7576557680371,4.164096657627574,2.1410993365993543,6.057500409493346,266.50291230098804,83.35685357586156,532.4216733998771,263.5746598467814,80.70607018360319,531.5260027611762,CIP+CRO
MSW,cip+cro+nda,0.7,0.125,0,307.1788949997655,302.83100153023616,313.4826852364937,307.8917518135122,303.5510924033766,314.07680115593274,569.9718416517007,391.35172747227597,820.7553036124962,599.6594120077791,423.6488806875517,857.1808575405412,167.1,167.1,167.1,133.49,133.49,133.49,0.16315073725045012,0.0647795688182992,0.27411542035127356,0.6266912311611391,0.5606888555415861,0.6832769199465147,4.553080119425867,3.2316754721564322,5.8948802135950356,0.6201957708247106,0,1.5296945010183263,0.7670946732448469,0,1.8920162932790185,0.15609078759385192,0,0.4712298311444653,257.68664778001755,78.74189384984132,508.13726665041594,260.31161586530243,81.77458817318248,509.96368402784424,167.1,167.1,167.1,133.49,133.49,133.49,0,0,0,1.0439824605956465,0.980699849098182,1.0867880634957177,0,0,0,10.275463363213575,5.5135896338105725,14.785569299805262,12.709298550298435,6.819532537169598,18.287663322326647,4.104275189013251,2.2022645925110123,5.905723478113626,263.66892096765923,84.62958107133494,520.6567406587619,261.3081797985799,83.9484410844297,518.6987562256819,CIP+CRO+NDA
MSW,cip,0.7,0.15,0,307.901386567824,303.32316420281745,314.9061162044042,308.18220903466266,303.80235828667276,314.8345362469578,600.1338177402438,409.6520545244497,882.7481088903595,611.5068835122114,434.32206399517804,889.1111577600934,167.1,167.1,167.1,133.49,133.49,133.49,0.16709673620004062,0.06432640934963642,0.2742425943826217,0.7286644846699973,0.665988832997988,0.7847389106450695,0,0,0,9.339826429056904,4.408562344576527,13.883124719759643,11.552047659457426,5.452769674155479,17.171466690848252,3.5367378775268836,1.6853663708915263,5.2071191942069674,267.3757243601934,79.08207750597118,551.0139089963806,265.458328704696,77.06221587288596,547.9505586044338,167.1,167.1,167.1,133.49,133.49,133.49,0,0,0,1.042288027431146,0.9745259490261086,1.087705581691093,0,0,0,12.42266269641868,5.984503872945108,17.80465334243915,15.365081205356322,7.401987015881851,22.021844360200156,4.961919913891468,2.3903594315965475,7.111620603306898,269.4619898041812,92.64844709465265,547.716540620797,265.4351554642184,86.70011687284713,541.8333099862119,CIP
MSW,cip+cro,0.7,0.15,0,307.41543106466344,303.04585165885595,314.3717605855055,308.30664666509676,303.91963900111654,314.52977411457476,580.6591364198829,403.4106165324555,853.2818030852119,616.6605778718337,439.5118862447389,860.1457584075866,167.1,167.1,167.1,133.49,133.49,133.49,0.16594601311579396,0.06434306191066105,0.2784221124564601,0.6087806578214244,0.5549721943887775,0.6664923709101502,5.423153526211307,4.06483451244249,6.827845268542197,0.6541764248460131,0,1.5818123211875859,0.8091239483855907,0,1.9564786842105284,0.07577614932347557,0,0.303444005893909,267.7399381693138,88.50534372580142,541.1613901941723,269.92786755511946,92.57526281546654,542.0744228178575,167.1,167.1,167.1,133.49,133.49,133.49,0,0,0,1.0436073174438092,0.9768837330754354,1.0894054895719512,0,0,0,12.393253058007296,6.368528466792679,17.525845257731955,15.328705631660569,7.876971261491544,21.67699809278351,4.950172974120186,2.5437483890368564,7.000257731958762,274.7905910334162,97.59342129542624,519.0047170896094,270.78762369176167,92.08735033949463,520.287016065307,CIP+CRO
MSW,cip+cro+nda,0.7,0.15,0,307.28937510353734,302.82212748359177,314.2742750738421,308.19587585497294,303.9466106421588,314.46842451646876,574.5238139072641,394.84202179336427,849.7700144215411,612.0305815951779,438.6053771173121,878.4918370381631,167.1,167.1,167.1,133.49,133.49,133.49,0.16706161803505326,0.06445863267084331,0.27536212197129806,0.6104492837882749,0.5517272413195744,0.6651014397215484,5.34558568542138,4.040809744950614,6.716636117657324,0.6755960749789746,0,1.5846407123932877,0.8356170337833093,0,1.9599770051114593,0.1808499689252958,0,0.4876052210187629,261.435906908367,81.83500888899687,538.8825078081265,263.64168344874406,82.97077822629761,539.2975930241237,167.1,167.1,167.1,133.49,133.49,133.49,0,0,0,1.0437827921357359,0.9784365671641793,1.0884721376905433,0,0,0,12.552336333226659,6.522078689378763,17.88375849654378,15.52546920013967,8.066891224448904,22.119686275921662,5.013714784001701,2.605080160320643,7.143217165898619,269.5013726699694,96.23934728439633,531.5469038142427,265.75219251596855,94.05689291013844,529.2885374665365,CIP+CRO+NDA
WSM,cip,0.1,0,0,605.7223073110761,603.6553086667622,608.6352629285459,605.7227172707406,603.66803583869455,608.6617717846947,916.6115510405541,719.1311085094225,1202.1358855100195,915.5463552255372,717.2218361309061,1220.0594030105453,167.1,167.1,167.1,435.39,435.39,435.39,0.5015913779860975,0.19113103311308133,0.8199509754857216,0.1250123091595371,0.07514651473445594,0.17526315789473693,0,0,0,0.04417820066738393,0,0.629124651032943,0.17491998225580907,0,2.490967742754172,3.917383187473727e-4,0,0.005578593726206799,53.77934526072125,16.88486283253257,105.65417693264516,313.0277378129076,115.79816522382019,598.6395639441241,167.1,167.1,167.1,435.39,435.39,435.39,0,0,0,1.0638423156540933,0.8705699236425339,1.11,0,0,0,0,0,0,0,0,0,0,0,0,54.078874241357404,17.041964699909904,104.60922074499774,311.67726170896594,113.19078089937553,616.1981553690362,CIP
WSM,cip+cro,0.1,0,0,605.6821276290859,603.5216384337878,608.7413524524443,605.7138753956137,603.5416016804126,608.8601211501813,911.8492216696116,702.1121190572669,1206.154297251804,915.1533982276455,705.074119188724,1210.3106504391535,167.1,167.1,167.1,435.39,435.39,435.39,0.5011144897094747,0.19774573234577658,0.8169785263243181,0.12260976659134275,0.07399181415929204,0.17208045731707314,0.11384873606761323,0,0.5077443706885336,0.04700653420431633,0,0.6227860696517427,0.1861185382091976,0,2.4658706467661657,4.168178060935545e-4,0,0.005522388059701484,53.27444101921177,18.393006440087152,103.73109170423821,308.1123440451154,98.51878179230481,602.5679131545003,167.1,167.1,167.1,435.39,435.39,435.39,0,0,0,1.06683163771514,0.8858890678979539,1.11,0,0,0,0,0,0,0,0,0,0,0,0,53.323853432944404,18.412242446045862,104.16652159668855,311.27287689743486,101.45751266345054,606.2125379391538,CIP+CRO
WSM,cip+cro+nda,0.1,0,0,605.7214522341259,603.5553140379874,608.9842154342115,605.7845603759749,603.6268199863196,609.1184823548679,915.1133130001001,709.9899988577546,1226.5895920724176,921.4817336100464,710.3660563520292,1220.0335930041933,167.1,167.1,167.1,435.39,435.39,435.39,0.49276450490301366,0.19905831996703485,0.820270039400757,0.1218093584088549,0.07541875933532492,0.1722488163301769,0.1144089350423583,0,0.4950495049504953,0.05047346274773175,0,0.616960120801049,0.19984555900531872,0,2.442803277471103,0.002409485862166018,0,0.005692307692307694,54.42213051129973,18.501585703021888,105.14971199841058,311.36019810057456,106.62186092631424,623.2298232096249,167.1,167.1,167.1,435.39,435.39,435.39,0,0,0,1.0686322083742168,0.8962602263223256,1.11,0,0,0,0,0,0,0,0,0,0,0,0,54.2508731928136,18.53472744920802,103.81501182661043,317.6073452667828,106.48009535637154,616.1671021966636,CIP+CRO+NDA
WSM,cip,0.1,0.025,0,605.6955003812405,603.5110712782125,608.746341100086,605.7712296252497,603.6468703066749,608.9802181396482,913.9957970069594,703.3108690384915,1209.9702622884279,920.6703843253522,712.8777232492275,1237.6669348853088,167.1,167.1,167.1,435.39,435.39,435.39,0.4860834633214759,0.18612355847274467,0.8136153947773584,0.12412888548995986,0.07513619542464113,0.17611200350467293,0,0,0,0.15587240670969463,0,1.1176785714285726,0.6171640810160809,0,4.4253571428571465,0.047601369355936965,0,0.27777189009661785,53.5787701330048,18.40389116595755,100.43063483562936,309.6522923968344,100.31286963801242,606.3980740813989,167.1,167.1,167.1,435.39,435.39,435.39,0,0,0,1.0662670693308978,0.8889773801377188,1.11,0,0,0,1.0896384876818934,0,2.995460208492246,4.314334718282901,0,11.860280378152233,0.43522866579401404,0,1.1964611792987077,55.619223943714744,20.69187988776048,101.6589072440956,309.08617443214973,104.08970947616123,625.3204673928095,CIP
WSM,cip+cro,0.1,0.025,0,605.6259039377578,603.5673467035228,608.5960683541853,605.7128356902292,603.6431040351672,609.0154564246735,906.8534375775915,709.5128028195695,1184.2893103767528,915.7427307050554,712.1174186680839,1228.5175998611692,167.1,167.1,167.1,435.39,435.39,435.39,0.4949393623045322,0.19415448923125742,0.8157899751923335,0.11816139988098728,0.070310037121644825,0.17000106382978725,0.25078801155259367,0,0.7855480761239927,0.05276389702462333,0,0.6323024534686958,0.20891434671101108,0,2.5035499923088738,0.001402424029203802,0,0.0056345177664974535,53.45800680464283,16.696120315006475,102.51889586857702,302.9010481828476,105.52976838820605,580.1401829600817,167.1,167.1,167.1,435.39,435.39,435.39,0,0,0,1.0653506277394118,0.8685316589278177,1.11,0,0,0,1.0670062645944536,0,3.1143195895522373,4.224724276910008,0,12.330894402985079,0.42618879397445825,0,1.2439365671641782,55.600666429466685,19.20883189765559,103.86565627686586,304.1706936646548,101.7413158576912,619.7135032137188,CIP+CRO
WSM,cip+cro+nda,0.1,0.025,0,605.7871492094106,603.5965062971794,609.0783315425792,605.8792054975322,603.6625852973975,609.1397887291323,922.9962381403395,710.7514122939604,1235.7178027396014,931.7845899083973,720.6707084436807,1237.1077135189269,167.1,167.1,167.1,435.39,435.39,435.39,0.49331151717385496,0.1935334404563861,0.8190301499363328,0.11850596289310192,0.07498533519553068,0.16916018735363003,0.25042522312793303,0,0.8023558317675963,0.038782312511029024,0,0.6228639179104489,0.15355540320311897,0,2.466178880597012,0.005855208255754054,0,0.006101456504389463,53.218538724869866,17.254946896244803,104.7220834512427,319.1305470146029,107.05856582712218,631.7040317246843,167.1,167.1,167.1,435.39,435.39,435.39,0,0,0,1.0658179769697709,0.895261366951955,1.11,0,0,0,1.052476954575186,0,3.0384110196140117,4.167196658936292,0,12.030340611611182,0.42038542681546015,0,1.2136167996541025,55.110610677740205,19.332737574752088,106.95746976960116,320.4585128105829,112.11661906452572,629.8764913642589,CIP+CRO+NDA
WSM,cip,0.1,0.05,0,605.6645414841453,603.5609535664053,608.883544974749,605.8174471806493,603.7719852644374,608.9355817627398,911.0666007192277,709.1349535668217,1223.559969138536,926.0360356208,730.7699866866432,1223.1433345634887,167.1,167.1,167.1,435.39,435.39,435.39,0.4854128995740177,0.18913275538349617,0.8155319869325351,0.12347201486197178,0.0763696002621232,0.17500657894736846,0,0,0,0.289504697711614,0,1.3041290085078532,1.1462702378477736,0,5.163592441099479,0.09893004107448962,0,0.49752659730902066,54.33198592334761,19.668455319681197,102.96036750799027,305.744633249294,105.96835715685248,620.4602943838216,167.1,167.1,167.1,435.39,435.39,435.39,0,0,0,1.0626222109989143,0.8762754062575794,1.11,0,0,0,2.171472586596282,0,4.920685135544124,8.597768595786714,0,19.48305145055991,0.8673400649449918,0,1.9654438151238693,57.842244940407205,22.662559944909567,107.31547856471526,306.8701338569231,110.73696095375603,612.5633360024763,CIP
WSM,cip+cro,0.1,0.05,0,605.6961592528424,603.569328826437,608.930513403251,605.863913792468,603.686993931808,609.1048416466491,913.7177603962671,715.3570405272513,1200.9453981918562,928.8661102243566,715.5513624074086,1205.544907902406,167.1,167.1,167.1,435.39,435.39,435.39,0.5022672376819086,0.19744711877632062,0.8089497928818521,0.11674327454626433,0.07105093596059116,0.1670592055410846,0.38017116832649983,0,1.0416666666666665,0.04443742531141897,0,0.6292048822794188,0.1759463610908426,0,2.4912854118307237,0.0029541656042812105,0,0.005781250000000009,54.04419139619843,18.262605261687803,103.94628100478386,309.62121319687486,112.29217745695985,596.4736648547362,167.1,167.1,167.1,435.39,435.39,435.39,0,0,0,1.06326672337089,0.8908839939608356,1.11,0,0,0,2.191554337111998,0,5.110262650265588,8.677280649034913,0,20.23366815767401,0.8753612146956374,0,2.041165781381044,58.05740768680141,21.869487280480776,108.67768169410142,309.49050482401157,103.05318906419078,590.2496107866524,CIP+CRO
WSM,cip+cro+nda,0.1,0.05,0,605.6962539066614,603.5798536671298,609.0462339402519,605.8475894388458,603.685610986667,609.3064626240887,914.0108426272286,709.6382086957925,1234.8903213876067,928.9743585749881,715.3825811437033,1252.4463273506876,167.1,167.1,167.1,435.39,435.39,435.39,0.5014214322826818,0.19247613567110197,0.8161030096315344,0.1157542224019435,0.06838660226029891,0.16543269230769234,0.3842305557183391,0,1.0364043609671851,0.039477761515092274,0,0.6197800477808986,0.15630897681211353,0,2.4539685483473757,0.009078297896503542,0,0.23044141491722092,53.4840238001559,17.922622104875856,100.59366870525747,309.95338185158954,105.9602283165577,631.1120662126242,167.1,167.1,167.1,435.39,435.39,435.39,0,0,0,1.0659818750973509,0.8958610147104529,1.11,0,0,0,2.2196737549844103,0,5.058419627749579,8.788617190609306,0,20.028399938470994,0.8865928083497406,0,2.020458391016766,57.33057932638224,21.759129204675727,103.71310293345996,309.5267310913362,96.63126073450847,637.7369304449539,CIP+CRO+NDA
WSM,cip,0.1,0.075,0,605.7257103845801,603.6249050247761,609.3124627295588,605.9479470548662,603.8300115161685,609.0763547917138,915.8427478297465,713.1545639409925,1248.9538619960213,938.7059839063322,734.9099596426445,1243.7984295592048,167.1,167.1,167.1,435.39,435.39,435.39,0.488634999760371,0.1906034054699412,0.8140807991336031,0.12461297070340399,0.07434521531100476,0.17327663275921854,0,0,0,0.4284026510366369,0,1.8142028985507275,1.696225355166949,0,7.1831884057970985,0.15645267798956064,0,0.6916518128858348,54.567476535796764,19.22695021379454,107.12133201701549,309.5808210182172,104.40790993480563,641.1675658677468,167.1,167.1,167.1,435.39,435.39,435.39,0,0,0,1.0654649098190438,0.906303086309789,1.11,0,0,0,3.2961335883640914,0.5768002050479842,6.753276911764704,13.050772102067247,2.283793366591972,26.73904911764704,1.3165575924125623,0.23038832283431243,2.6974264705882343,59.83684549058255,22.94971186077346,111.25285200343828,311.60265160387365,105.60244384044726,627.7198385231702,CIP
WSM,cip+cro,0.1,0.075,0,605.8038039090985,603.5813636710322,609.027888973575,606.0600128773365,603.8111838549504,609.3356837447304,923.0177209265655,712.6581420724322,1247.757113578255,948.1242700115569,731.6535653976471,1257.410309879965,167.1,167.1,167.1,435.39,435.39,435.39,0.5032364359702347,0.1959722077938645,0.8088569242710439,0.11271591880036873,0.06794202226345082,0.16004908018049285,0.5225219548742566,0,1.2503156565656564,0.043589258228294084,0,0.619857896039605,0.17258811270388003,0,2.4542767821782214,0.003186017535013268,0,0.0057512953367875675,53.477026098394454,19.33938010514224,101.15641925858397,318.7550142569087,107.91285130920785,643.908841798529,167.1,167.1,167.1,435.39,435.39,435.39,0,0,0,1.0628741020550447,0.8756191771356785,1.11,0,0,0,3.282047445296224,0.590402393923289,7.026082818338604,12.994999167491773,2.3376501240145235,27.819201853981017,1.3109312371370123,0.23582137478961854,2.8063919229663687,59.08550179773045,24.888958997484547,105.65410961158994,321.18156455581084,99.46450193138837,639.6920636522517,CIP+CRO
WSM,cip+cro+nda,0.1,0.075,0,605.7324975496648,603.6131793682135,608.9030448689456,605.9460691114934,603.8073536610369,609.0974408902998,916.2486298886088,708.875687313322,1238.5335974981956,937.3193445790561,730.6359045528372,1238.5384994315314,167.1,167.1,167.1,435.39,435.39,435.39,0.4914967050911177,0.19107026568120092,0.810503248158664,0.11317058835807918,0.06838660226029893,0.16021114653477148,0.5204406300436488,0,1.3394057219662054,0.04559274728168567,0,0.6291246510329436,0.18052076420110777,0,2.490967742754172,0.010276031198450475,0,0.23809523809523755,55.396959694009716,20.19673884302993,109.65664389972048,311.9863236010493,104.58248121665551,634.358454706769,167.1,167.1,167.1,435.39,435.39,435.39,0,0,0,1.0679099016085165,0.8846674487646047,1.11,0,0,0,3.3149618232747433,0.5904716981132082,6.717454806956138,13.125320962517126,2.337924528301885,26.59721441539976,1.32407805690795,0.23584905660377392,2.683118232527617,61.06398707446814,26.30595851579333,112.99682170911719,310.1929096152089,105.45446799497972,620.9581712357193,CIP+CRO+NDA
WSM,cip,0.1,0.1,0,605.7348254723163,603.619466184161,608.7773817048308,606.0053276236605,603.93772066324,609.4366849298214,916.5444834303307,709.2408609977367,1206.023437414834,943.4980947231301,748.523204245827,1258.1593259863637,167.1,167.1,167.1,435.39,435.39,435.39,0.4954961618752992,0.18934041606612997,0.8087657014820696,0.12458366651162756,0.07542597087378639,0.17648427835051553,0,0,0,0.5640648202284761,0,2.0639797619047586,2.2333686491295883,0,8.172159523809507,0.2099857889390773,0,0.7939708141321045,54.44971127865882,18.733979329552785,103.63736548000935,309.3261742240599,100.26942728442617,598.2210820820046,167.1,167.1,167.1,435.39,435.39,435.39,0,0,0,1.0620055720223969,0.8929456214993537,1.11,0,0,0,4.390935704569824,1.174990936358895,8.421568117059046,17.38555178633158,4.652280777256118,33.344512074925284,1.7538487396428437,0.4693205529473123,3.363783398729446,61.54447775027297,25.23183897987101,112.51927610837492,308.71125075261665,104.55077006490517,622.4273158688467,CIP
WSM,cip+cro,0.1,0.1,0,605.7275403151151,603.6473172847758,608.7795163798605,606.0456432984471,603.9759441096923,609.3073964874737,915.6145458893552,720.1985778897542,1210.4699569614893,947.1812853207745,746.241056930817,1268.4322601607003,167.1,167.1,167.1,435.39,435.39,435.39,0.4952994429609891,0.19019799403441537,0.8118786545140605,0.1112800472566078,0.06625233438717737,0.1564200592885375,0.6702197234544782,0,1.5910299806576396,0.04071796255335591,0,0.6107845488405613,0.16121945166915894,0,2.418351603988941,0.003856097529439986,0,0.005635236454988077,53.077471773012626,18.256995052250915,97.8440051203906,311.18844887475313,115.65523471555616,605.8416567868476,167.1,167.1,167.1,435.39,435.39,435.39,0,0,0,1.0670395122797496,0.879128458066395,1.11,0,0,0,4.4200078657729005,1.117554384920636,8.851260220125786,17.500660637415564,4.42486543650794,35.04584291023443,1.7654608826381613,0.4463789682539682,3.5354130931961114,60.9874037198122,25.79463163843519,107.81159713438146,312.1340913109716,109.84185315987861,632.2307950368208,CIP+CRO
WSM,cip+cro+nda,0.1,0.1,0,605.697126701649,603.5648381408623,608.5599673603381,606.0443028860575,603.8368483121708,608.9886303600407,913.171896646824,706.2954424680805,1187.2522080505541,946.1234119521497,738.2184507265011,1232.095288508223,167.1,167.1,167.1,435.39,435.39,435.39,0.4890418627259881,0.18909348383743332,0.8193614409143529,0.11149057680559088,0.06726104797979796,0.15561202656173145,0.6373352978393264,0,1.4634146341463408,0.05255287737542383,0,0.6322222222222209,0.20807883162130567,0,2.5032323232323215,0.01815162591659917,0,0.2512562814070348,52.579827371959986,16.935776626989433,102.46292953905709,308.70486409505327,102.22341791488807,581.7032599659361,167.1,167.1,167.1,435.39,435.39,435.39,0,0,0,1.0653766550897865,0.88785,1.11,0,0,0,4.44281229025416,1.2036538461538466,9.022272638618004,17.5909528961621,4.765769230769226,35.722952633045416,1.7745695359698672,0.48076923076923067,3.6037196990805245,60.42678640504279,24.194585694948486,108.83428542660289,310.89469702753416,99.78904168861811,597.0761201881373,CIP+CRO+NDA
WSM,cip,0.1,0.125,0,605.7772398349023,603.5428727684523,609.2583347334956,606.1096731069283,603.9683958165791,609.6245648445239,922.1631171701611,705.9255081228101,1243.4554083439655,952.3284311019548,740.3056422887696,1274.746702747145,167.1,167.1,167.1,435.39,435.39,435.39,0.5015885294013408,0.1940412504264624,0.8166460339624918,0.12490811303039356,0.07799509345794393,0.17279938089622635,0,0,0,0.7037876671146982,0,2.105694994519547,2.7865898652239087,0,8.337327584947001,0.2662634909264436,0,0.8334205020920501,54.118023068255944,19.057039845265212,104.23471566722193,313.9746323261056,97.72036800890022,637.2003495663552,167.1,167.1,167.1,435.39,435.39,435.39,0,0,0,1.064737244612053,0.8953212795120025,1.11,0,0,0,5.45698317897407,1.2579331909547744,10.282821843222035,21.60647981168484,4.98068386934673,40.71399439506766,2.1796545690102533,0.5024497487437192,4.107214348626791,62.72523534623972,27.74532558377632,112.10195753138348,310.1809017407121,96.6028241191336,645.0091916413462,CIP
WSM,cip+cro,0.1,0.125,0,605.7174676299873,603.5865680520244,608.9407711595098,606.1450529531091,603.9453946328659,609.1780617125215,916.666291598751,713.2044946333048,1232.0247380049786,956.4237128848013,749.9137668864182,1266.7594124373422,167.1,167.1,167.1,435.39,435.39,435.39,0.5035706138248643,0.1922713182141608,0.8179393230842781,0.10697144411158638,0.06280110062893073,0.1529428729281768,0.8122576946921855,0,1.7156862745098018,0.042469299685004513,0,0.6197800477808992,0.1681537281983992,0,2.4539685483473765,0.0036826056264596526,0,0.005722390630842371,54.73115754013664,19.940472552370426,104.7579731213207,312.0500402896114,108.6866124265503,628.4779231165362,167.1,167.1,167.1,435.39,435.39,435.39,0,0,0,1.0660211868608482,0.9048137856060978,1.11,0,0,0,5.413394837924658,1.7712071817698658,10.336200583819855,21.433895330475934,7.01295037204358,40.92534316475853,2.162244303373006,0.7074641243688548,4.128535142922129,64.34332536486345,28.088198730065645,111.71169587587165,314.25919769068014,104.7845498579063,638.6855353679068,CIP+CRO
WSM,cip+cro+nda,0.1,0.125,0,605.6796804776513,603.6303262377058,608.6457081272061,606.1076201150361,604.0900767332504,609.0708455049062,912.9374947608738,713.3169782225773,1189.001770869961,952.4932046231661,757.7271922658791,1251.10864391614,167.1,167.1,167.1,435.39,435.39,435.39,0.4985044368625239,0.19567447456525663,0.8252947980287679,0.10607777467517716,0.061933897626966106,0.16095697625698321,0.7903025190310367,0,1.7502198492462309,0.04403125553844562,0,0.6322222222222211,0.17433816500299712,0,2.5032323232323233,0.018645680698780115,0,0.25,54.733526446118525,19.110720751808362,103.52579874083706,308.33126849996245,108.92103869281166,584.8199568468442,167.1,167.1,167.1,435.39,435.39,435.39,0,0,0,1.061785006764166,0.8546155051697469,1.11,0,0,0,5.524962136574571,1.7791866612038811,10.485246721401202,21.875636949766896,7.0445444700358815,41.51547918992885,2.2068070524742653,0.71065132657129,4.1880678708264885,64.19854073398359,28.358670327833632,111.14778852919574,309.86061397865933,111.37696374053677,621.2509902179979,CIP+CRO+NDA
WSM,cip,0.1,0.15,0,605.7819017423034,603.6325367353583,609.288705985477,606.1804838307593,604.0591571142545,609.3010427896177,922.5977314690413,714.8156898275006,1251.3516157449185,961.3270915915119,758.1726397883767,1265.512912256333,167.1,167.1,167.1,435.39,435.39,435.39,0.5035726123325533,0.19730520885765385,0.8172065516199688,0.12507281745916227,0.07967208121827407,0.1728188245621457,0,0,0,0.8000266443641535,0,2.4669062576208365,3.1676402461467403,0,9.767514119884911,0.3039788174773679,0,0.9756097560975604,55.30632309461807,21.422256591505352,101.97189297631147,313.5850109789391,105.91703941868646,644.8207533609884,167.1,167.1,167.1,435.39,435.39,435.39,0,0,0,1.0672848365675425,0.9016425579896908,1.11,0,0,0,6.52323090332919,1.8681269765036206,12.013081938633183,25.82820071038568,7.396696394266291,47.56481811842271,2.6055403831798967,0.7461762967341512,4.7983231900595955,66.18764173869039,31.41606997005213,110.94276045193895,311.08765008128813,102.2541994009811,624.2696015687924,CIP
WSM,cip+cro,0.1,0.15,0,605.7027431956863,603.5899160255157,609.017511737057,606.1590353199847,604.0405831370982,609.1687648889953,913.6863050652569,713.8273958014131,1224.6020866856218,958.1053032958808,762.8859912504461,1249.3178472509376,167.1,167.1,167.1,435.39,435.39,435.39,0.4969262481839065,0.1917992210127869,0.8177833917781957,0.10416611889153624,0.06234222846441948,0.1508166816167159,0.9075724374454177,0.22217327459618255,2,0.04738443731358244,0,0.6259786306532653,0.1876148147475951,0,2.478511331658295,0.006571566249530654,0,0.006260267857142783,54.39016984308059,19.215586076102234,104.33259265466315,308.92784446690234,108.79590805196808,619.8337907844328,167.1,167.1,167.1,435.39,435.39,435.39,0,0,0,1.0660937727542796,0.8794497600959618,1.11,0,0,0,6.591197877765955,2.1573613383985943,12.628070976720648,26.097310402108306,8.541896259497378,49.999817054655864,2.632688080270792,0.861703682057278,5.043965080971659,66.21061493452159,30.012148069818423,116.78170861273983,307.74125663266204,113.66370702547395,602.8979633849191,CIP+CRO
WSM,cip+cro+nda,0.1,0.15,0,605.7159300338383,603.625922759892,609.097301651353,606.1957829059808,604.0926956594369,609.612521082134,914.4185090615206,713.2750634433293,1214.889128740848,963.2639877075377,763.4056102605956,1280.7610360208569,167.1,167.1,167.1,435.39,435.39,435.39,0.4997290394369434,0.19295383091074783,0.8082463769964611,0.10414254341458155,0.061643656716417944,0.15235294117647058,0.8898115765668267,0,1.9513520678685035,0.04969121542882025,0,0.625899999999999,0.19674831454817407,0,2.4781999999999997,0.024938482572998796,0,0.25512399959984017,54.48897264807044,18.189477225788046,101.81589345967409,309.620482110185,107.72547485193456,611.5841610291967,167.1,167.1,167.1,435.39,435.39,435.39,0,0,0,1.0685914508749512,0.9111187245590232,1.11,0,0,0,6.548536043992329,2.328930232558142,12.199919672131143,25.928394350889583,9.221209302325585,48.30458688524588,2.6156478846430455,0.9302325581395341,4.8729508196721305,65.97538522318418,30.15164902242377,112.25503754162486,313.1522831678732,113.02698822303931,640.3382419379107,CIP+CRO+NDA
WSM,cip,0.3,0,0,605.7964863431747,603.6460658170436,609.1737622041366,605.7973939258538,603.6206005257441,608.9265463693305,922.7031659036959,716.8055494988745,1234.1090808497618,922.3667501771868,715.9306302014639,1225.064394292545,167.1,167.1,167.1,435.39,435.39,435.39,0.38939925884301435,0.14710040650416611,0.6541246955450898,0.3319268667395192,0.2541556528107128,0.41066219571765866,0,0,0,0.14524344400991995,0,1.0528474972597732,0.5750795701316241,0,4.168663792473505,0.0012879071964452078,0,0.009335842162952133,54.90184118856624,18.03256021354495,103.66645651184474,318.35041522977156,112.92678116020912,630.7064712179267,167.1,167.1,167.1,435.39,435.39,435.39,0,0,0,1.0646417995617108,0.8844314362108481,1.11,0,0,0,0,0,0,0,0,0,0,0,0,54.83155368977968,18.044285080483235,104.7187973237961,318.49250081642043,112.09105124424468,621.2430053306019,CIP
WSM,cip+cro,0.3,0,0,605.7186592724255,603.6311255600134,608.8135336727343,605.6988807146873,603.5854013182493,608.7977185123244,914.7418712348657,713.9364386799818,1217.2433119220777,913.5100673564095,713.3392040949557,1205.701059746425,167.1,167.1,167.1,435.39,435.39,435.39,0.39033095100518417,0.15176167548034952,0.6445213033245664,0.32483171170900915,0.24868021558499892,0.4055510149762226,0.30076035215426156,0,0.9053944158308507,0.13293421370388744,0,0.6954444444444432,0.5263421767070997,0,2.753555555555555,0.0011787584055864752,0,0.006166666666666678,54.282603970675844,19.087487471374587,103.20590879040958,310.06408055454585,108.19473531519121,610.2107795734066,167.1,167.1,167.1,435.39,435.39,435.39,0,0,0,1.0652056964266994,0.9008121118012423,1.11,0,0,0,0,0,0,0,0,0,0,0,0,53.86585370983124,18.58488865656091,102.30469471022597,309.6305774849941,109.39669081628183,602.0939197971973,CIP+CRO
WSM,cip+cro+nda,0.3,0,0,605.7371072000003,603.7415159950154,608.6792582650017,605.752854990973,603.6843740917669,608.9436616768802,917.095391145913,725.662129718541,1198.0094375905733,920.2397132879851,722.3824467967908,1217.5536714566076,167.1,167.1,167.1,435.39,435.39,435.39,0.37279722661663306,0.15012997562701513,0.6365326127562875,0.3237671681624225,0.24541645728643216,0.4008441901408451,0.2915138038912747,0,0.926142263759086,0.1256551425318638,0,0.7241221958436542,0.497521288101078,0,2.867102773190206,0.007768938282698056,0,0.21374458874458913,54.260833956670986,17.367707681580978,106.88907988126584,312.49027287923633,119.52021334261403,591.5924177824697,167.1,167.1,167.1,435.39,435.39,435.39,0,0,0,1.060835344118763,0.8626425348287042,1.11,0,0,0,0,0,0,0,0,0,0,0,0,53.97613326298177,17.53301202319034,105.437385584815,316.3715375003111,118.45948474254664,613.4211999978336,CIP+CRO+NDA
WSM,cip,0.3,0.025,0,605.6758186346049,603.6091696836843,608.7585409077108,605.792390673604,603.6651438578676,609.0933959662539,912.4825553489451,711.0804273467938,1224.3522220184173,923.2009281439172,716.5905412213169,1238.1812725920738,167.1,167.1,167.1,435.39,435.39,435.39,0.373041716495944,0.14742659199095048,0.6319316680891752,0.3318733756990114,0.2466666666666667,0.405617973372781,0,0,0,0.44598417958405323,0,1.8593401433426922,1.7658379834561437,0,7.361905645042119,0.1320668633745543,0,0.5660913600661422,53.57961272984378,17.503405947642218,100.34378558926738,306.0363975815261,103.57981567743461,616.4432819647918,167.1,167.1,167.1,435.39,435.39,435.39,0,0,0,1.0652394895259918,0.8825574964131995,1.11,0,0,0,1.063058688288735,0,3.083632822026043,4.209094170501905,0,12.209392649856124,0.42461203398655345,0,1.2316795103155647,54.99863718220091,19.25632556844801,103.83698054871873,311.70075685692353,107.70671615965655,632.726441807934,CIP
WSM,cip+cro,0.3,0.025,0,605.7991472055065,603.6304548175251,609.0789084721257,605.8583529247564,603.6251359720322,609.0960186344945,922.5896390028933,716.9795437195784,1229.6774751819826,929.1684332938139,715.4720572441771,1238.5744757936602,167.1,167.1,167.1,435.39,435.39,435.39,0.39143994327291276,0.1524784349863843,0.6344497533045156,0.3154866863908898,0.23282282229965157,0.38938743455497377,0.6564736985366079,0,1.5155380333951756,0.13093015425377896,0,0.6767405846063445,0.5184072667705939,0,2.6794991480611,0.0031235235412230035,0,0.00617866766467066,54.29367592400119,18.39647963541834,102.05915704983788,317.49260432129057,111.04068783920903,625.4964183071348,167.1,167.1,167.1,435.39,435.39,435.39,0,0,0,1.0641707499951039,0.8765932160804021,1.11,0,0,0,1.114916786070311,0,3.0240384480090103,4.414422078989366,0,11.973433586604768,0.44532544578619243,0,1.2078760377092976,56.091058345702464,19.74903983229335,103.53731422487948,317.43081823721604,103.18642770815008,624.5528272146364,CIP+CRO
WSM,cip+cro+nda,0.3,0.025,0,605.6762276670023,603.5768649689359,608.7972947681684,605.7727019470631,603.6724581779847,608.9816804753135,912.0938453812048,714.4137440856512,1216.6929036122435,921.2128658661587,718.6191104402417,1225.5118171068818,167.1,167.1,167.1,435.39,435.39,435.39,0.3871949149218795,0.1495401650005272,0.6424863379119162,0.3168502844723267,0.24335507185828884,0.3927873015873015,0.6547281842552544,0,1.5465920623898286,0.13411436074041844,0,0.6804190276787841,0.5310148726424423,0,2.6940636433832243,0.01609340335623777,0,0.24509803921568624,54.638142026450616,17.95648106153212,105.44613863056786,306.95688416485274,108.90517460613049,612.8447329560657,167.1,167.1,167.1,435.39,435.39,435.39,0,0,0,1.067979033827257,0.8927590579710145,1.11,0,0,0,1.0948771517395688,0,3.177157360406092,4.335076781340468,0,12.579695431472086,0.4373211182854964,0,1.2690355329949237,56.40652459047563,19.40480579357516,105.48934984538636,309.55467099709927,104.6289159961026,619.3380144056142,CIP+CRO+NDA
WSM,cip,0.3,0.05,0,605.6809047108729,603.6241826192638,609.0143291962718,605.8447287100452,603.7462142904673,609.1361086222262,911.7509483283313,714.262093419362,1220.6901150166057,927.4971375677949,726.9961429747148,1226.7271915758902,167.1,167.1,167.1,435.39,435.39,435.39,0.385080454971354,0.15278084488599974,0.6390704338900567,0.3320768375551336,0.25045735294117655,0.4050967518205988,0,0,0,0.8303902235600623,0,2.6079166666666667,3.287862361441997,0,10.32583333333334,0.28243205677177774,0,0.9302325581395336,55.20706052931912,18.66649515768755,102.63594006549346,302.6296711757081,103.49812460518201,617.2982185159836,167.1,167.1,167.1,435.39,435.39,435.39,0,0,0,1.0651787169172922,0.899681441756049,1.11,0,0,0,2.2040240482331845,0,5.097828054298642,8.726653453157816,0,20.184434389140264,0.8803419269185112,0,2.0361990950226243,57.83204074006754,21.616181350213495,104.13730114776978,308.2389355294309,103.76631994424461,610.4836372473088,CIP
WSM,cip+cro,0.3,0.05,0,605.7522108244918,603.556712205522,609.4759494011632,605.9156460654463,603.7252501864111,609.2374469416382,919.6713424373651,711.3557182078964,1262.8182548765974,934.7470259100464,725.1007315798281,1251.4792661308072,167.1,167.1,167.1,435.39,435.39,435.39,0.38676699704669903,0.15144899280280766,0.6400893897007285,0.3106005353400643,0.23056982568623527,0.38558031875463317,1.018868836370412,0.22614379084967373,2.112769207839629,0.14464518992053654,0,0.719634422614275,0.5727108318598394,0,2.8493338011226985,0.0072448014832295436,0,0.023593055555550958,54.99279171988143,17.114580995921926,104.84599555272544,314.0239385542878,105.86293410366221,657.1188172752097,167.1,167.1,167.1,435.39,435.39,435.39,0,0,0,1.0663069917853796,0.9068519021739131,1.11,0,0,0,2.193574911190942,0,5.083451776649745,8.685280947297318,0,20.12751269035533,0.8761682821500807,0,2.030456852791878,58.35329569616406,19.73458880979019,103.47638102938879,315.51725177358384,104.37641721090793,631.1255111084857,CIP+CRO
WSM,cip+cro+nda,0.3,0.05,0,605.7276118448953,603.6656119727137,608.8901635460046,605.8598679246888,603.7323094265328,609.026816049318,916.1203048932053,714.0739474112754,1215.2842997994642,930.6325594887211,726.6609729342734,1235.8869945905071,167.1,167.1,167.1,435.39,435.39,435.39,0.38172043238213327,0.14944910469622197,0.6390534739602696,0.3075419035479568,0.2296461874696455,0.3832735426008969,1.0117692862567218,0.20922746781115942,2.112925192665425,0.12069016102256194,0,0.6732865767671432,0.4778628487715499,0,2.6658232857394615,0.024993679892322613,0,0.25383947995441875,55.49533366948766,17.81794593524313,103.13648628644032,310.59884509429713,109.6333390201999,611.0098499030508,167.1,167.1,167.1,435.39,435.39,435.39,0,0,0,1.0670796978280752,0.8868814576348675,1.11,0,0,0,2.2426018029551966,0,5.327124079862862,8.879398926479578,0,21.092313300393258,0.8957508399725183,0,2.127785620651408,59.01662989518033,20.86461035976223,107.28143711798324,311.04484299132895,107.56203479613443,617.0328039750179,CIP+CRO+NDA
WSM,cip,0.3,0.075,0,605.8832828291833,603.7313297526338,609.081346419453,606.008515403783,603.8451881171975,609.4431531367426,932.1869612166499,724.6032525525663,1237.4132736876484,943.0508064223121,733.3686554747306,1266.3626372353942,167.1,167.1,167.1,435.39,435.39,435.39,0.38171738146423123,0.14877923091896667,0.6391497283984016,0.33250857442294174,0.25653333333333334,0.40700984042553195,0,0,0,1.18899974709419,0,3.068231369541687,4.707747520768208,0,12.148411854926024,0.41897695320621003,0,1.1629265377091929,54.986976622995535,20.41675901143817,98.72108571234145,320.4097482412796,114.0291600125819,623.9876733677772,167.1,167.1,167.1,435.39,435.39,435.39,0,0,0,1.0649846656742736,0.8956839972912386,1.11,0,0,0,3.2244328054082807,0.6104866501708487,6.891363583974927,12.766878700052404,2.417172098503589,27.285792033562267,1.287918519495239,0.24384352539177606,2.7525817159190473,58.944716241221265,24.166367440605303,102.66243352549697,316.167872376072,101.56516068341702,644.6771577177792,CIP
WSM,cip+cro,0.3,0.075,0,605.67958946374,603.6291962269437,609.0517135824489,605.8820649871143,603.8162628882266,609.1981346824215,911.7056643724123,710.2626815139421,1268.0308165902607,930.972053951329,731.5450227885078,1252.9964670911272,167.1,167.1,167.1,435.39,435.39,435.39,0.39096533585631954,0.15220763980005994,0.6422190685921154,0.29886280279046185,0.2207463311464088,0.3804015429083211,1.3808630963441433,0.44642857142857234,2.6163482834994447,0.1325475575328704,0,1.066545437352244,0.524811243134621,0,4.22289966903073,0.007434794049605716,0,0.020132253034854643,54.55576172417293,17.788358486460435,104.20668891737999,305.6264161493151,105.52249388518341,662.5104288292936,167.1,167.1,167.1,435.39,435.39,435.39,0,0,0,1.0613834700327058,0.880310826185892,1.11,0,0,0,3.232617317520116,0.6197029702970314,6.557831954887219,12.79928460820954,2.453663366336638,25.965200751879703,1.291187616839797,0.24752475247524747,2.619360902255638,59.9567546844141,22.632206601115758,109.04062881678465,304.1148209578097,106.27482160304072,630.0800812154124,CIP+CRO
WSM,cip+cro+nda,0.3,0.075,0,605.8010981103902,603.6150701720917,608.968051318038,606.0374406047042,603.8268351363129,608.9008511874775,924.4199269912216,709.5300275972829,1236.8362761083654,946.7999009019228,731.2447922751186,1232.0172724781828,167.1,167.1,167.1,435.39,435.39,435.39,0.3864518838299733,0.14955110165821284,0.6416552961979817,0.30149327675046855,0.2229662946428572,0.37556932835820894,1.3235887275013187,0.2702339436210399,2.478354610892298,0.14438310930871429,0,0.732154437564498,0.5716731450532923,0,2.898905779153772,0.04082260772083479,0,0.2690317567567575,54.315523633357415,18.581875184161916,103.12661731490196,318.3324644176062,104.9737245005669,632.7156320888632,167.1,167.1,167.1,435.39,435.39,435.39,0,0,0,1.0635052479691236,0.893495340909091,1.11,0,0,0,3.3002087639266042,0.5849532710280385,6.9195699580853605,13.066907427325308,2.3160747663551375,27.397472871268793,1.3181853187116968,0.23364485981308447,2.763848042053586,59.79099692253782,23.222447326158864,108.46350129123128,319.5155611769885,103.82272789674045,603.9415713259168,CIP+CRO+NDA
WSM,cip,0.3,0.1,0,605.8679886765747,603.7055852532508,609.1492585907649,606.0525511540094,603.8734919112147,609.3638122665885,930.5615629015084,720.4392121762647,1227.646004547748,947.6204797987044,738.5338011270162,1234.7400714755593,167.1,167.1,167.1,435.39,435.39,435.39,0.3913294682124591,0.1472880163738105,0.6485010423029072,0.32843766518604983,0.2519615384615385,0.4041409799059627,0,0,0,1.4984079662732217,0,3.6642538737446206,5.932824128484259,0,14.508314347202287,0.5473360095270933,0,1.3455958444088216,55.95945364210044,20.86335313683848,106.1402384102496,316.6032344169371,107.68229665079458,616.321783854013,167.1,167.1,167.1,435.39,435.39,435.39,0,0,0,1.0625233904477767,0.892224603436491,1.11,0,0,0,4.405897812640233,1.2271052367288373,8.775847471137986,17.44479303288868,4.858623098995688,34.74725228147331,1.7598249770890846,0.4901362984218081,3.505291368884004,61.42758340716616,24.4168491935359,112.42176512571287,312.6688858842466,103.35871319373626,608.0126525284984,CIP
WSM,cip+cro,0.3,0.1,0,605.6653512700711,603.6208544683195,608.5256015814149,605.9166067201872,603.8803811957202,609.0251929036891,910.1938126814664,713.6459508489747,1187.8338413139695,935.3786760695624,740.1445162921107,1230.9945825843142,167.1,167.1,167.1,435.39,435.39,435.39,0.38432541107510804,0.14724013253737453,0.6439909258961011,0.2942809288794057,0.2209458542895832,0.3681998508893386,1.705765728764577,0.5179364491910756,3.037590730110537,0.13559383341806147,0,1.0608474576271183,0.5368727240400059,0,4.200338983050836,0.01066062250629275,0,0.23587700080479296,52.910826130782546,18.836699321332762,101.2207865344784,303.68605498351,107.76303218829247,581.3939539116154,167.1,167.1,167.1,435.39,435.39,435.39,0,0,0,1.0653284447841385,0.889975073981334,1.11,0,0,0,4.420980546997872,1.1921904761904756,8.49638009049774,17.504511889391473,4.720380952380953,33.64072398190044,1.7658493956693846,0.4761904761904773,3.39366515837104,60.19499857317727,25.28286755851878,109.59978070507513,300.31827390270064,99.38897742826143,589.3655488963191,CIP+CRO
WSM,cip+cro+nda,0.3,0.1,0,605.7067539957178,603.6390624972264,608.8465496454684,606.0047318619626,603.9716804249367,609.001034942015,915.2050600513,717.3549891001162,1213.2390971798973,942.6197357032358,748.6502316935414,1226.3726207103052,167.1,167.1,167.1,435.39,435.39,435.39,0.3840575222559977,0.14856458612345982,0.6438567011245755,0.2931654923740728,0.2239878942608434,0.36489422250859116,1.7114377907491207,0.6696428571428582,2.97029702970297,0.1458264323848151,0,0.7119865014792885,0.5773878650520029,0,2.8190524811726734,0.04927240527184322,0,0.27027027027026945,54.67555974128769,17.85294114447358,99.60839885790442,308.6102289881425,112.30352767184095,607.1712266275521,167.1,167.1,167.1,435.39,435.39,435.39,0,0,0,1.065735621574776,0.8920023233359485,1.11,0,0,0,4.452252213045295,1.2205413472706161,8.824992621747192,17.628329500509423,4.8326339140534165,34.941838496906676,1.7783400755093841,0.4875145180023228,3.524921162225271,61.932133922855144,23.950684648829963,108.2397932528527,307.5208979487854,106.97059027009674,595.9529953298356,CIP+CRO+NDA
WSM,cip,0.3,0.125,0,605.8178952221554,603.6210201879742,609.2158258386684,606.0763911313305,604.0032363715032,609.2991323022184,924.4673745128173,711.4956296863774,1240.7535413930675,950.2011788917283,748.2870452082783,1263.7051299164923,167.1,167.1,167.1,435.39,435.39,435.39,0.3868181525392991,0.14873264630828922,0.6496803833332633,0.3320719261154742,0.24918091090094577,0.41046875000000005,0,0,0,1.8545015920413324,0,4.359842436290163,7.342747795808961,0,17.262440526624516,0.6922931961126932,0,1.6462118565105992,56.50270662964578,20.323238582052497,108.48321642781072,308.0846583294825,101.53068237359335,630.3045931281258,167.1,167.1,167.1,435.39,435.39,435.39,0,0,0,1.065061637842611,0.8891025601160863,1.11,0,0,0,5.4694121173497425,1.3311792079759406,10.536041521405659,21.655691179447405,5.270695499610103,41.71659705759308,2.1846189955862525,0.5317060265121982,4.20835657509413,63.20688139642929,26.25905459478194,112.60533165661934,307.87617330887053,103.26993361207339,626.1104887727888,CIP
WSM,cip+cro,0.3,0.125,0,605.7600158851916,603.6241004858658,608.9870011063964,606.138569768832,603.9287836336225,609.5142647531452,920.160854718456,712.3996615739783,1247.1948634393505,956.5127672997003,747.4765611491795,1265.2395724955377,167.1,167.1,167.1,435.39,435.39,435.39,0.3925119304955403,0.15077494941436898,0.6494416946790943,0.28539856766715216,0.21220588235294124,0.35238918558077453,2.1062336193630413,0.8925621460037756,3.4653465346534666,0.14906265618260967,0,1.1540010288286349,0.5902014292247052,0,4.569172950380446,0.013961308128833975,0,0.24391851441241727,54.53635629240173,18.145565448927485,103.20931209929374,313.0552840407945,104.75348011142843,634.2223392686451,167.1,167.1,167.1,435.39,435.39,435.39,0,0,0,1.0657634870383785,0.8805061910377361,1.11,0,0,0,5.4233399998580145,1.83102593068036,10.431666666666665,21.47327238799829,7.24979782938498,41.30333333333335,2.1662166479701286,0.7313572178783976,4.166666666666666,63.431779412959074,25.72421937968183,110.90990503390144,314.49240636867273,101.20393057745542,626.1285391637255,CIP+CRO
WSM,cip+cro+nda,0.3,0.125,0,605.6821343830603,603.5990676242056,608.7957488862834,606.0405190488666,604.0381937449997,609.1842517527315,912.7462407991067,714.2867350965913,1217.4418071922137,946.3546172395731,755.7178934762466,1252.6066815931986,167.1,167.1,167.1,435.39,435.39,435.39,0.3922885187724353,0.15073664960397654,0.6390371132657361,0.2853174718755192,0.21167586626575027,0.3536991421568628,2.03777405821199,0.7653061224489817,3.521931078858939,0.16164976527970173,0,1.10816018492797,0.6400390610579273,0,4.3876698678518995,0.06298235379099917,0,0.4629629629629635,55.38300356432536,18.053805558838373,105.68825937288261,305.5854536069612,107.25318133790114,611.7885720379835,167.1,167.1,167.1,435.39,435.39,435.39,0,0,0,1.0645079404973348,0.8844197731166608,1.11,0,0,0,5.354217597011616,1.6990846581875982,10.380780487804877,21.199587871727413,6.727387122416533,41.10185365853659,2.138607444085164,0.6786565977742449,4.146341463414633,64.53181121423181,27.3493264788103,111.87872092534452,304.4873303542764,111.0357283711746,620.6571862631887,CIP+CRO+NDA
WSM,cip,0.3,0.15,0,605.8470806666855,603.7214276984002,608.7516719287115,606.1205038772644,603.9726644546874,609.3216779066707,927.7660476208624,719.5161678442458,1216.3470957765626,954.3468259319,754.1026911693958,1263.6501829224899,167.1,167.1,167.1,435.39,435.39,435.39,0.3853916308733456,0.1537377264886072,0.6369709558655007,0.33226041501469894,0.2529008393545934,0.4036626420454546,0,0,0,2.230653696322611,0,5.058419627749579,8.832091372785898,0,20.028399938470994,0.8459760375342666,0,1.9615752141786291,58.52789562262354,21.52945712851464,107.18805195495023,308.61882986856585,101.464194512864,595.3039530807893,167.1,167.1,167.1,435.39,435.39,435.39,0,0,0,1.0658333772556763,0.9144052863436124,1.11,0,0,0,6.4282309053605236,2.0077040149393084,11.67503485319516,25.45205596687082,7.949340293693233,46.22634825561312,2.567595025307766,0.8019268313385957,4.663298791018997,65.9110992560324,29.65224623819011,116.19598443700941,305.49084409347904,102.75421921686612,621.0888158434594,CIP
WSM,cip+cro,0.3,0.15,0,605.696275104309,603.5883612554958,609.0390259163075,606.1524215927121,604.0948454053159,609.1845661251641,913.6509129796345,708.06648219608,1235.2694853292378,958.2455377669203,753.4794887055796,1263.4699446071136,167.1,167.1,167.1,435.39,435.39,435.39,0.38536831585965403,0.14588811654975592,0.6523185820968838,0.2770996500313218,0.20575777572029377,0.3433378540686619,2.4648702244913316,1.1111111111111098,4.086834016393443,0.13785028381439252,0,0.7075364796415348,0.5458069553424308,0,2.8014329826612134,0.013149850313898976,0,0.24274804641250325,54.93896975163345,18.265029668099455,103.99250885065383,306.16303711563324,101.38414060680941,629.1324663281729,167.1,167.1,167.1,435.39,435.39,435.39,0,0,0,1.0676045294853322,0.9061004557162672,1.11,0,0,0,6.474372189155138,2.1086160637115725,12.154488747821754,25.634748616654832,8.34889332016299,48.1247068459049,2.586024999662541,0.8422336090875414,4.854804580532735,65.75974878622226,28.867849100932414,115.38015565060672,308.66600135893947,104.47717590583618,618.9238192402687,CIP+CRO
WSM,cip+cro+nda,0.3,0.15,0,605.6724324819816,603.5825939970622,608.7428117734513,606.1299750093298,604.1212055146559,609.2246994365767,910.9967159414308,710.7254309099075,1202.1458850526767,956.2307433958356,756.6896448143136,1250.237291807893,167.1,167.1,167.1,435.39,435.39,435.39,0.38569956873059263,0.15002648232103954,0.6470452780779258,0.2772165152767491,0.2003904733009709,0.3554369945470351,2.4230273741283326,0.9478672985781973,4.186075151792873,0.14181624198238788,0,1.0981911082773022,0.5615098432349466,0,4.348198121956872,0.06553487160135556,0,0.46813639475743357,54.0150603215595,19.659042683590084,100.42992460465906,303.4986385902652,102.16904433425958,594.100550742435,167.1,167.1,167.1,435.39,435.39,435.39,0,0,0,1.0659364258556163,0.8778041854185421,1.11,0,0,0,6.607495764018394,1.9972889648767307,12.633134046890936,26.161840553427677,7.908102752448493,50.01986386803815,2.6391978606879665,0.7977668017561631,5.045987396904825,65.16403693589554,30.77191534250186,110.42273436425161,305.58708657616427,104.038362522452,603.5930706350034,CIP+CRO+NDA
WSM,cip,0.5,0,0,605.7083383795399,603.5914916433202,609.1249284062609,605.7225655072473,603.4689583093191,609.0660263597686,913.6042287994351,707.7256951153752,1235.3073342896987,915.7839059927691,696.8557328312938,1227.0105756303465,167.1,167.1,167.1,435.39,435.39,435.39,0.2744760700150496,0.10450305241431558,0.4596003795473819,0.5369463683995682,0.4211402655871671,0.6306884569377991,0,0,0,0.2361954014329114,0,1.245885097127431,0.9351964272743905,0,4.932980424510615,0.0020943992298332933,0,0.011047551188779717,55.10791669836242,17.484951447555158,105.18767388871517,308.5635189615088,103.96004489972087,630.4348917063375,167.1,167.1,167.1,435.39,435.39,435.39,0,0,0,1.0600666995944357,0.8649583333333333,1.11,0,0,0,0,0,0,0,0,0,0,0,0,54.89292100817918,17.308993238651624,103.28159274934951,311.91461337909936,93.15464893093075,623.3057854205565,CIP
WSM,cip+cro,0.5,0,0,605.7689713178935,603.6978467185485,608.8958811742395,605.7865120315357,603.6470479728704,609.1068803072936,921.8679166190678,718.663834003938,1246.6432221503323,922.3260008572075,718.2472312277796,1235.1798145141868,167.1,167.1,167.1,435.39,435.39,435.39,0.28216868840274123,0.1098642736566442,0.468358742396916,0.5275832991517287,0.4221972415914685,0.6113320839580211,0.4990189542856585,0,1.2690355329949232,0.20173160105594962,0,1.2094685990338179,0.7987398206372491,0,4.788792270531391,0.001788800744305035,0,0.010724637681159433,54.704676835359216,17.38457651149483,104.1565511801193,316.39690470325297,112.66654563541131,641.6911663854853,167.1,167.1,167.1,435.39,435.39,435.39,0,0,0,1.0660360490000793,0.9036148474932804,1.11,0,0,0,0,0,0,0,0,0,0,0,0,54.34982524908649,17.855328471695305,101.42114491415902,318.4520608334956,114.3340787710432,631.297558702384,CIP+CRO
WSM,cip+cro+nda,0.5,0,0,605.7203579328606,603.5164596963857,608.9213118893954,605.6837985483417,603.5455632078085,609.1004474224412,915.1307571439906,704.1914630531413,1229.5015688215135,913.0142212703405,704.9173671467431,1232.5760110905694,167.1,167.1,167.1,435.39,435.39,435.39,0.27526387158645893,0.1041403564982733,0.4646404826827931,0.5263160433836969,0.4162500000000001,0.6144793019480519,0.47829074945787764,0,1.2820512820512804,0.21919702727064044,0,1.245572139303483,0.8678927512096193,0,4.9317412935323395,0.01207715481649057,0,0.23809523809523817,53.37791176505179,17.61803748329652,104.54856885907944,309.5497291692346,98.657120030506,625.9206056550444,167.1,167.1,167.1,435.39,435.39,435.39,0,0,0,1.0629376841293772,0.8677534965034966,1.11,0,0,0,0,0,0,0,0,0,0,0,0,52.97726933464557,17.097538431100727,103.74608121497933,309.143045824932,101.15532265184653,628.5960950468942,CIP+CRO+NDA
WSM,cip,0.5,0.025,0,605.8385398291873,603.5394182877599,609.1683838591972,605.8882714822041,603.6369068696544,609.4406064447319,927.3516921802603,705.8937264230606,1234.640996446088,930.6020470617422,715.58645314541,1259.3400798195723,167.1,167.1,167.1,435.39,435.39,435.39,0.27549845121975225,0.10452262328431887,0.46832183395864235,0.5379556517622748,0.42419335333929264,0.6271500000000001,0,0,0,0.7950842996865285,0,2.542708514312629,3.1480714355059187,0,10.067646972630694,0.23704123983786618,0,0.7937563323201616,54.626124649047334,19.41038769327435,98.24759385848193,318.4164184306044,96.8352371216979,628.2276572249204,167.1,167.1,167.1,435.39,435.39,435.39,0,0,0,1.0618282535281645,0.8909618834080718,1.11,0,0,0,1.072819884750684,0,3.0236714975845413,4.247742831744918,0,11.97198067632851,0.4285108982068558,0,1.2077294685990303,55.61257633003011,19.84037573340663,101.10801666212765,319.1137794858006,108.52096450030773,647.079349206304,CIP
WSM,cip+cro,0.5,0.025,0,605.7573298266303,603.5777230671706,609.0254097643937,605.8673195182522,603.7310888179408,609.4069502080209,920.3705922939829,707.9392222916008,1219.836643363307,929.1256990661684,722.6971900234624,1274.892578191533,167.1,167.1,167.1,435.39,435.39,435.39,0.27764173171306494,0.11096159111367383,0.4687186684809478,0.5164289626683877,0.424378824848325,0.5964953271028038,1.0685547469844523,0.23917775913286038,2.2170231185680143,0.21941579597897723,0,1.2154880179966867,0.8687589480669456,0,4.8126256689557145,0.005079418403449262,0,0.011565542763157896,52.844213276089,18.097758854383436,102.60153304023677,314.0669217912611,103.16358357226115,609.5106676934245,167.1,167.1,167.1,435.39,435.39,435.39,0,0,0,1.0696394868243717,0.9181648833426524,1.11,0,0,0,1.0659155489175347,0,3.113930348258702,4.2204056771488,0,12.329353233830847,0.4257531350525382,0,1.2437810945273624,54.309893742925,19.148108568233003,105.43733893921876,317.61654564037167,111.58111175342268,658.8537228659866,CIP+CRO
WSM,cip+cro+nda,0.5,0.025,0,605.8473820061764,603.6749182296796,609.2852453943373,605.913307977305,603.7172103044044,609.3414549381729,928.0791342590081,717.7097672957786,1247.6433477271983,934.1728794693942,717.6024649597349,1273.6622096477138,167.1,167.1,167.1,435.39,435.39,435.39,0.27779528753011845,0.10763201793202373,0.4644070409150549,0.513298628123066,0.40662026080656855,0.604517382070199,1.0559661899122879,0.23693888044353048,2.153368835112256,0.22156907310348076,0,1.2458850971274296,0.8772846732146444,0,4.9329804245106095,0.028241035724034788,0,0.2604253826530616,55.159641147313984,19.125150802389488,104.14724252716817,321.7812968203892,111.56387148957512,642.861306251605,167.1,167.1,167.1,435.39,435.39,435.39,0,0,0,1.0664783767964279,0.8945818462037637,1.11,0,0,0,1.074253439197893,0,3.0236714975845405,4.253418873654286,0,11.971980676328506,0.4290834954457154,0,1.2077294685990339,56.69472364737782,20.71996198027965,103.35443490169973,322.697169514173,101.83474619824419,658.0196713350022,CIP+CRO+NDA
WSM,cip,0.5,0.05,0,605.8892403767933,603.781620177766,608.9552184185802,605.9091835197904,603.814776262382,608.9992665355232,933.2511306610643,729.4165557788328,1222.338885555317,932.9578150046376,731.5762963173316,1226.4758969587604,167.1,167.1,167.1,435.39,435.39,435.39,0.2769181405911052,0.10980036542768604,0.4721647617880567,0.5388609214174985,0.43810054422705974,0.6251157531259087,0,0,0,1.2942815613110639,0,3.3851921160792102,5.12460227710669,0,13.403392078714667,0.44311921423235257,0,1.2318334436193417,56.14719822033889,21.06746439485068,106.1692294817515,320.58371509275685,118.46322722057386,610.9268912715809,167.1,167.1,167.1,435.39,435.39,435.39,0,0,0,1.0685546991056176,0.9160033308660251,1.11,0,0,0,2.1906623408970662,0,5.162209850562749,8.673748862775378,0,20.43934886030454,0.8750049292606911,0,2.0619147829376727,57.74607778601536,21.412633364359447,108.69770321311802,313.69057004025365,108.32677012973892,608.2713275039681,CIP
WSM,cip+cro,0.5,0.05,0,605.706738998073,603.6236885294647,608.6458308431044,605.8965177511952,603.7468000736734,608.9978354671695,916.218459179651,715.1386034394353,1191.6478732691528,932.8317299653676,727.8364211734354,1238.7184836789418,167.1,167.1,167.1,435.39,435.39,435.39,0.27672258632032115,0.10694518863941431,0.4635220484637266,0.5014474295561242,0.40199285714285715,0.5866714494486516,1.6521531065936665,0.490196078431373,2.9661016949152508,0.23553869491620788,0,1.2517999999999987,0.9325962513841605,0,4.956400000000002,0.009422047547137255,0,0.22423872009640197,55.3260694839512,18.522094211490494,103.61357720307784,309.0414838594893,105.12665037129284,585.0717658062175,167.1,167.1,167.1,435.39,435.39,435.39,0,0,0,1.0660114452079572,0.8868891948034818,1.11,0,0,0,2.1857232613416095,0,4.9507965262627955,8.65419298011947,0,19.60227504614867,0.873032138257553,0,1.9774710521899652,58.492624244759725,22.04637403746269,105.85600531874181,313.4685606401917,106.60024155786425,624.4502710603841,CIP+CRO
WSM,cip+cro+nda,0.5,0.05,0,605.7589213396149,603.6731929094663,609.111691786469,605.8578788496193,603.739665806836,609.3728081352332,919.1149225853044,716.1524297119788,1232.6484599267171,929.8563883036064,723.648948148025,1247.8572517860864,167.1,167.1,167.1,435.39,435.39,435.39,0.27616101536047405,0.11051094905054556,0.46365930901602975,0.50026869966115906,0.40034319830049087,0.5831529557891706,1.648175667151753,0.5178717024802083,3.023965498416858,0.23002201597299637,0,1.2334531288104182,0.9107534110629166,0,4.883757059942455,0.04508977041249833,0,0.2718617021276601,54.338185996280906,18.86226441265991,101.79704282809504,311.9512517551208,109.2269634726455,626.2591735038537,167.1,167.1,167.1,435.39,435.39,435.39,0,0,0,1.0642624312636508,0.8868277937912915,1.11,0,0,0,2.1974993490474293,0,5.007919425287354,8.700819438902922,0,19.828448505747115,0.8777358000668755,0,2.000287356321839,57.30410344505605,22.187097831357068,105.23283630659455,310.58515266549114,104.8327624083044,627.537190331494,CIP+CRO+NDA
WSM,cip,0.5,0.075,0,605.8256159733994,603.6569456290505,609.0247680465272,605.9723939044156,603.8175800966894,609.0352378055288,926.0168003050269,720.6174843918329,1207.5061927451793,941.3319900131701,728.5800014118696,1247.9983283438553,167.1,167.1,167.1,435.39,435.39,435.39,0.2753337046934169,0.10596228146284664,0.462191080644963,0.5378975186838427,0.43550239234449756,0.6228168449197861,0,0,0,1.81692721511105,0,4.426117174280882,7.193975115015503,0,17.52484994616212,0.6510239497202851,0,1.6591646069071844,56.82152115722154,22.073953234749382,105.61565675165134,309.7260165207475,101.45633079496632,595.4469774401696,167.1,167.1,167.1,435.39,435.39,435.39,0,0,0,1.0671545107014637,0.8944550476650707,1.11,0,0,0,3.3059113682618757,0.6134785122786983,6.730602387729287,13.089486424071865,2.429018132495712,26.649271189120814,1.320463080468875,0.24503854940034295,2.6883697027197977,59.70111367016433,24.507555831803447,110.35546834596514,314.1637097685315,104.51484761624343,627.1314921084917,CIP
WSM,cip+cro,0.5,0.075,0,605.7356472739446,603.6613721467535,609.0613702781461,605.9366437910988,603.8481439897037,609.2921119192124,917.1895876790278,717.7418884359325,1224.9868171384644,937.5402177297395,739.7507249790499,1270.3232737028163,167.1,167.1,167.1,435.39,435.39,435.39,0.27784553912825416,0.10777619794209342,0.469085228515616,0.48889057567978833,0.3846378396133452,0.5713316911764705,2.246163651861988,0.9088861588861598,3.7319903373306866,0.22814066328049093,0,1.2334531288104182,0.9033043485248637,0,4.883757059942455,0.01508713658753367,0,0.24633544116306647,54.826561198715346,19.714493061176245,100.23301150241488,309.2943932790856,110.64536534758338,619.156458978429,167.1,167.1,167.1,435.39,435.39,435.39,0,0,0,1.0655197169494612,0.8941094432314411,1.11,0,0,0,3.3015345133928657,0.5876308740292225,6.955253100775193,13.072156624205462,2.3266765170461996,27.538757364341095,1.3187148559645574,0.2347143609319466,2.7781007751938005,60.21096504611433,23.524708217535895,108.50246143563115,310.41712133987875,112.4438073015197,622.840433409958,CIP+CRO
WSM,cip+cro+nda,0.5,0.075,0,605.7295371748098,603.578649089417,608.9642748907856,605.9109997255047,603.8516807584724,609.1419040321241,916.036060296484,712.2124449411007,1216.9536269440848,933.7668135037846,740.1167560728995,1232.1869091521726,167.1,167.1,167.1,435.39,435.39,435.39,0.2755783223350852,0.10509575504474482,0.4602152393215619,0.4889544345772437,0.392041026304123,0.5778082191780822,2.2284524731857016,0.9215532913372505,3.773942252715838,0.24491906339266006,0,1.2521161111111099,0.9697370552799005,0,4.957651616161618,0.05686675163641328,0,0.2809464285714286,55.73117329480776,18.949379552981814,104.84973066756663,308.0143495057021,103.5715086039266,608.2730353761523,167.1,167.1,167.1,435.39,435.39,435.39,0,0,0,1.0661557403092643,0.8843602034235349,1.11,0,0,0,3.2742110099591435,0.610560040255741,6.859821130136986,12.963971440934253,2.4174626805588395,27.16090226027396,1.3078011702984278,0.24387283921382996,2.73998287671233,60.68748491063637,22.565275449396328,107.89980122903977,306.78118072519413,111.3419792994732,611.3177576837136,CIP+CRO+NDA
WSM,cip,0.5,0.1,0,605.9073952371929,603.7828339416511,609.2422303284362,606.0377934380842,603.9054820264372,609.1984100529188,934.1130068888212,724.0926821702247,1233.5628284400568,947.1357339480206,742.9253370994243,1247.7956960837835,167.1,167.1,167.1,435.39,435.39,435.39,0.28683067151933445,0.10985902733172484,0.47202450205032365,0.5398124994053572,0.42615821158008654,0.6286678100851992,0,0,0,2.4384325611544826,0,5.298624338624341,9.654774841113657,0,20.979470899470876,0.898281205401123,0,2.0304568527918803,58.14214035410933,20.947264009572613,105.5792414827509,313.33210803778644,101.26542827182826,616.054231007669,167.1,167.1,167.1,435.39,435.39,435.39,0,0,0,1.0677435598677893,0.9015469020350994,1.11,0,0,0,4.355371689191423,1.1274960183397686,8.633103448275865,17.24473896813258,4.464228523166014,34.182068965517246,1.7396435889085407,0.4503499034749027,3.4482758620689653,61.80137463918886,25.155452093310302,110.37270020476085,312.5881901142894,104.72183095288305,621.948906957094,CIP
WSM,cip+cro,0.5,0.1,0,605.76652542510806,603.5965306849407,609.0005304639947,606.0212517119733,603.8570748295547,609.1357637665022,919.759066406187,712.8936239080724,1235.2068532875103,946.0299903840848,734.6354418759714,1233.5318696376148,167.1,167.1,167.1,435.39,435.39,435.39,0.2795798513419557,0.10606463980653623,0.466228802162567,0.477137013353132,0.3752509398496241,0.5657875845837012,2.82451422316537,1.3155034324942803,4.481283260764394,0.2290634399653615,0,1.2397157920792112,0.9069580075445903,0,4.908553564356445,0.019855399564391925,0,0.25380710659898525,54.3875157695793,17.959798087174708,102.30253416544228,311.13235177271275,105.04962803035176,625.1796225014502,167.1,167.1,167.1,435.39,435.39,435.39,0,0,0,1.0672817534710353,0.8936887500000001,1.11,0,0,0,4.303836243327327,1.1643303402239435,8.388350515463918,17.040688573596068,4.610071016365194,33.21298969072163,1.7190590522956248,0.46506244616709674,3.3505154639175236,61.17105612419581,25.09035419616084,109.47029691504328,311.6699400004183,104.17564837543226,600.8058055935065,CIP+CRO
WSM,cip+cro+nda,0.5,0.1,0,605.7666900275067,603.6372250860868,608.9264497759552,606.0913093189679,603.8345562596136,609.3909481576704,921.2848158755558,719.8656000195108,1237.1794105250813,950.0927850673156,735.7690026471931,1251.2711910916091,167.1,167.1,167.1,435.39,435.39,435.39,0.28369196104584193,0.10938093837739331,0.47083117179125533,0.4766508266430779,0.38101865671641794,0.559835107679805,2.777948935027821,1.4017061508367747,4.439657166651247,0.261652698425786,0,1.2584097645588348,1.0359925183556198,0,4.9825708236614465,0.07520120763892682,0,0.4718290094339625,54.43278973636174,19.38627119739718,103.72147296777547,312.42015182909205,110.58751592990991,627.8850749891008,167.1,167.1,167.1,435.39,435.39,435.39,0,0,0,1.0693091831548134,0.9053353215333055,1.11,0,0,0,4.310152820085342,1.1537327188940099,8.300379189686918,17.065698544073328,4.568110599078334,32.864674401473295,1.7215820498823062,0.4608294930875571,3.3153775322283607,61.09973638571099,25.099442751836754,108.33231351852116,315.7361734752698,101.19724642846833,629.7978756326359,CIP+CRO+NDA
WSM,cip,0.5,0.125,0,605.9361027519844,603.7631168044428,609.2208777658138,606.1518746791832,604.0215470791841,609.1734522302158,936.93330097222,727.6229517994493,1256.2056859963977,957.0396295932679,751.8740503360541,1250.5622706662723,167.1,167.1,167.1,435.39,435.39,435.39,0.2809795628998575,0.10948179635103233,0.4720571889793498,0.5376641916499911,0.4345697805578343,0.6226925046019328,0,0,0,2.918951157953331,0.5742201834862392,6.387180280018984,11.557349032816656,2.273577981651373,25.289519364024674,1.0930006566938666,0.22513071156239448,2.381524725274726,57.646367390967036,23.794576241194036,106.84953658449047,312.79683501285837,97.45373443634675,636.4609868539043,167.1,167.1,167.1,435.39,435.39,435.39,0,0,0,1.065846472540315,0.8983347547974414,1.11,0,0,0,5.51099533845501,1.746495510335918,10.4329513546798,21.820336551780166,6.915106524547811,41.308419950738944,2.2012283665341945,0.6975936692506466,4.1671798029556655,62.45989619266588,26.524389159998922,111.83699137868568,314.2601798754773,110.86903277855538,616.9701445174766,CIP
WSM,cip+cro,0.5,0.125,0,605.7455216040662,603.581757701103,608.709700720288,606.1323505071289,604.0444249102503,609.345401767169,918.1383526559603,712.6060447785686,1203.7199549367951,955.1666781702897,753.9292378877706,1253.1265539043281,167.1,167.1,167.1,435.39,435.39,435.39,0.28213322678249086,0.10658491988912804,0.46798783468673405,0.4618507912716946,0.3628707901554403,0.5475369214357677,3.3930387794990864,1.7069046777424293,5.324900793650792,0.23400925480434298,0,1.2333004926108369,0.926540558006267,0,4.883152709359612,0.027218990440988116,0,0.2525690863862505,55.4284147521163,20.009534662276117,102.5318014119035,308.67992806764926,103.17370600326207,593.7206532983864,167.1,167.1,167.1,435.39,435.39,435.39,0,0,0,1.0683420990065169,0.8879017699115045,1.11,0,0,0,5.543495634708663,1.7145996575342484,10.380780487804877,21.949018823989466,6.7888174968866775,41.10185365853659,2.214209791783297,0.6848536737235367,4.146341463414634,63.89978896161603,27.333417134066217,110.73815681228882,312.46693887288586,109.61904216633984,620.592511096167,CIP+CRO
WSM,cip+cro+nda,0.5,0.125,0,605.7116690263969,603.6169125468787,609.0790296613188,606.0368671743621,603.9215971566148,609.2835599234461,913.0593460223017,710.8042200417311,1232.399958138095,947.3369172546854,741.3808996815532,1271.2183365298538,167.1,167.1,167.1,435.39,435.39,435.39,0.2808693321099788,0.10852634436600689,0.46607471559707614,0.464052503137232,0.3645528042191923,0.5521011265229152,3.32526583904392,1.75,5.150382994283953,0.24209338515004708,0,1.2519572613065306,0.9585490127477989,0,4.957022663316583,0.09001667113192946,0,0.4807869047619051,54.96929655466445,18.637862521376398,104.38837776224716,303.63691909227265,101.27014924117474,624.0872796922973,167.1,167.1,167.1,435.39,435.39,435.39,0,0,0,1.0651999407676442,0.8977598309005346,1.11,0,0,0,5.542134494929594,1.2898636884306969,10.182444034293882,21.943629502052275,5.107110069769863,40.31655664768669,2.213666118760822,0.5152035822138923,4.067120959535819,63.28360433948043,25.975639399212803,112.62256785396761,304.7138023240654,98.79175924848481,633.8450462208584,CIP+CRO+NDA
WSM,cip,0.5,0.15,0,605.9807791801738,603.856174063434,608.7797302155693,606.2032078741956,604.1383878196294,609.3095703556631,940.1388148681924,737.5108908697518,1207.046139382219,962.7379346985877,765.9375991711333,1269.3478666630267,167.1,167.1,167.1,435.39,435.39,435.39,0.2768674256693709,0.10466475124574107,0.4678566714335164,0.5372511686554828,0.42691375545851523,0.6234390410958905,0,0,0,3.476130309681817,0.622786069651743,7.0195884751096695,13.763454439133215,2.4658706467661644,27.793488031661266,1.3208319530010926,0.24627523423162317,2.764976958525344,60.739463780434804,22.913039698053016,112.29641415845997,312.0013572360646,107.81250974541031,580.2129942940868,167.1,167.1,167.1,435.39,435.39,435.39,0,0,0,1.0654815488222378,0.8880000000000001,1.11,0,0,0,6.535564654063877,1.9760115953947393,11.31602622900529,25.87703519044751,7.823856743421065,44.80488288979219,2.6104667894487443,0.7892680921052644,4.519901832962653,66.48102088869426,27.94428868973367,117.82886071280316,312.6485819942004,111.5357353358707,622.4894901847151,CIP
WSM,cip+cro,0.5,0.15,0,605.7643023427052,603.7012567333269,608.7611365613147,606.1685935410136,604.0744753687734,609.4924901295742,919.0410566864681,720.997434884247,1217.7473119621486,959.2936764905515,762.1754955393658,1285.0445445105047,167.1,167.1,167.1,435.39,435.39,435.39,0.28258681627940624,0.1076753706955497,0.4735315609961468,0.44743157842493164,0.3552,0.5258395897832818,4.060929962135269,2.216275104206139,6.0188093243997765,0.2621192659295841,0,1.2517999999999978,1.0378398543324725,0,4.956400000000003,0.028977038086850992,0,0.2551347462061754,55.75837516385456,20.146259764061142,104.23845384239911,308.6015249167713,112.12397943636634,607.5349078730496,167.1,167.1,167.1,435.39,435.39,435.39,0,0,0,1.0653041560228351,0.8787146561135372,1.11,0,0,0,6.518457479875376,2.296358715596327,11.645850817786865,25.80930072955289,9.092245037531274,46.1107964477383,2.6036337593367054,0.9172226855713091,4.651641962688473,66.12573790929437,28.500646939229526,112.76225209207051,309.362502265735,108.25111442069738,637.4647164351153,CIP+CRO
WSM,cip+cro+nda,0.5,0.15,0,605.8238020202828,603.689014293587,608.8859070282047,606.2197564860807,604.1658519456088,609.0446162635518,926.1374565150578,720.5151335548046,1221.6730707071656,964.4938573875389,763.9798041265179,1237.0910492394569,167.1,167.1,167.1,435.39,435.39,435.39,0.28061276445141076,0.10708257243617589,0.4636668558042772,0.4495856685664346,0.34963884001508105,0.5277137513926469,3.924671259430912,2.183168786785647,5.882699778024423,0.2537363130823529,0,1.2773469387755114,1.0046482362688716,0,5.057551020408164,0.11572883862215126,0,0.5208507653061226,56.797040181218804,19.277044964011317,104.36413479684882,315.83241903920685,110.69690678718754,611.4626256699377,167.1,167.1,167.1,435.39,435.39,435.39,0,0,0,1.0628057267514996,0.8867126288659796,1.11,0,0,0,6.592956687244929,1.963966060209423,11.922582142857141,26.104274264787318,7.776163429319371,47.206491558441584,2.633390592444851,0.7844568062827223,4.762175324675326,66.91817409118275,28.632550833568597,115.77882733425794,314.2781838075599,109.87767665773121,591.9598269133946,CIP+CRO+NDA
WSM,cip,0.7,0,0,605.6764057975986,603.6294806557707,608.7529777319847,605.6988709212815,603.5576945101147,609.0028829985821,911.4501073009634,714.9912088113537,1203.2933948574237,914.6104505188878,706.849354244085,1221.909871365031,167.1,167.1,167.1,435.39,435.39,435.39,0.16897613541707768,0.06444082851129061,0.29721379507339096,0.7427206316097462,0.60828,0.8325,0,0,0,0.3265806404066045,0,1.3039583333333349,1.2930694089401613,0,5.162916666666671,0.002895866039713459,0,0.0115625,53.19670815602533,18.085767457811055,103.13060522093575,305.6482302141325,106.90179580981398,599.7354149613014,167.1,167.1,167.1,435.39,435.39,435.39,0,0,0,1.067488320840946,0.8880000000000001,1.11,0,0,0,0,0,0,0,0,0,0,0,0,52.65273508344413,17.497356308788774,102.9848990440942,310.7289578210669,103.09005036653393,617.9959958168583,CIP
WSM,cip+cro,0.7,0,0,605.7782668341968,603.6031084990008,609.0517107232048,605.6570746204028,603.5018732111319,608.6872867592283,921.373128934765,712.3940555882242,1243.562106585094,910.8852227120805,705.4117243393898,1208.9575284143646,167.1,167.1,167.1,435.39,435.39,435.39,0.16463222955450965,0.0644415340554494,0.29189066478562287,0.7291366031305098,0.5938500000000002,0.8184436617058247,0.7002348577057833,0,1.5985417587273527,0.3130594953985626,0,1.3327996843581964,1.2395335380998835,0,5.277111643675458,0.0027759709210129755,0,0.01181824292728546,54.60980977078673,18.854829222779326,103.8118283319748,314.77533475646277,106.49521297311075,636.6461218027065,167.1,167.1,167.1,435.39,435.39,435.39,0,0,0,1.0642306299448494,0.8934437061403511,1.11,0,0,0,0,0,0,0,0,0,0,0,0,53.8364813233329,18.37274371464599,102.2999342305121,307.0074231519733,101.59125844886688,605.1600820792859,CIP+CRO
WSM,cip+cro+nda,0.7,0,0,605.7602243578126,603.668864365728,609.0081045498091,605.69304648992,603.6816577316516,608.6098296487472,920.2183578457054,720.2935407197648,1243.2709364166653,913.750915222654,718.4025298603734,1207.0522328071013,167.1,167.1,167.1,435.39,435.39,435.39,0.17201981891144663,0.0637794962916336,0.2921861564102459,0.7279172125234933,0.5866240135512156,0.8154221842765542,0.6886007601969902,0,1.5838001867413625,0.2930905600460677,0,1.3041290085078574,1.1604681672889672,0,5.163592441099481,0.013302718915618034,0,0.2392922358597418,54.75796021698057,19.02403492316765,101.94729781652737,313.74869182251103,112.81002795447675,637.7328966087676,167.1,167.1,167.1,435.39,435.39,435.39,0,0,0,1.0640639508889367,0.8952531540579581,1.11,0,0,0,0,0,0,0,0,0,0,0,0,54.11689672538288,18.65035769349268,103.17240611603688,309.8765908009067,114.42387078983188,603.0997253071018,CIP+CRO+NDA
WSM,cip,0.7,0.025,0,605.814515380213,603.6868549230509,608.8890089142059,605.809876136022,603.6242878001183,609.1952279307229,926.6033428594263,722.4304165692345,1229.760445500264,923.8129147128511,710.8994771298447,1240.255541155372,167.1,167.1,167.1,435.39,435.39,435.39,0.1703948913932758,0.065515990145478,0.290291768225266,0.7438054504241619,0.6014553794531307,0.8297255035383779,0,0,0,1.0360485165012254,0,3.113930348258706,4.102149598327745,0,12.329353233830847,0.31585209512356033,0,1.0527708159287097,55.56574085870893,19.6990199234096,105.43554407489694,315.64872867451203,108.76459109392162,619.9555455092514,167.1,167.1,167.1,435.39,435.39,435.39,0,0,0,1.0657131131261777,0.8911987684729066,1.11,0,0,0,1.0860052147050057,0,3.053170731707317,4.299949070269922,0,12.088780487804875,0.433777446359245,0,1.2195121951219519,55.71914129117051,20.215374011448567,104.31148086773396,312.22195218970245,100.89902359157176,630.9536073968025,CIP
WSM,cip+cro,0.7,0.025,0,605.7609395409874,603.65752089347,609.116330389025,605.8075821870406,603.7119799241024,609.186147052865,918.3229422586702,717.4586047985644,1237.9139849970647,924.985649161027,725.1493840161386,1243.7941368026598,167.1,167.1,167.1,435.39,435.39,435.39,0.16822113139579575,0.06507739635901232,0.29325469798886256,0.713004848548625,0.5808468210138772,0.8022272727272727,1.474340552619176,0.4565691158156916,2.7910832937826293,0.30300652379110987,0,1.3041290085078574,1.1997296169661735,0,5.16359244109948,0.007863713339600967,0,0.018528650442477857,54.421992119745745,19.451328658293036,102.07122225363007,310.8328193411763,109.32320513195931,632.940495539133,167.1,167.1,167.1,435.39,435.39,435.39,0,0,0,1.066090169304906,0.8879453201970444,1.11,0,0,0,1.0912354787468277,0,3.053544894787183,4.320657874149845,0,12.09026195600191,0.43586654367583794,0,1.2196616451458637,55.62242828005525,20.376735977588783,104.1779768230218,313.38693394312963,111.91460512050132,631.6412116141196,CIP+CRO
WSM,cip+cro+nda,0.7,0.025,0,605.7789491112055,603.5998246846245,608.9421529548047,605.8378612805714,603.68002015507,609.2428266239974,921.4246911190446,713.9038766701825,1240.1095583487017,926.817331347655,718.9928078717408,1258.5886989971152,167.1,167.1,167.1,435.39,435.39,435.39,0.17106962011514662,0.06432578812493499,0.291736985674804,0.713659245562764,0.5963217888586103,0.7990071930946292,1.473666326712978,0.45034990347490245,2.8513755980861246,0.3276670649292264,0,1.3248322357311724,1.2973710182259282,0,5.245565180682197,0.03983750478472882,0,0.2631578947368418,53.993373861664274,18.54227633191967,102.58968054501189,313.6820759789676,105.40533547058652,634.0759491749187,167.1,167.1,167.1,435.39,435.39,435.39,0,0,0,1.0673764905191572,0.9158565678370385,1.11,0,0,0,1.059943089656444,0,2.953777893686499,4.196758211833518,0,11.695242652394755,0.42336758653796297,0,1.1798122278664727,55.01594111295821,19.431216026752196,105.2757951633184,315.35387105550467,109.3738919197778,646.4525587227864,CIP+CRO+NDA
WSM,cip,0.7,0.05,0,605.8452426877416,603.7465928741423,609.0693004050793,605.8836561585726,603.6810191560016,609.0690607664822,928.3028985668333,729.0868371379555,1220.8485048790858,931.147080054087,717.0670717481792,1222.9605889659404,167.1,167.1,167.1,435.39,435.39,435.39,0.16946230577149934,0.06303771184700833,0.3075904577413214,0.741022907587364,0.6202474789915967,0.8254264705882353,0,0,0,1.8100335495147013,0,4.381574517543858,7.166680208351705,0,17.348486929824553,0.6124741768050156,0,1.50878396029258,57.24172243393653,20.674273288816703,109.27555092613143,312.09912741130233,110.82945991709767,608.2467840656989,167.1,167.1,167.1,435.39,435.39,435.39,0,0,0,1.0649873945951887,0.904856231041456,1.11,0,0,0,2.169661690555835,0,4.88567183165949,8.590598500615863,0,19.344419129603054,0.8666167481050627,0,1.9514586322333798,58.03709917830249,21.189369730171983,109.47687906772747,311.9896955560169,97.50679920614378,608.0220428438618,CIP
WSM,cip+cro,0.7,0.05,0,605.8158177570074,603.6961759059301,608.9026388218534,605.900557357023,603.8053950553451,608.9774709987906,926.2643100343264,723.289304505774,1225.4882021472683,934.8617408362051,731.4442057227902,1243.7263611999772,167.1,167.1,167.1,435.39,435.39,435.39,0.16734883658971217,0.0602121441924728,0.29120937383547013,0.6930370311583989,0.5671416464463238,0.7770000000000001,2.3201639865740282,0.9898563385750341,3.8683744820441985,0.3215635282524221,0,1.3107853403141352,1.2732045625741364,0,5.189947643979061,0.014399377438435555,0,0.2422397621129156,56.14444876839004,19.866507505919785,106.19794485185086,317.5302890106155,112.00089894036412,617.3704083496093,167.1,167.1,167.1,435.39,435.39,435.39,0,0,0,1.0657149290598447,0.8924142023874119,1.11,0,0,0,2.136314870273951,0,4.899219179695873,8.45856448556144,0,19.398058749196846,0.853297200141377,0,1.9568697793960146,58.94864843936804,22.756052532851275,108.11105077016676,315.77667289437574,109.45206482345684,624.8928804663204,CIP+CRO
WSM,cip+cro+nda,0.7,0.05,0,605.7947574711656,603.7162405869901,609.2605781853474,605.8898159142045,603.7694179830635,609.0542397344791,921.8272805900971,720.9604682792614,1261.8688390649531,932.7758927555325,724.4075326216152,1240.585563693269,167.1,167.1,167.1,435.39,435.39,435.39,0.16670811422598414,0.06352386638946446,0.29463411555795954,0.6931496479603876,0.5646139183457052,0.7826492952019517,2.2480753412308556,0.8541666666666674,3.755868544600939,0.31648689414709164,0,1.2905154639175238,1.2531040438973033,0,5.109690721649484,0.061391521551044874,0,0.2838043478260869,54.83709731205251,19.064568946980902,106.77717102573146,313.1913778889307,112.8855992161817,652.8109641486373,167.1,167.1,167.1,435.39,435.39,435.39,0,0,0,1.0642482729139013,0.8857174876847292,1.11,0,0,0,2.129343850839616,0,5.109387755102042,8.43096330268531,0,20.230204081632646,0.8505128019011088,0,2.0408163265306114,57.713477824128496,21.86751708414429,109.7133815070946,313.8297158203443,107.29108516868756,618.7628414424596,CIP+CRO+NDA
WSM,cip,0.7,0.075,0,605.8873455386199,603.8083458399119,609.0070870005202,605.9769013752249,603.7949741609932,609.2327530762377,932.5966912944406,730.088162636994,1238.281773224913,941.2070347947434,729.7499936487625,1236.8000859505373,167.1,167.1,167.1,435.39,435.39,435.39,0.16886973795059076,0.0647783868155952,0.29453698747514384,0.7456222662020106,0.617937440758294,0.831105527638191,0,0,0,2.6158576505103333,0,5.749917833412434,10.357275011175439,0,22.76633068343616,0.9405982755733115,0,2.084441489361702,58.83539456722996,21.63268638775509,104.73345640300613,310.7306876133012,109.02837636493368,615.9931524357445,167.1,167.1,167.1,435.39,435.39,435.39,0,0,0,1.0655519358068921,0.9061322366891422,1.11,0,0,0,3.270586078922027,0.6166502463054166,6.878021978021975,12.949618822151407,2.4415763546798073,27.23296703296702,1.306353282841519,0.24630541871921127,2.7472527472527486,60.35199832626236,23.802679123797972,106.3815548029778,314.14124482111936,104.40635004111421,613.1398013838244,CIP
WSM,cip+cro,0.7,0.075,0,605.7640383296259,603.6567674658585,609.1546279081128,605.9955616491449,603.7941062267645,609.0419049950037,919.5593024376868,713.569644299689,1219.5503403488183,942.3362920532273,732.6594484762177,1252.3355067621571,167.1,167.1,167.1,435.39,435.39,435.39,0.1670950259744565,0.06345626305363442,0.28806086904218614,0.6767831994551633,0.5599005030650321,0.7604448281154083,3.1831281445425983,1.6127182598401906,5.072657521506628,0.3231066716554383,0,1.3246560846560853,1.2793145130156685,0,5.24486772486772,0.01938927214314666,0,0.2463054187192114,55.16996424478802,18.22813372688247,106.39094402255482,309.7616357223138,104.79631291059266,610.8624165071141,167.1,167.1,167.1,435.39,435.39,435.39,0,0,0,1.0681528527498942,0.8867860482620199,1.11,0,0,0,3.3099646198178885,0.610486650170848,7.438636774333157,13.105534943014364,2.4171720985035887,29.45267559378893,1.3220820497754788,0.2438435253917764,2.971176215982249,59.854461141692504,21.167542008483014,108.66331153321273,315.0895403986513,100.49470340341523,624.7597253561137,CIP+CRO
WSM,cip+cro+nda,0.7,0.075,0,605.7731236937121,603.5799746777733,608.9782225448276,605.910862846867,603.8064199529043,609.2961222661244,921.1525570008538,710.6301211359768,1241.5225298549142,935.4929951395211,731.5760503325662,1267.8607897917384,167.1,167.1,167.1,435.39,435.39,435.39,0.16675881400977885,0.06328814557505043,0.2893870101093046,0.6749520451427593,0.5433157894736843,0.7693228123390374,3.0522529343269977,1.4923525934683024,4.924820884051863,0.33896340907929684,0,1.3109578120694403,1.3420979715294983,0,5.190630531826952,0.07969344910009259,0,0.4814761904761891,55.75996832880318,20.292776800855254,102.773977844219,311.3825155610965,101.80516177776505,631.7637339651685,167.1,167.1,167.1,435.39,435.39,435.39,0,0,0,1.0643449138220995,0.8774557076201069,1.11,0,0,0,3.3085642574891607,0.6165746764222908,7.174616774140208,13.099990322590887,2.441277141891243,28.407309937169295,1.3215227102928424,0.24627523423162354,2.8657200727513215,60.27480478706844,24.741501876358107,108.95478218304456,308.3220379044361,104.9603420909632,643.6007366522599,CIP+CRO+NDA
WSM,cip,0.7,0.1,0,605.9806357839258,603.8597320845347,609.0282914079512,606.068757752009,603.8785777207107,609.6863558528661,941.7821080149993,735.6809208936673,1247.3185473859355,948.7671362925468,741.6574465854616,1272.647608159471,167.1,167.1,167.1,435.39,435.39,435.39,0.17041677691832655,0.06560081845841784,0.28949492336184307,0.742849063112157,0.6139740980573544,0.8199497487437187,0,0,0,3.4028814884419414,0.6016836309523794,7.399164673913045,13.473431705794566,2.3823172619047552,29.29638903162053,1.2473571114122408,0.23582137478961826,2.7912346219931243,59.37269774864309,23.914208190673328,105.88726363602319,314.6306765992664,109.72951502510466,622.0171639042904,167.1,167.1,167.1,435.39,435.39,435.39,0,0,0,1.065743286014756,0.893996052631579,1.11,0,0,0,4.265168668521941,1.1644651162790693,8.590784313725479,16.887587464980143,4.610604651162787,34.01450980392158,1.703614262870243,0.46511627906976694,3.431372549019605,61.320500012406434,25.181993729753568,107.70729342983019,314.82871435217027,104.14066355737026,644.7085610517071,CIP
WSM,cip+cro,0.7,0.1,0,605.8371831629458,603.6813792410669,609.0144087387116,606.0303143046025,603.8279688736768,609.3320589928451,926.6581057704925,716.9190247865608,1236.5840796734135,945.3253812935933,735.7012988150565,1248.314242747729,167.1,167.1,167.1,435.39,435.39,435.39,0.1734556286153844,0.06295598352260959,0.30127911108087335,0.6580358828842369,0.5334132719447501,0.7492535215736041,3.8719037566607897,2.0732592639353595,5.897727272727268,0.3460310723424086,0,1.3835907898391921,1.3700818077631516,0,5.478214883175412,0.030108615854631655,0,0.2611250641025642,55.58338769638766,19.059852412044073,106.7220107812374,315.7844821630242,105.37974439817631,622.0598149739412,167.1,167.1,167.1,435.39,435.39,435.39,0,0,0,1.066679492172579,0.9007056459921698,1.11,0,0,0,4.389781805277349,1.1589405401945727,9.204411764705883,17.380983016197998,4.588730542754727,36.44411764705882,1.7533878436161325,0.4629096262160781,3.6764705882352935,61.83557543412443,24.665817345357866,112.98264627345816,310.6078776193839,98.25738401291785,619.9595958459297,CIP+CRO
WSM,cip+cro+nda,0.7,0.1,0,605.7417432780484,603.5999281485667,609.2065256494958,605.9578149538626,603.8641442365304,609.197756797526,918.8905429997151,712.4529213232431,1270.3097634503613,939.7351648806033,738.0461856355549,1256.6490944842617,167.1,167.1,167.1,435.39,435.39,435.39,0.16999350637006141,0.06359517895491709,0.297030420291147,0.6588727089077823,0.5464227272727273,0.7452857142857143,3.888557974670838,2.094210398149276,5.787037037037036,0.34333970538995606,0,1.6260692451653167,1.3594255598296672,0,6.438288549878072,0.10846207502803337,0,0.50815460509618815,56.498488631274626,21.090896028866595,103.06050829215906,307.91584931971,97.80596949555851,660.1159343305006,167.1,167.1,167.1,435.39,435.39,435.39,0,0,0,1.0682356780850157,0.9098839255931865,1.11,0,0,0,4.417856119089131,1.17512571241402,8.942430973734787,17.49214097192312,4.6528144120537105,35.406826073030125,1.7646014215885646,0.46937438584998287,3.571828955797565,63.151966738874286,26.459811216348566,107.44379143605482,304.54078674512346,103.27358711097425,622.1614101304929,CIP+CRO+NDA
WSM,cip,0.7,0.125,0,606.0284716061212,603.8872648414774,609.1404872303845,606.1314407201264,603.9494065091843,609.241888328809,946.0480804278484,738.1855979600012,1245.8083948333779,956.0480326979698,747.6173245246717,1263.736323680913,167.1,167.1,167.1,435.39,435.39,435.39,0.1723472971386263,0.06669733942284989,0.2982200589270987,0.7448932538094605,0.5996769154818326,0.8309914839259102,0,0,0,4.124635654102647,1.1226905829596427,8.151255813953487,16.331158456617956,4.445201793721971,32.27423255813954,1.5456289220787554,0.28390522559852716,3.1318529765561025,60.904597208576625,24.079966086478976,108.67514598284015,313.45833690699294,104.4615403697546,615.3972720776244,167.1,167.1,167.1,435.39,435.39,435.39,0,0,0,1.0639651779900972,0.8770268498700505,1.11,0,0,0,5.390734942102255,1.3819168625837532,10.38205264227642,21.344175321166013,5.471587104737279,41.106890650406505,2.15319337837604,0.5519719054895968,4.146849593495935,63.168757574958995,26.238324414442516,110.45529889349649,314.3884706340363,102.58580996116211,623.1594712551492,CIP
WSM,cip+cro,0.7,0.125,0,605.7905007070424,603.546673054107,609.1030591049939,606.1272934326231,603.9738478782344,609.3199889032035,922.2550912051104,709.4980292291017,1248.318285696306,956.3217979427073,747.2416556507811,1261.9554560853358,167.1,167.1,167.1,435.39,435.39,435.39,0.16685002826570244,0.06308787541535672,0.29097099730810355,0.6388671028602793,0.5257737691001697,0.7308415841584159,4.758305469820232,2.843534575613962,6.937965178096758,0.357219831413036,0,1.3682753557917469,1.4143827867195806,0,5.417574671230408,0.032814978119359385,0,0.25567166666666685,55.16060288707413,21.07903690860125,103.6399832435782,310.177825808109,98.66985050837873,634.8545836316567,167.1,167.1,167.1,435.39,435.39,435.39,0,0,0,1.064789377602233,0.8846147696734439,1.11,0,0,0,5.420490269110483,1.7968421052631598,10.038382483749567,21.46198911153475,7.114449760765561,39.74615668833387,2.165078394755745,0.7177033492822972,4.00957919945262,63.1946198545514,27.76033901384877,111.00298114257421,314.1900277894184,99.33783092245115,632.7172435840309,CIP+CRO
WSM,cip+cro+nda,0.7,0.125,0,605.7778633616556,603.7088469561774,609.1294369750724,606.129691546129,603.9818376160434,609.6066715745205,919.2332391463976,723.0032205874448,1235.9727398179034,955.2907360321059,748.2382682261352,1273.040510706485,167.1,167.1,167.1,435.39,435.39,435.39,0.16824512260997962,0.06387280309740458,0.2980807614789963,0.6371281392528588,0.5103699866310161,0.7261902686915889,4.702970569470395,2.6822787793095313,6.86822951929587,0.3378245415714513,0,1.2905154639175236,1.3375887185211222,0,5.109690721649484,0.12724683166682982,0,0.5322282859927605,55.50549645632987,19.035373354935416,107.50067639366785,307.18453537732216,110.39299126871484,621.5220814749359,167.1,167.1,167.1,435.39,435.39,435.39,0,0,0,1.0641968238413417,0.8775553736735154,1.11,0,0,0,5.455998416438573,1.7460967463196042,10.23105769230769,21.602580724745277,6.913527650949429,40.50903846153846,2.1792612304036476,0.6974343930019212,4.086538461538462,63.45085391732314,26.54673615115678,115.59285685533871,312.9237091477926,106.24135069959397,629.9297405878381,CIP+CRO+NDA
WSM,cip,0.7,0.15,0,606.0714785794258,603.9270563155115,609.3151983935672,606.1898426486589,604.088674712562,609.6531959037424,950.1299451195432,745.2174873236208,1263.8954483885257,962.7923317169477,758.499084016505,1294.7124160229523,167.1,167.1,167.1,435.39,435.39,435.39,0.16688004243090362,0.06444580904371937,0.29324121035716927,0.7459368884557096,0.6154348164391316,0.828274111675127,0,0,0,4.944903762628179,1.2708629441624373,9.630263948497854,19.578943129166245,5.03187817258884,38.13024463519312,1.8691148515576546,0.4980646582359139,3.5932342897145046,62.782025129180724,27.55529556661928,109.79771543291018,311.61827262214376,102.49033506653001,631.048007902154,167.1,167.1,167.1,435.39,435.39,435.39,0,0,0,1.067271762908351,0.8965286697247707,1.11,0,0,0,6.635515599880806,1.9554333923969047,12.198246739130433,26.272782808155636,7.7423790270618635,48.29796304347825,2.650389678814829,0.7810486469072165,4.872282608695652,65.77590728474942,30.59258719622872,112.85714433459604,312.0664686082105,107.17815730853498,658.6135776932613,CIP
WSM,cip+cro,0.7,0.15,0,605.8604157386211,603.7229437079765,609.1110559796716,606.1991877901339,604.0977316420893,609.5235313307819,929.0062309254034,722.9000543353399,1254.1477998655664,962.6898049982818,760.7763578034668,1260.0633247052933,167.1,167.1,167.1,435.39,435.39,435.39,0.17038120630786321,0.06469275255729254,0.2974386806761426,0.6195397572476762,0.513093069666183,0.7053729335392838,5.571688465455258,3.4825870646766166,7.8481045507390865,0.3610329441209993,0,1.3994584517158803,1.4294804954795657,0,5.54104159616919,0.0483610801073419,0,0.26622746072860987,56.43549591625481,20.7215112739258,103.04751328553422,315.87632768694834,108.81337834249962,640.8111552120486,167.1,167.1,167.1,435.39,435.39,435.39,0,0,0,1.0654866935839962,0.9015065107040389,1.11,0,0,0,6.598877991722266,2.4189371980676326,12.197772093023259,26.12771918690864,9.577584541062805,48.296083720930234,2.6357557084687113,0.9661835748792273,4.872093023255814,66.1977071031405,29.75319845607907,113.2034140074276,312.3602619939531,105.02995327774165,625.1715487582513,CIP+CRO
WSM,cip+cro+nda,0.7,0.15,0,605.8410079468911,603.6897854804976,609.2586051828082,606.1819604574389,604.0727381011689,609.2451785491922,927.641989700677,722.9305414215415,1253.1893858046365,960.6639631361587,757.2580298273938,1244.5320120019505,167.1,167.1,167.1,435.39,435.39,435.39,0.16894911225025822,0.06359768327075194,0.29700520410937475,0.6204648240896735,0.499199043062201,0.7115492424242424,5.389281349361061,3.201970443349756,7.733383411904884,0.3580562174638269,0,1.3606521739130442,1.4176943890699083,0,5.387391304347823,0.14961897991539813,0,0.6727214883044478,55.716911807784555,19.928139523374973,101.85054793722894,314.6550117141164,110.15136884370006,639.2899019758138,167.1,167.1,167.1,435.39,435.39,435.39,0,0,0,1.06327504576725,0.8795143008474579,1.11,0,0,0,6.542344723173995,2.4064520142180092,11.957421888504758,25.9038803210893,9.528150473933646,47.344436689714776,2.6131749173885583,0.9611966824644556,4.776091184096803,65.08175974321158,26.54204126249603,112.17387754426844,310.9805048963486,102.38630871616101,606.3341795691931,CIP+CRO+NDA
